TransactionID,Date,SendingInstitution,ReceivingInstitution,AssetType,Network,Region,Amount_USD,SettlementStatus,SettlementTime_Seconds,TraditionalRail_Benchmark_Hours,Fee_BPS,Fee_USD
TXN100000,2026-04-13,JPMorgan,Barclays,Tokenised Bond,Public Blockchain,MEA,673141.12,Settled,97.7,55.6,3.72,250.41
TXN100001,2026-06-29,BNY Mellon,JPMorgan,Tokenised Deposit,Hybrid Network,UK,207600.84,Settled,29.6,26.2,3.48,72.25
TXN100002,2026-04-03,UBS,JPMorgan,Tokenised Real Estate Fund,Permissioned Ledger,APAC,13572.54,Settled,7.4,27.4,0.85,1.15
TXN100003,2026-01-15,JPMorgan,Citi,Tokenised Deposit,Public Blockchain,US,5289.62,Settled,41.9,48.7,1.19,0.63
TXN100004,2026-04-17,JPMorgan,BNY Mellon,Regulated Stablecoin,Permissioned Ledger,US,88868.62,Settled,3.9,44.6,2.85,25.33
TXN100005,2026-03-13,Standard Chartered,Barclays,Regulated Stablecoin,Hybrid Network,US,528718.59,Pending,,16.9,3.99,210.96
TXN100006,2026-07-08,Barclays,Deutsche Bank,Tokenised Equity,Permissioned Ledger,UK,73371.55,Settled,9.0,30.2,4.12,30.23
TXN100007,2026-01-21,UBS,JPMorgan,Tokenised Real Estate Fund,Public Blockchain,APAC,71997.43,Settled,67.1,22.8,1.04,7.49
TXN100008,2026-04-13,Barclays,BNY Mellon,Tokenised Equity,Public Blockchain,APAC,189516.1,Settled,46.1,35.2,2.22,42.07
TXN100009,2026-05-02,UBS,Citi,Tokenised Equity,Permissioned Ledger,UK,82360.5,Settled,1.0,46.6,1.89,15.57
TXN100010,2026-03-16,Standard Chartered,JPMorgan,Tokenised Equity,Permissioned Ledger,US,149212.77,Pending,,34.7,1.54,22.98
TXN100011,2026-03-29,Deutsche Bank,BNY Mellon,Regulated Stablecoin,Hybrid Network,EU,27303.88,Settled,16.6,43.3,1.85,5.05
TXN100012,2026-04-27,BNY Mellon,Standard Chartered,Tokenised Deposit,Hybrid Network,APAC,23041.01,Settled,16.9,38.4,2.59,5.97
TXN100013,2026-04-10,Barclays,Standard Chartered,Tokenised Deposit,Hybrid Network,EU,266526.39,Settled,27.4,53.2,2.95,78.63
TXN100014,2026-04-14,HSBC,Citi,Tokenised Deposit,Hybrid Network,EU,33426.55,Settled,45.1,57.2,2.68,8.96
TXN100015,2026-06-01,Standard Chartered,HSBC,Tokenised Deposit,Public Blockchain,APAC,15604.51,Settled,17.3,35.6,3.99,6.23
TXN100016,2026-05-11,BNY Mellon,JPMorgan,Tokenised Bond,Public Blockchain,APAC,91126.42,Settled,55.0,32.5,4.44,40.46
TXN100017,2026-05-30,UBS,Standard Chartered,Tokenised Equity,Permissioned Ledger,UK,7846.73,Settled,4.2,24.9,2.06,1.62
TXN100018,2026-02-22,Citi,Barclays,Tokenised Equity,Permissioned Ledger,UK,50753.16,Settled,5.4,29.7,0.88,4.47
TXN100019,2026-01-02,JPMorgan,UBS,Tokenised Bond,Public Blockchain,MEA,30760.03,Settled,51.1,51.4,4.16,12.8
TXN100020,2026-03-29,JPMorgan,HSBC,Tokenised Bond,Permissioned Ledger,APAC,98135.29,Settled,4.6,45.5,1.18,11.58
TXN100021,2026-06-07,Citi,BNY Mellon,Tokenised Bond,Public Blockchain,MEA,42045.78,Settled,49.0,47.3,3.69,15.51
TXN100022,2026-02-07,BNY Mellon,Standard Chartered,Tokenised Real Estate Fund,Hybrid Network,UK,117910.82,Settled,25.1,39.2,3.17,37.38
TXN100023,2026-05-10,Barclays,Citi,Regulated Stablecoin,Permissioned Ledger,EU,56470.02,Settled,11.6,67.1,3.38,19.09
TXN100024,2026-07-11,Deutsche Bank,BNY Mellon,Tokenised Equity,Permissioned Ledger,MEA,11656.85,Pending,,39.3,1.76,2.05
TXN100025,2026-07-07,JPMorgan,UBS,Tokenised Deposit,Hybrid Network,APAC,155093.39,Settled,30.5,25.9,3.8,58.94
TXN100026,2026-01-21,JPMorgan,BNY Mellon,Tokenised Deposit,Permissioned Ledger,APAC,21606.58,Settled,9.8,22.3,2.81,6.07
TXN100027,2026-06-10,BNY Mellon,Standard Chartered,Regulated Stablecoin,Hybrid Network,US,821873.8,Settled,28.7,26.5,1.8,147.94
TXN100028,2026-02-27,Citi,BNY Mellon,Regulated Stablecoin,Permissioned Ledger,UK,44733.07,Settled,6.2,32.0,1.94,8.68
TXN100029,2026-01-22,UBS,Citi,Tokenised Deposit,Public Blockchain,MEA,105087.35,Settled,74.5,44.0,3.16,33.21
TXN100030,2026-03-30,JPMorgan,Barclays,Tokenised Deposit,Hybrid Network,US,36565.89,Settled,13.6,20.2,2.03,7.42
TXN100031,2026-02-18,UBS,Standard Chartered,Tokenised Deposit,Permissioned Ledger,US,28196.92,Settled,7.3,41.1,3.93,11.08
TXN100032,2026-02-28,BNY Mellon,Barclays,Tokenised Deposit,Hybrid Network,EU,220615.61,Settled,45.6,42.8,3.04,67.07
TXN100033,2026-06-19,UBS,Standard Chartered,Tokenised Bond,Permissioned Ledger,MEA,1093421.77,Settled,7.3,31.8,0.55,60.14
TXN100034,2026-07-07,JPMorgan,UBS,Tokenised Bond,Permissioned Ledger,US,157790.81,Settled,5.3,28.1,4.01,63.27
TXN100035,2026-01-15,BNY Mellon,UBS,Tokenised Equity,Permissioned Ledger,UK,72647.64,Failed,,63.0,3.85,27.97
TXN100036,2026-07-09,Citi,JPMorgan,Tokenised Deposit,Permissioned Ledger,US,65582.74,Failed,,24.9,0.88,5.77
TXN100037,2026-07-09,Citi,HSBC,Tokenised Real Estate Fund,Public Blockchain,UK,81624.09,Settled,49.6,38.9,4.14,33.79
TXN100038,2026-06-24,UBS,Citi,Tokenised Bond,Permissioned Ledger,US,924273.33,Settled,4.7,50.7,3.31,305.93
TXN100039,2026-07-09,BNY Mellon,Citi,Tokenised Deposit,Public Blockchain,APAC,582133.86,Settled,42.1,24.8,2.39,139.13
TXN100040,2026-02-20,JPMorgan,BNY Mellon,Tokenised Real Estate Fund,Permissioned Ledger,UK,68736.28,Settled,6.6,33.7,2.38,16.36
TXN100041,2026-04-18,HSBC,BNY Mellon,Tokenised Bond,Permissioned Ledger,US,88970.52,Settled,3.5,45.1,1.33,11.83
TXN100042,2026-02-24,UBS,JPMorgan,Tokenised Bond,Permissioned Ledger,UK,245198.52,Settled,6.3,41.8,1.67,40.95
TXN100043,2026-03-05,Deutsche Bank,UBS,Tokenised Real Estate Fund,Permissioned Ledger,MEA,2084683.08,Settled,8.4,52.0,4.02,838.04
TXN100044,2026-05-11,BNY Mellon,Citi,Regulated Stablecoin,Permissioned Ledger,US,160417.98,Settled,7.7,31.6,3.42,54.86
TXN100045,2026-02-20,UBS,Citi,Tokenised Equity,Public Blockchain,MEA,13897.01,Settled,78.4,29.5,4.32,6.0
TXN100046,2026-05-15,Citi,Standard Chartered,Tokenised Equity,Permissioned Ledger,US,171770.53,Settled,9.6,45.8,3.7,63.56
TXN100047,2026-01-21,Barclays,JPMorgan,Regulated Stablecoin,Permissioned Ledger,APAC,12500.14,Settled,7.4,46.3,1.78,2.23
TXN100048,2026-03-14,Barclays,Standard Chartered,Regulated Stablecoin,Permissioned Ledger,MEA,276240.64,Settled,2.8,38.5,3.99,110.22
TXN100049,2026-06-16,Citi,UBS,Regulated Stablecoin,Permissioned Ledger,EU,160591.67,Settled,9.7,47.0,2.63,42.24
TXN100050,2026-01-18,BNY Mellon,Barclays,Tokenised Bond,Permissioned Ledger,EU,28532.82,Settled,9.9,52.0,0.77,2.2
TXN100051,2026-05-12,UBS,BNY Mellon,Tokenised Bond,Hybrid Network,APAC,49857.06,Settled,15.6,22.9,3.66,18.25
TXN100052,2026-03-30,Citi,JPMorgan,Tokenised Bond,Public Blockchain,US,418657.89,Settled,69.1,35.1,2.6,108.85
TXN100053,2026-03-01,Deutsche Bank,UBS,Tokenised Bond,Permissioned Ledger,APAC,38204.46,Settled,8.7,10.6,2.02,7.72
TXN100054,2026-01-14,Deutsche Bank,JPMorgan,Tokenised Deposit,Permissioned Ledger,US,253569.46,Settled,4.4,16.5,1.37,34.74
TXN100055,2026-01-09,BNY Mellon,JPMorgan,Tokenised Real Estate Fund,Permissioned Ledger,APAC,313086.15,Settled,8.1,41.0,1.04,32.56
TXN100056,2026-03-31,UBS,Citi,Tokenised Deposit,Permissioned Ledger,US,42768.84,Settled,12.8,42.7,0.96,4.11
TXN100057,2026-02-22,BNY Mellon,Citi,Tokenised Real Estate Fund,Permissioned Ledger,APAC,40777.09,Failed,,37.1,2.93,11.95
TXN100058,2026-05-10,Standard Chartered,BNY Mellon,Tokenised Deposit,Permissioned Ledger,APAC,1835452.8,Failed,,29.8,3.85,706.65
TXN100059,2026-03-25,Standard Chartered,HSBC,Tokenised Bond,Hybrid Network,MEA,24848.27,Settled,23.3,30.3,1.58,3.93
TXN100060,2026-04-02,UBS,JPMorgan,Tokenised Real Estate Fund,Public Blockchain,US,91283.01,Settled,52.8,43.6,3.44,31.4
TXN100061,2026-04-21,Deutsche Bank,Barclays,Tokenised Deposit,Permissioned Ledger,EU,25583.32,Settled,5.9,41.5,3.91,10.0
TXN100062,2026-07-07,Barclays,Standard Chartered,Regulated Stablecoin,Hybrid Network,US,84596.84,Settled,42.7,31.7,3.68,31.13
TXN100063,2026-07-18,JPMorgan,Deutsche Bank,Tokenised Deposit,Hybrid Network,APAC,86176.93,Pending,,43.8,0.87,7.5
TXN100064,2026-06-21,HSBC,Standard Chartered,Tokenised Equity,Permissioned Ledger,EU,1934896.24,Settled,10.9,61.0,4.17,806.85
TXN100065,2026-01-08,Standard Chartered,BNY Mellon,Tokenised Bond,Public Blockchain,MEA,13299.53,Failed,,32.0,3.56,4.73
TXN100066,2026-06-24,JPMorgan,UBS,Regulated Stablecoin,Hybrid Network,UK,15832.24,Settled,17.1,22.8,0.62,0.98
TXN100067,2026-02-04,Standard Chartered,BNY Mellon,Tokenised Real Estate Fund,Permissioned Ledger,EU,19833.04,Settled,11.4,47.4,3.27,6.49
TXN100068,2026-03-22,Deutsche Bank,BNY Mellon,Tokenised Deposit,Permissioned Ledger,APAC,18719.95,Settled,5.9,29.6,0.56,1.05
TXN100069,2026-06-13,BNY Mellon,Deutsche Bank,Regulated Stablecoin,Hybrid Network,UK,182335.24,Settled,29.7,41.8,4.04,73.66
TXN100070,2026-02-19,Barclays,Citi,Regulated Stablecoin,Permissioned Ledger,UK,209067.13,Settled,4.6,61.3,2.81,58.75
TXN100071,2026-04-14,JPMorgan,Citi,Regulated Stablecoin,Permissioned Ledger,US,166039.4,Settled,6.6,33.4,2.5,41.51
TXN100072,2026-05-12,BNY Mellon,Standard Chartered,Tokenised Equity,Public Blockchain,APAC,214423.51,Settled,84.7,41.1,2.11,45.24
TXN100073,2026-01-02,Citi,Barclays,Tokenised Deposit,Permissioned Ledger,US,38531.88,Settled,11.5,39.4,2.7,10.4
TXN100074,2026-05-14,BNY Mellon,UBS,Tokenised Deposit,Permissioned Ledger,US,19710.86,Settled,9.0,36.1,2.3,4.53
TXN100075,2026-02-23,HSBC,UBS,Regulated Stablecoin,Public Blockchain,APAC,220758.01,Settled,9.5,57.6,1.44,31.79
TXN100076,2026-04-16,Barclays,Citi,Tokenised Deposit,Permissioned Ledger,APAC,22915.21,Settled,10.7,14.0,1.04,2.38
TXN100077,2026-01-04,BNY Mellon,Deutsche Bank,Regulated Stablecoin,Permissioned Ledger,APAC,57727.62,Settled,10.1,47.2,2.87,16.57
TXN100078,2026-02-23,HSBC,BNY Mellon,Tokenised Equity,Public Blockchain,UK,76143.2,Settled,38.9,38.5,4.13,31.45
TXN100079,2026-07-10,JPMorgan,Standard Chartered,Tokenised Real Estate Fund,Permissioned Ledger,APAC,237499.96,Settled,10.2,37.3,3.88,92.15
TXN100080,2026-05-26,BNY Mellon,Standard Chartered,Regulated Stablecoin,Permissioned Ledger,MEA,76799.93,Settled,8.2,23.3,0.92,7.07
TXN100081,2026-02-13,UBS,JPMorgan,Tokenised Equity,Public Blockchain,EU,237050.84,Settled,11.5,35.6,3.96,93.87
TXN100082,2026-06-11,Citi,Standard Chartered,Tokenised Bond,Permissioned Ledger,US,298241.36,Settled,7.0,31.2,3.13,93.35
TXN100083,2026-07-09,HSBC,BNY Mellon,Tokenised Bond,Hybrid Network,UK,112115.1,Settled,31.7,34.0,1.0,11.21
TXN100084,2026-01-14,Barclays,BNY Mellon,Regulated Stablecoin,Hybrid Network,APAC,18567.96,Settled,31.4,32.1,1.97,3.66
TXN100085,2026-04-05,Citi,UBS,Tokenised Deposit,Permissioned Ledger,EU,131156.12,Settled,8.9,28.4,1.47,19.28
TXN100086,2026-02-17,Barclays,Deutsche Bank,Tokenised Real Estate Fund,Hybrid Network,UK,45096.2,Settled,1.0,45.3,2.88,12.99
TXN100087,2026-01-15,Citi,Standard Chartered,Tokenised Deposit,Permissioned Ledger,APAC,2610.1,Settled,12.2,29.4,2.32,0.61
TXN100088,2026-07-19,BNY Mellon,JPMorgan,Tokenised Deposit,Permissioned Ledger,APAC,143590.33,Pending,,31.8,0.57,8.18
TXN100089,2026-07-09,Barclays,JPMorgan,Tokenised Deposit,Public Blockchain,EU,28404.92,Settled,79.1,59.0,2.77,7.87
TXN100090,2026-02-09,JPMorgan,Barclays,Regulated Stablecoin,Public Blockchain,APAC,143098.13,Settled,73.5,8.7,1.71,24.47
TXN100091,2026-03-23,Deutsche Bank,Standard Chartered,Tokenised Deposit,Permissioned Ledger,EU,17726.66,Settled,5.9,35.5,3.19,5.65
TXN100092,2026-04-21,JPMorgan,Standard Chartered,Regulated Stablecoin,Hybrid Network,MEA,321107.33,Settled,38.5,53.6,1.32,42.39
TXN100093,2026-02-22,HSBC,JPMorgan,Regulated Stablecoin,Public Blockchain,UK,91405.53,Settled,67.9,53.0,1.09,9.96
TXN100094,2026-01-24,Deutsche Bank,BNY Mellon,Tokenised Equity,Public Blockchain,APAC,301383.39,Settled,42.0,27.5,3.26,98.25
TXN100095,2026-06-03,HSBC,Deutsche Bank,Regulated Stablecoin,Hybrid Network,APAC,64926.45,Settled,14.1,34.1,4.33,28.11
TXN100096,2026-07-07,Standard Chartered,JPMorgan,Tokenised Bond,Permissioned Ledger,MEA,68871.9,Pending,,20.3,2.33,16.05
TXN100097,2026-05-04,UBS,Citi,Regulated Stablecoin,Hybrid Network,APAC,76815.3,Settled,16.6,40.8,4.48,34.41
TXN100098,2026-02-10,BNY Mellon,UBS,Tokenised Bond,Permissioned Ledger,APAC,63726.12,Pending,,30.9,2.87,18.29
TXN100099,2026-06-06,Citi,UBS,Tokenised Deposit,Public Blockchain,EU,7313.14,Settled,70.7,45.1,1.92,1.4
TXN100100,2026-01-15,Deutsche Bank,Barclays,Regulated Stablecoin,Permissioned Ledger,EU,234445.77,Pending,,27.3,1.43,33.53
TXN100101,2026-02-14,UBS,JPMorgan,Tokenised Bond,Public Blockchain,APAC,233815.32,Settled,59.9,54.7,0.55,12.86
TXN100102,2026-03-06,JPMorgan,HSBC,Tokenised Deposit,Permissioned Ledger,APAC,11783.67,Settled,9.8,46.6,3.42,4.03
TXN100103,2026-03-30,Barclays,BNY Mellon,Tokenised Deposit,Permissioned Ledger,UK,33265.72,Settled,18.5,18.4,2.43,8.08
TXN100104,2026-03-12,UBS,BNY Mellon,Regulated Stablecoin,Permissioned Ledger,US,6528.25,Settled,6.7,50.9,2.16,1.41
TXN100105,2026-01-09,UBS,Barclays,Tokenised Equity,Hybrid Network,EU,4959.12,Settled,25.1,24.6,1.38,0.68
TXN100106,2026-03-29,JPMorgan,Citi,Tokenised Deposit,Permissioned Ledger,UK,14601.9,Settled,10.1,56.2,2.75,4.02
TXN100107,2026-05-09,Barclays,JPMorgan,Tokenised Bond,Permissioned Ledger,US,30174.19,Settled,10.3,32.5,4.29,12.94
TXN100108,2026-05-16,JPMorgan,Barclays,Tokenised Equity,Permissioned Ledger,APAC,69304.87,Settled,10.9,28.1,1.68,11.64
TXN100109,2026-03-04,Citi,Barclays,Regulated Stablecoin,Permissioned Ledger,UK,21364.75,Settled,10.0,31.6,2.34,5.0
TXN100110,2026-05-19,UBS,HSBC,Tokenised Deposit,Hybrid Network,MEA,25620.67,Settled,37.1,36.8,2.35,6.02
TXN100111,2026-03-22,Deutsche Bank,JPMorgan,Tokenised Deposit,Permissioned Ledger,MEA,328897.07,Settled,9.0,30.2,0.5,16.44
TXN100112,2026-05-16,HSBC,Citi,Tokenised Bond,Public Blockchain,MEA,28092.42,Settled,48.2,35.7,4.03,11.32
TXN100113,2026-06-12,Deutsche Bank,JPMorgan,Tokenised Deposit,Permissioned Ledger,APAC,44973.97,Settled,11.7,45.8,3.89,17.49
TXN100114,2026-06-12,Deutsche Bank,Standard Chartered,Tokenised Bond,Permissioned Ledger,MEA,32737.43,Settled,9.4,45.4,3.73,12.21
TXN100115,2026-02-02,Standard Chartered,JPMorgan,Tokenised Real Estate Fund,Public Blockchain,MEA,43174.25,Settled,52.9,23.5,2.16,9.33
TXN100116,2026-05-03,JPMorgan,Barclays,Tokenised Equity,Permissioned Ledger,EU,125369.96,Settled,8.3,16.9,3.36,42.12
TXN100117,2026-01-05,Standard Chartered,HSBC,Tokenised Equity,Permissioned Ledger,UK,167848.21,Settled,4.4,33.8,1.22,20.48
TXN100118,2026-02-10,Standard Chartered,UBS,Tokenised Deposit,Hybrid Network,EU,34564.29,Settled,31.8,29.6,1.88,6.5
TXN100119,2026-01-28,Deutsche Bank,Standard Chartered,Tokenised Deposit,Hybrid Network,US,120816.91,Settled,32.4,49.7,2.24,27.06
TXN100120,2026-05-15,Barclays,Citi,Tokenised Bond,Permissioned Ledger,EU,147886.31,Settled,10.5,32.5,3.86,57.08
TXN100121,2026-03-13,JPMorgan,Barclays,Tokenised Deposit,Public Blockchain,EU,54552.62,Settled,75.5,24.0,3.77,20.57
TXN100122,2026-01-12,Standard Chartered,Citi,Tokenised Bond,Hybrid Network,US,47335.29,Settled,5.5,41.0,3.74,17.7
TXN100123,2026-06-11,Citi,Standard Chartered,Regulated Stablecoin,Public Blockchain,EU,40382.74,Settled,81.2,43.4,1.5,6.06
TXN100124,2026-02-02,JPMorgan,Deutsche Bank,Regulated Stablecoin,Public Blockchain,US,25295.45,Settled,50.1,21.3,2.15,5.44
TXN100125,2026-02-17,UBS,JPMorgan,Tokenised Real Estate Fund,Permissioned Ledger,APAC,34028.76,Settled,6.4,15.5,3.24,11.03
TXN100126,2026-05-31,Deutsche Bank,JPMorgan,Tokenised Deposit,Permissioned Ledger,APAC,148925.79,Failed,,39.2,3.64,54.21
TXN100127,2026-03-03,Standard Chartered,JPMorgan,Regulated Stablecoin,Hybrid Network,EU,37478.13,Pending,,35.5,0.91,3.41
TXN100128,2026-02-06,BNY Mellon,UBS,Tokenised Bond,Hybrid Network,UK,25962.68,Settled,42.0,22.7,1.56,4.05
TXN100129,2026-04-09,UBS,Standard Chartered,Tokenised Deposit,Permissioned Ledger,EU,6907.64,Settled,8.6,36.8,2.91,2.01
TXN100130,2026-06-21,JPMorgan,UBS,Tokenised Deposit,Permissioned Ledger,APAC,77383.24,Settled,5.6,54.0,1.57,12.15
TXN100131,2026-04-14,JPMorgan,Barclays,Tokenised Deposit,Hybrid Network,US,303180.58,Settled,33.2,54.5,1.75,53.06
TXN100132,2026-02-04,Barclays,Deutsche Bank,Tokenised Deposit,Public Blockchain,MEA,50309.26,Settled,39.9,20.4,4.26,21.43
TXN100133,2026-07-12,UBS,JPMorgan,Tokenised Deposit,Public Blockchain,APAC,115752.04,Settled,42.7,56.3,0.56,6.48
TXN100134,2026-04-11,Standard Chartered,UBS,Regulated Stablecoin,Permissioned Ledger,APAC,153139.46,Pending,,53.1,1.36,20.83
TXN100135,2026-06-24,Deutsche Bank,JPMorgan,Regulated Stablecoin,Permissioned Ledger,US,148287.82,Settled,8.7,31.6,4.16,61.69
TXN100136,2026-05-11,Standard Chartered,Barclays,Tokenised Bond,Permissioned Ledger,MEA,84373.38,Settled,3.4,50.6,1.32,11.14
TXN100137,2026-01-01,HSBC,UBS,Regulated Stablecoin,Hybrid Network,APAC,230282.57,Settled,17.2,27.7,1.58,36.38
TXN100138,2026-01-05,Barclays,UBS,Tokenised Deposit,Permissioned Ledger,MEA,108926.52,Settled,4.0,15.4,1.83,19.93
TXN100139,2026-05-22,BNY Mellon,Standard Chartered,Tokenised Equity,Permissioned Ledger,APAC,314106.02,Pending,,38.5,2.97,93.29
TXN100140,2026-04-13,Deutsche Bank,HSBC,Regulated Stablecoin,Public Blockchain,US,10008.05,Settled,53.2,28.8,3.96,3.96
TXN100141,2026-01-27,Standard Chartered,Citi,Tokenised Real Estate Fund,Hybrid Network,EU,241964.89,Settled,46.4,27.0,1.49,36.05
TXN100142,2026-05-17,Deutsche Bank,JPMorgan,Regulated Stablecoin,Permissioned Ledger,APAC,98491.05,Settled,6.6,36.0,3.64,35.85
TXN100143,2026-01-15,UBS,HSBC,Regulated Stablecoin,Permissioned Ledger,MEA,1785.79,Settled,10.9,23.9,0.55,0.1
TXN100144,2026-03-31,UBS,Barclays,Tokenised Bond,Hybrid Network,MEA,167289.89,Settled,28.4,42.8,0.94,15.73
TXN100145,2026-02-11,Barclays,Citi,Tokenised Deposit,Permissioned Ledger,APAC,210794.72,Settled,3.1,40.2,3.47,73.15
TXN100146,2026-05-04,Citi,Barclays,Tokenised Deposit,Hybrid Network,MEA,13504.8,Settled,11.4,44.5,4.01,5.42
TXN100147,2026-06-28,Barclays,BNY Mellon,Tokenised Deposit,Permissioned Ledger,US,60581.79,Settled,8.9,10.1,3.68,22.29
TXN100148,2026-03-04,Deutsche Bank,BNY Mellon,Tokenised Equity,Permissioned Ledger,US,2927.43,Settled,4.8,26.8,2.46,0.72
TXN100149,2026-04-06,HSBC,Barclays,Tokenised Bond,Public Blockchain,MEA,408802.09,Settled,62.2,56.9,1.15,47.01
TXN100150,2026-02-21,JPMorgan,Standard Chartered,Tokenised Deposit,Permissioned Ledger,US,256413.36,Settled,13.5,32.9,1.74,44.62
TXN100151,2026-04-06,HSBC,Barclays,Tokenised Deposit,Permissioned Ledger,US,38607.94,Settled,9.3,54.7,4.44,17.14
TXN100152,2026-05-12,JPMorgan,Citi,Tokenised Bond,Public Blockchain,UK,245660.24,Settled,81.1,36.0,2.15,52.82
TXN100153,2026-05-31,UBS,Deutsche Bank,Tokenised Equity,Public Blockchain,MEA,11088.69,Settled,75.2,35.9,2.26,2.51
TXN100154,2026-05-23,JPMorgan,BNY Mellon,Tokenised Real Estate Fund,Public Blockchain,MEA,50427.25,Settled,63.5,3.8,0.57,2.87
TXN100155,2026-06-20,UBS,BNY Mellon,Tokenised Equity,Permissioned Ledger,MEA,83905.43,Settled,7.2,40.4,3.36,28.19
TXN100156,2026-01-29,Barclays,BNY Mellon,Tokenised Equity,Public Blockchain,UK,97123.35,Settled,67.8,35.4,1.83,17.77
TXN100157,2026-02-05,JPMorgan,UBS,Tokenised Equity,Permissioned Ledger,US,293795.59,Settled,6.8,5.6,0.55,16.16
TXN100158,2026-01-13,Citi,HSBC,Tokenised Bond,Public Blockchain,EU,41839.12,Settled,78.8,42.0,0.77,3.22
TXN100159,2026-06-09,UBS,Citi,Regulated Stablecoin,Permissioned Ledger,EU,63420.88,Settled,5.7,34.9,3.42,21.69
TXN100160,2026-03-12,Citi,JPMorgan,Regulated Stablecoin,Public Blockchain,APAC,192179.68,Settled,85.5,43.8,2.44,46.89
TXN100161,2026-07-06,BNY Mellon,UBS,Tokenised Deposit,Hybrid Network,MEA,13643.37,Settled,26.0,29.1,2.2,3.0
TXN100162,2026-03-27,HSBC,Citi,Tokenised Bond,Public Blockchain,EU,21135.83,Settled,90.1,21.2,2.06,4.35
TXN100163,2026-01-28,BNY Mellon,UBS,Tokenised Deposit,Permissioned Ledger,US,327659.24,Settled,9.6,40.9,2.67,87.49
TXN100164,2026-03-07,Citi,Standard Chartered,Tokenised Equity,Permissioned Ledger,MEA,19892.06,Settled,6.0,22.9,1.36,2.71
TXN100165,2026-06-19,JPMorgan,Barclays,Tokenised Bond,Hybrid Network,APAC,21586.2,Settled,45.8,53.1,1.03,2.22
TXN100166,2026-02-14,Deutsche Bank,BNY Mellon,Tokenised Bond,Permissioned Ledger,UK,14479.45,Settled,10.7,38.1,1.8,2.61
TXN100167,2026-03-03,JPMorgan,Barclays,Tokenised Deposit,Permissioned Ledger,EU,122912.33,Settled,11.1,42.0,0.75,9.22
TXN100168,2026-07-04,UBS,BNY Mellon,Tokenised Equity,Hybrid Network,APAC,26006.55,Settled,29.6,33.7,1.56,4.06
TXN100169,2026-05-14,BNY Mellon,JPMorgan,Tokenised Bond,Hybrid Network,MEA,8661.09,Settled,28.7,41.6,2.22,1.92
TXN100170,2026-01-28,Citi,Barclays,Tokenised Deposit,Public Blockchain,MEA,25076.38,Settled,65.5,44.9,3.33,8.35
TXN100171,2026-01-28,UBS,HSBC,Tokenised Real Estate Fund,Hybrid Network,APAC,128918.16,Settled,32.6,43.3,3.93,50.66
TXN100172,2026-04-18,BNY Mellon,JPMorgan,Tokenised Real Estate Fund,Permissioned Ledger,MEA,40753.87,Settled,11.3,23.6,1.03,4.2
TXN100173,2026-02-13,Deutsche Bank,Standard Chartered,Tokenised Bond,Permissioned Ledger,US,254579.55,Settled,8.7,48.5,2.82,71.79
TXN100174,2026-03-25,BNY Mellon,Deutsche Bank,Tokenised Real Estate Fund,Public Blockchain,US,81135.13,Settled,38.6,48.7,2.02,16.39
TXN100175,2026-01-30,Barclays,Citi,Tokenised Bond,Public Blockchain,US,77541.88,Settled,54.0,2.0,3.94,30.55
TXN100176,2026-07-09,BNY Mellon,Citi,Tokenised Bond,Hybrid Network,US,33897.93,Pending,,38.4,0.72,2.44
TXN100177,2026-03-16,JPMorgan,Deutsche Bank,Regulated Stablecoin,Hybrid Network,EU,139819.18,Settled,32.5,43.2,2.16,30.2
TXN100178,2026-05-08,BNY Mellon,Barclays,Tokenised Deposit,Permissioned Ledger,EU,38728.11,Settled,9.0,54.6,3.85,14.91
TXN100179,2026-04-02,JPMorgan,Citi,Tokenised Equity,Hybrid Network,US,181710.27,Settled,36.8,39.6,3.07,55.79
TXN100180,2026-07-09,HSBC,Deutsche Bank,Tokenised Deposit,Public Blockchain,APAC,20959.22,Settled,57.0,47.2,4.03,8.45
TXN100181,2026-05-09,BNY Mellon,Deutsche Bank,Regulated Stablecoin,Permissioned Ledger,MEA,84090.32,Pending,,53.9,3.7,31.11
TXN100182,2026-05-01,UBS,Citi,Tokenised Equity,Permissioned Ledger,US,83209.33,Settled,10.5,35.6,3.89,32.37
TXN100183,2026-01-27,Citi,JPMorgan,Tokenised Deposit,Permissioned Ledger,MEA,108137.97,Pending,,39.7,4.25,45.96
TXN100184,2026-07-09,BNY Mellon,Deutsche Bank,Tokenised Deposit,Permissioned Ledger,EU,52847.43,Settled,4.2,34.7,2.62,13.85
TXN100185,2026-05-01,Deutsche Bank,HSBC,Tokenised Real Estate Fund,Permissioned Ledger,APAC,21975.37,Settled,6.2,48.6,1.7,3.74
TXN100186,2026-04-26,Barclays,Deutsche Bank,Tokenised Deposit,Permissioned Ledger,APAC,33091.87,Settled,8.5,43.1,1.09,3.61
TXN100187,2026-01-03,Standard Chartered,Deutsche Bank,Tokenised Deposit,Hybrid Network,EU,29008.67,Settled,33.5,54.0,1.12,3.25
TXN100188,2026-04-13,BNY Mellon,Barclays,Tokenised Bond,Public Blockchain,US,69659.18,Settled,58.0,39.8,2.08,14.49
TXN100189,2026-07-17,Barclays,HSBC,Regulated Stablecoin,Permissioned Ledger,EU,57013.43,Settled,9.6,55.7,3.17,18.07
TXN100190,2026-07-19,HSBC,Citi,Tokenised Equity,Hybrid Network,MEA,41666.45,Failed,,35.4,3.47,14.46
TXN100191,2026-06-04,BNY Mellon,JPMorgan,Tokenised Bond,Permissioned Ledger,US,9635.92,Settled,8.6,32.9,0.99,0.95
TXN100192,2026-05-17,Deutsche Bank,BNY Mellon,Regulated Stablecoin,Permissioned Ledger,MEA,63310.84,Settled,12.0,37.1,3.98,25.2
TXN100193,2026-03-03,Standard Chartered,BNY Mellon,Tokenised Bond,Hybrid Network,UK,565648.17,Settled,18.3,31.2,3.92,221.73
TXN100194,2026-06-14,Barclays,Deutsche Bank,Tokenised Deposit,Hybrid Network,US,29355.95,Settled,33.3,22.7,2.0,5.87
TXN100195,2026-02-20,JPMorgan,Citi,Tokenised Equity,Permissioned Ledger,US,79754.13,Settled,9.6,55.5,1.85,14.75
TXN100196,2026-06-21,HSBC,BNY Mellon,Tokenised Real Estate Fund,Permissioned Ledger,MEA,20127.42,Settled,5.3,42.4,3.5,7.04
TXN100197,2026-06-01,Barclays,Standard Chartered,Tokenised Deposit,Permissioned Ledger,MEA,295869.76,Settled,10.5,35.7,0.66,19.53
TXN100198,2026-02-28,Citi,BNY Mellon,Tokenised Deposit,Permissioned Ledger,EU,157125.27,Settled,11.0,52.5,2.55,40.07
TXN100199,2026-04-28,HSBC,UBS,Regulated Stablecoin,Hybrid Network,EU,131849.85,Settled,21.1,40.6,0.62,8.17
TXN100200,2026-06-09,HSBC,Barclays,Tokenised Deposit,Permissioned Ledger,US,61553.66,Settled,10.7,28.2,0.64,3.94
TXN100201,2026-04-06,BNY Mellon,HSBC,Regulated Stablecoin,Permissioned Ledger,UK,60018.0,Settled,5.7,44.3,1.84,11.04
TXN100202,2026-06-29,Barclays,HSBC,Tokenised Bond,Public Blockchain,UK,20765.05,Settled,49.1,50.7,2.07,4.3
TXN100203,2026-04-23,UBS,Citi,Tokenised Equity,Permissioned Ledger,UK,31783.25,Settled,11.4,38.1,3.84,12.2
TXN100204,2026-03-03,UBS,Citi,Tokenised Real Estate Fund,Permissioned Ledger,MEA,20248.18,Settled,7.6,28.6,1.67,3.38
TXN100205,2026-07-05,JPMorgan,HSBC,Tokenised Deposit,Permissioned Ledger,US,7089.51,Settled,13.1,48.9,1.27,0.9
TXN100206,2026-02-21,Standard Chartered,BNY Mellon,Tokenised Deposit,Public Blockchain,MEA,18844.7,Settled,79.1,46.5,4.46,8.4
TXN100207,2026-01-12,HSBC,JPMorgan,Tokenised Deposit,Permissioned Ledger,US,406147.58,Settled,9.0,36.3,4.26,173.02
TXN100208,2026-02-08,HSBC,Standard Chartered,Tokenised Bond,Permissioned Ledger,US,91242.32,Settled,4.6,37.0,1.49,13.6
TXN100209,2026-05-10,HSBC,UBS,Tokenised Bond,Public Blockchain,EU,1226.01,Settled,44.1,29.3,1.68,0.21
TXN100210,2026-05-11,Barclays,JPMorgan,Tokenised Deposit,Hybrid Network,UK,136773.27,Settled,13.8,15.5,4.04,55.26
TXN100211,2026-04-23,Citi,Standard Chartered,Tokenised Equity,Hybrid Network,UK,7945.34,Settled,26.5,36.9,2.92,2.32
TXN100212,2026-04-11,Standard Chartered,Deutsche Bank,Tokenised Equity,Hybrid Network,MEA,5615.11,Settled,27.7,13.1,2.88,1.62
TXN100213,2026-04-23,UBS,HSBC,Tokenised Bond,Permissioned Ledger,UK,54763.31,Settled,6.8,34.4,1.37,7.5
TXN100214,2026-07-03,HSBC,Standard Chartered,Tokenised Deposit,Public Blockchain,MEA,716579.34,Settled,76.2,33.4,1.81,129.7
TXN100215,2026-03-22,JPMorgan,UBS,Tokenised Deposit,Hybrid Network,MEA,182975.57,Settled,17.7,33.0,2.84,51.97
TXN100216,2026-07-06,Barclays,Standard Chartered,Tokenised Deposit,Hybrid Network,EU,65752.17,Settled,22.9,24.6,1.19,7.82
TXN100217,2026-04-23,Deutsche Bank,JPMorgan,Regulated Stablecoin,Permissioned Ledger,MEA,66219.13,Settled,12.1,31.7,0.63,4.17
TXN100218,2026-01-02,UBS,Standard Chartered,Tokenised Equity,Permissioned Ledger,EU,70852.15,Settled,7.1,17.8,2.96,20.97
TXN100219,2026-05-10,Deutsche Bank,HSBC,Tokenised Deposit,Public Blockchain,EU,44174.83,Settled,58.1,51.9,1.9,8.39
TXN100220,2026-02-23,BNY Mellon,Standard Chartered,Tokenised Bond,Hybrid Network,UK,86476.27,Settled,22.1,44.4,2.76,23.87
TXN100221,2026-03-28,UBS,JPMorgan,Tokenised Deposit,Permissioned Ledger,MEA,43874.29,Settled,2.4,31.3,4.23,18.56
TXN100222,2026-05-09,Barclays,Citi,Tokenised Deposit,Hybrid Network,UK,137656.45,Settled,26.5,22.9,3.12,42.95
TXN100223,2026-05-27,UBS,Deutsche Bank,Regulated Stablecoin,Permissioned Ledger,UK,20553.53,Settled,7.6,27.5,0.97,1.99
TXN100224,2026-05-06,Citi,HSBC,Regulated Stablecoin,Hybrid Network,APAC,12195.51,Settled,31.8,40.9,0.69,0.84
TXN100225,2026-05-10,JPMorgan,Standard Chartered,Tokenised Deposit,Permissioned Ledger,US,74555.47,Pending,,31.7,2.63,19.61
TXN100226,2026-02-22,BNY Mellon,HSBC,Tokenised Bond,Permissioned Ledger,APAC,33869.26,Settled,6.4,58.2,0.88,2.98
TXN100227,2026-06-21,Standard Chartered,Citi,Tokenised Deposit,Hybrid Network,UK,73815.44,Settled,2.4,28.0,1.77,13.07
TXN100228,2026-06-09,Citi,Barclays,Tokenised Deposit,Permissioned Ledger,EU,31720.11,Settled,12.0,47.4,3.13,9.93
TXN100229,2026-07-17,JPMorgan,HSBC,Tokenised Deposit,Hybrid Network,MEA,50229.51,Settled,32.3,33.4,1.5,7.53
TXN100230,2026-06-09,HSBC,BNY Mellon,Tokenised Equity,Permissioned Ledger,UK,5634.29,Settled,10.3,34.9,3.41,1.92
TXN100231,2026-03-09,BNY Mellon,Barclays,Tokenised Deposit,Public Blockchain,US,103310.36,Pending,,30.3,1.56,16.12
TXN100232,2026-07-02,JPMorgan,BNY Mellon,Tokenised Real Estate Fund,Permissioned Ledger,APAC,2866.71,Settled,3.9,24.4,0.76,0.22
TXN100233,2026-07-03,Standard Chartered,HSBC,Tokenised Equity,Permissioned Ledger,APAC,26606.0,Settled,4.5,32.6,1.18,3.14
TXN100234,2026-05-03,Citi,UBS,Tokenised Bond,Public Blockchain,EU,20078.16,Settled,55.5,22.4,1.44,2.89
TXN100235,2026-05-25,JPMorgan,UBS,Tokenised Deposit,Hybrid Network,MEA,93682.11,Settled,16.0,24.4,1.61,15.08
TXN100236,2026-02-07,UBS,HSBC,Tokenised Deposit,Hybrid Network,US,5003.22,Settled,38.2,36.9,0.55,0.28
TXN100237,2026-01-24,Barclays,Citi,Tokenised Equity,Permissioned Ledger,EU,35068.51,Settled,9.0,35.1,2.68,9.4
TXN100238,2026-03-10,Standard Chartered,Barclays,Tokenised Deposit,Public Blockchain,APAC,105023.75,Settled,69.4,27.5,3.77,39.59
TXN100239,2026-04-26,UBS,HSBC,Tokenised Real Estate Fund,Permissioned Ledger,APAC,23722.38,Settled,3.7,46.3,1.62,3.84
TXN100240,2026-04-08,Standard Chartered,Barclays,Tokenised Deposit,Public Blockchain,APAC,4857.03,Settled,46.5,44.1,1.15,0.56
TXN100241,2026-07-17,Citi,BNY Mellon,Regulated Stablecoin,Hybrid Network,US,2748.12,Settled,41.9,40.1,1.89,0.52
TXN100242,2026-05-19,Citi,Deutsche Bank,Tokenised Bond,Permissioned Ledger,EU,52806.48,Settled,6.8,24.7,3.07,16.21
TXN100243,2026-05-24,JPMorgan,Citi,Tokenised Deposit,Hybrid Network,APAC,132021.5,Settled,33.6,40.1,3.66,48.32
TXN100244,2026-04-07,BNY Mellon,Deutsche Bank,Tokenised Deposit,Public Blockchain,EU,112007.24,Settled,46.1,52.8,1.58,17.7
TXN100245,2026-05-04,BNY Mellon,Citi,Tokenised Deposit,Hybrid Network,EU,13572.85,Settled,37.4,27.6,2.53,3.43
TXN100246,2026-07-06,Standard Chartered,HSBC,Regulated Stablecoin,Hybrid Network,EU,935308.06,Settled,15.5,36.1,3.08,288.07
TXN100247,2026-03-11,Standard Chartered,Citi,Tokenised Deposit,Permissioned Ledger,UK,922508.15,Settled,8.7,25.9,2.59,238.93
TXN100248,2026-04-03,BNY Mellon,Deutsche Bank,Tokenised Deposit,Permissioned Ledger,US,17361.12,Failed,,26.7,3.96,6.88
TXN100249,2026-01-03,HSBC,JPMorgan,Tokenised Deposit,Permissioned Ledger,EU,176177.86,Settled,6.6,46.7,3.21,56.55
TXN100250,2026-05-28,Standard Chartered,Citi,Regulated Stablecoin,Public Blockchain,EU,6949.26,Settled,49.5,27.2,3.27,2.27
TXN100251,2026-07-06,Standard Chartered,Citi,Tokenised Deposit,Public Blockchain,UK,152958.68,Settled,75.2,20.9,1.35,20.65
TXN100252,2026-06-13,HSBC,BNY Mellon,Tokenised Deposit,Public Blockchain,US,41273.7,Settled,17.7,33.5,2.36,9.74
TXN100253,2026-05-27,BNY Mellon,UBS,Tokenised Deposit,Permissioned Ledger,EU,119794.21,Settled,12.6,34.9,3.19,38.21
TXN100254,2026-03-31,Barclays,HSBC,Regulated Stablecoin,Permissioned Ledger,EU,76124.36,Settled,10.8,36.1,0.78,5.94
TXN100255,2026-07-14,BNY Mellon,JPMorgan,Tokenised Deposit,Public Blockchain,EU,2492817.05,Settled,38.6,32.6,3.36,837.59
TXN100256,2026-05-27,Standard Chartered,Deutsche Bank,Tokenised Deposit,Public Blockchain,MEA,137345.95,Settled,81.2,40.4,1.68,23.07
TXN100257,2026-05-28,Citi,UBS,Tokenised Deposit,Permissioned Ledger,US,72585.19,Settled,5.6,31.5,2.27,16.48
TXN100258,2026-04-06,Deutsche Bank,UBS,Tokenised Deposit,Public Blockchain,UK,4623.93,Settled,74.2,26.9,2.11,0.98
TXN100259,2026-07-18,UBS,BNY Mellon,Regulated Stablecoin,Public Blockchain,US,86966.07,Settled,41.7,52.3,1.52,13.22
TXN100260,2026-02-21,Deutsche Bank,Standard Chartered,Tokenised Deposit,Public Blockchain,MEA,132049.23,Pending,,37.2,2.02,26.67
TXN100261,2026-06-10,HSBC,Citi,Regulated Stablecoin,Permissioned Ledger,UK,20045.79,Settled,4.6,35.3,0.82,1.64
TXN100262,2026-06-17,JPMorgan,HSBC,Tokenised Equity,Hybrid Network,US,314914.04,Settled,28.4,21.5,2.11,66.45
TXN100263,2026-05-08,Citi,Barclays,Regulated Stablecoin,Public Blockchain,MEA,14795.73,Settled,87.0,26.8,3.17,4.69
TXN100264,2026-02-08,UBS,Citi,Tokenised Deposit,Public Blockchain,APAC,59864.87,Settled,81.7,44.9,1.25,7.48
TXN100265,2026-03-23,BNY Mellon,JPMorgan,Tokenised Deposit,Permissioned Ledger,APAC,388978.53,Settled,6.1,44.5,1.4,54.46
TXN100266,2026-04-14,UBS,JPMorgan,Regulated Stablecoin,Public Blockchain,US,257407.37,Settled,106.4,38.4,2.68,68.99
TXN100267,2026-05-09,Barclays,Deutsche Bank,Tokenised Deposit,Public Blockchain,US,18484.93,Pending,,38.1,2.1,3.88
TXN100268,2026-01-11,UBS,Deutsche Bank,Regulated Stablecoin,Public Blockchain,APAC,93769.79,Settled,85.7,26.4,3.06,28.69
TXN100269,2026-07-04,JPMorgan,UBS,Tokenised Bond,Permissioned Ledger,EU,353628.08,Settled,9.4,34.0,2.62,92.65
TXN100270,2026-06-27,Standard Chartered,Citi,Regulated Stablecoin,Hybrid Network,MEA,15767.72,Settled,37.3,24.4,3.53,5.57
TXN100271,2026-05-31,UBS,Citi,Tokenised Bond,Permissioned Ledger,UK,497330.03,Settled,8.7,24.3,4.38,217.83
TXN100272,2026-06-08,Standard Chartered,UBS,Tokenised Bond,Permissioned Ledger,US,16791.46,Settled,8.0,34.4,4.44,7.46
TXN100273,2026-02-11,Standard Chartered,JPMorgan,Tokenised Deposit,Public Blockchain,MEA,237640.59,Settled,49.5,38.1,3.75,89.12
TXN100274,2026-04-09,HSBC,Citi,Tokenised Real Estate Fund,Public Blockchain,EU,28551.17,Settled,44.7,24.0,3.97,11.33
TXN100275,2026-01-07,Barclays,Standard Chartered,Tokenised Deposit,Permissioned Ledger,APAC,65133.07,Settled,5.5,44.1,0.73,4.75
TXN100276,2026-05-24,JPMorgan,Standard Chartered,Regulated Stablecoin,Public Blockchain,UK,39016.08,Settled,49.7,39.3,3.21,12.52
TXN100277,2026-03-31,Standard Chartered,JPMorgan,Regulated Stablecoin,Permissioned Ledger,APAC,5336.29,Settled,7.8,35.1,2.23,1.19
TXN100278,2026-04-22,HSBC,Standard Chartered,Regulated Stablecoin,Permissioned Ledger,EU,9294.51,Settled,8.0,48.3,4.16,3.87
TXN100279,2026-03-01,Deutsche Bank,Barclays,Tokenised Bond,Permissioned Ledger,MEA,25635.62,Settled,9.7,26.2,0.66,1.69
TXN100280,2026-04-23,UBS,Standard Chartered,Tokenised Bond,Public Blockchain,MEA,119023.15,Settled,85.6,46.1,0.55,6.55
TXN100281,2026-01-02,JPMorgan,UBS,Tokenised Deposit,Public Blockchain,MEA,37707.42,Settled,34.7,54.4,0.72,2.71
TXN100282,2026-05-09,HSBC,Standard Chartered,Regulated Stablecoin,Hybrid Network,APAC,42445.0,Settled,11.4,28.3,2.51,10.65
TXN100283,2026-02-17,Deutsche Bank,Citi,Tokenised Deposit,Permissioned Ledger,EU,20692.28,Settled,3.4,57.0,4.33,8.96
TXN100284,2026-05-20,Citi,Standard Chartered,Tokenised Bond,Public Blockchain,APAC,35177.02,Settled,59.6,41.2,3.65,12.84
TXN100285,2026-07-16,Deutsche Bank,BNY Mellon,Tokenised Deposit,Hybrid Network,US,104325.79,Settled,23.9,26.3,1.15,12.0
TXN100286,2026-02-06,Standard Chartered,Deutsche Bank,Tokenised Deposit,Permissioned Ledger,US,86860.02,Settled,1.0,7.5,3.86,33.53
TXN100287,2026-06-09,Deutsche Bank,JPMorgan,Tokenised Deposit,Public Blockchain,MEA,38549.61,Settled,81.1,69.0,4.48,17.27
TXN100288,2026-01-09,Deutsche Bank,UBS,Tokenised Deposit,Permissioned Ledger,MEA,75197.47,Settled,4.0,31.1,4.28,32.18
TXN100289,2026-04-09,BNY Mellon,Standard Chartered,Tokenised Equity,Permissioned Ledger,UK,71076.1,Pending,,49.4,1.16,8.24
TXN100290,2026-05-27,UBS,Standard Chartered,Tokenised Deposit,Public Blockchain,MEA,38796.58,Pending,,26.5,0.52,2.02
TXN100291,2026-02-17,BNY Mellon,Standard Chartered,Regulated Stablecoin,Public Blockchain,US,68370.55,Settled,95.6,23.9,2.82,19.28
TXN100292,2026-05-11,Deutsche Bank,Citi,Tokenised Deposit,Hybrid Network,US,119100.29,Pending,,35.7,1.18,14.05
TXN100293,2026-05-28,UBS,HSBC,Tokenised Deposit,Public Blockchain,EU,15892.59,Settled,31.9,67.7,4.19,6.66
TXN100294,2026-06-01,Deutsche Bank,Barclays,Tokenised Deposit,Permissioned Ledger,UK,32828.93,Settled,10.7,37.3,3.42,11.23
TXN100295,2026-02-23,BNY Mellon,JPMorgan,Tokenised Bond,Public Blockchain,US,63529.94,Pending,,29.6,1.84,11.69
TXN100296,2026-04-30,BNY Mellon,HSBC,Regulated Stablecoin,Permissioned Ledger,US,22287.14,Settled,8.1,39.7,2.34,5.22
TXN100297,2026-06-10,Citi,BNY Mellon,Regulated Stablecoin,Public Blockchain,APAC,165974.54,Failed,,26.1,2.08,34.52
TXN100298,2026-06-01,JPMorgan,Deutsche Bank,Tokenised Deposit,Permissioned Ledger,MEA,43574.28,Settled,5.0,19.7,3.42,14.9
TXN100299,2026-04-26,HSBC,JPMorgan,Regulated Stablecoin,Public Blockchain,MEA,16249.57,Settled,36.4,39.2,2.39,3.88
TXN100300,2026-03-16,Standard Chartered,Citi,Regulated Stablecoin,Public Blockchain,EU,29799.89,Settled,74.3,28.9,3.3,9.83
TXN100301,2026-04-23,HSBC,Citi,Tokenised Deposit,Public Blockchain,UK,57199.52,Settled,73.7,53.6,2.45,14.01
TXN100302,2026-07-19,UBS,Barclays,Tokenised Deposit,Permissioned Ledger,MEA,17910.04,Settled,9.7,26.3,4.13,7.4
TXN100303,2026-06-13,Standard Chartered,UBS,Tokenised Deposit,Permissioned Ledger,US,6267.14,Settled,5.3,35.3,3.0,1.88
TXN100304,2026-06-15,Citi,BNY Mellon,Regulated Stablecoin,Permissioned Ledger,MEA,10435.48,Settled,10.6,23.3,2.85,2.97
TXN100305,2026-04-14,Deutsche Bank,UBS,Tokenised Deposit,Public Blockchain,US,58695.57,Settled,39.4,25.7,1.81,10.62
TXN100306,2026-03-25,Barclays,JPMorgan,Tokenised Deposit,Permissioned Ledger,EU,948088.21,Settled,12.0,59.0,0.83,78.69
TXN100307,2026-04-22,Standard Chartered,UBS,Tokenised Deposit,Permissioned Ledger,UK,12212.76,Settled,5.8,17.2,3.75,4.58
TXN100308,2026-04-09,Barclays,Standard Chartered,Tokenised Deposit,Public Blockchain,UK,15700.28,Settled,41.8,43.9,3.33,5.23
TXN100309,2026-06-02,Standard Chartered,UBS,Regulated Stablecoin,Hybrid Network,EU,4878.78,Settled,21.0,32.2,3.05,1.49
TXN100310,2026-04-03,Barclays,HSBC,Tokenised Deposit,Permissioned Ledger,MEA,35931.05,Settled,3.9,44.4,0.66,2.37
TXN100311,2026-05-26,BNY Mellon,Standard Chartered,Tokenised Bond,Public Blockchain,APAC,43627.21,Settled,60.7,37.3,4.24,18.5
TXN100312,2026-05-08,Standard Chartered,Deutsche Bank,Tokenised Deposit,Public Blockchain,UK,35522.09,Settled,56.9,59.1,3.4,12.08
TXN100313,2026-04-20,Standard Chartered,BNY Mellon,Tokenised Bond,Permissioned Ledger,US,15334.05,Settled,5.5,45.2,2.12,3.25
TXN100314,2026-03-23,UBS,Deutsche Bank,Tokenised Deposit,Permissioned Ledger,UK,103570.72,Settled,8.8,31.9,4.33,44.85
TXN100315,2026-07-13,UBS,HSBC,Tokenised Bond,Permissioned Ledger,UK,96865.57,Settled,10.4,28.8,0.83,8.04
TXN100316,2026-02-23,Standard Chartered,UBS,Regulated Stablecoin,Permissioned Ledger,UK,28725.01,Settled,9.3,40.0,3.23,9.28
TXN100317,2026-06-12,Barclays,UBS,Tokenised Deposit,Public Blockchain,US,71990.94,Settled,52.8,27.3,3.71,26.71
TXN100318,2026-07-08,Citi,Deutsche Bank,Tokenised Equity,Permissioned Ledger,EU,14438.45,Settled,10.3,47.4,3.71,5.36
TXN100319,2026-06-18,Standard Chartered,Citi,Tokenised Real Estate Fund,Public Blockchain,APAC,23965.66,Settled,31.9,48.1,3.94,9.44
TXN100320,2026-06-10,HSBC,Standard Chartered,Tokenised Real Estate Fund,Permissioned Ledger,APAC,120678.75,Settled,10.9,21.3,2.81,33.91
TXN100321,2026-03-09,Deutsche Bank,JPMorgan,Tokenised Deposit,Permissioned Ledger,MEA,541915.46,Failed,,7.2,3.32,179.92
TXN100322,2026-02-02,Barclays,UBS,Tokenised Real Estate Fund,Permissioned Ledger,APAC,44926.14,Settled,5.2,36.9,3.03,13.61
TXN100323,2026-05-22,Barclays,Deutsche Bank,Tokenised Deposit,Permissioned Ledger,MEA,76380.62,Settled,6.4,52.2,1.06,8.1
TXN100324,2026-01-21,Standard Chartered,JPMorgan,Tokenised Deposit,Public Blockchain,UK,76534.76,Settled,26.5,31.6,2.35,17.99
TXN100325,2026-02-17,Deutsche Bank,JPMorgan,Tokenised Deposit,Permissioned Ledger,UK,37248.7,Settled,8.6,29.3,2.88,10.73
TXN100326,2026-05-28,Barclays,HSBC,Tokenised Bond,Permissioned Ledger,MEA,20025.33,Settled,9.2,38.4,3.49,6.99
TXN100327,2026-05-08,Standard Chartered,HSBC,Tokenised Deposit,Hybrid Network,MEA,121141.78,Settled,20.4,34.1,1.32,15.99
TXN100328,2026-05-16,UBS,Deutsche Bank,Tokenised Bond,Permissioned Ledger,UK,5663.32,Settled,8.3,42.6,3.43,1.94
TXN100329,2026-05-15,Citi,HSBC,Tokenised Equity,Public Blockchain,UK,149268.22,Settled,38.7,26.5,0.79,11.79
TXN100330,2026-07-14,Standard Chartered,HSBC,Regulated Stablecoin,Public Blockchain,EU,305191.71,Settled,51.0,27.7,3.2,97.66
TXN100331,2026-05-25,Standard Chartered,HSBC,Tokenised Bond,Hybrid Network,US,4630.41,Settled,19.5,36.5,3.73,1.73
TXN100332,2026-05-08,JPMorgan,UBS,Tokenised Deposit,Public Blockchain,EU,87110.66,Settled,48.7,18.9,3.78,32.93
TXN100333,2026-02-02,Barclays,Citi,Tokenised Deposit,Hybrid Network,UK,30568.39,Pending,,22.6,1.24,3.79
TXN100334,2026-06-25,Barclays,HSBC,Tokenised Bond,Permissioned Ledger,APAC,197998.53,Settled,7.1,35.8,1.82,36.04
TXN100335,2026-07-06,UBS,Citi,Tokenised Deposit,Hybrid Network,EU,196971.32,Settled,14.6,21.9,1.16,22.85
TXN100336,2026-04-25,JPMorgan,Standard Chartered,Tokenised Equity,Permissioned Ledger,US,552813.87,Settled,7.5,33.8,2.43,134.33
TXN100337,2026-04-29,Barclays,Standard Chartered,Tokenised Deposit,Permissioned Ledger,APAC,14285.46,Pending,,38.5,1.64,2.34
TXN100338,2026-01-22,Barclays,JPMorgan,Tokenised Deposit,Permissioned Ledger,APAC,962680.6,Settled,4.2,24.8,2.29,220.45
TXN100339,2026-06-07,UBS,Standard Chartered,Tokenised Equity,Public Blockchain,UK,133005.52,Settled,63.3,21.7,0.85,11.31
TXN100340,2026-02-07,Barclays,BNY Mellon,Tokenised Bond,Permissioned Ledger,EU,193303.47,Settled,11.2,36.4,3.82,73.84
TXN100341,2026-04-19,HSBC,JPMorgan,Tokenised Bond,Public Blockchain,MEA,692460.81,Settled,36.5,41.9,1.08,74.79
TXN100342,2026-02-20,HSBC,UBS,Tokenised Real Estate Fund,Hybrid Network,US,110458.51,Settled,27.2,39.0,3.19,35.24
TXN100343,2026-07-01,JPMorgan,BNY Mellon,Tokenised Real Estate Fund,Public Blockchain,EU,317452.16,Settled,51.1,50.2,1.03,32.7
TXN100344,2026-01-08,UBS,Deutsche Bank,Tokenised Deposit,Permissioned Ledger,EU,71659.59,Settled,10.1,55.3,3.35,24.01
TXN100345,2026-01-27,BNY Mellon,Standard Chartered,Tokenised Deposit,Permissioned Ledger,EU,73867.92,Settled,11.9,22.7,0.6,4.43
TXN100346,2026-01-27,Citi,JPMorgan,Regulated Stablecoin,Permissioned Ledger,EU,24043.39,Settled,7.3,38.6,1.33,3.2
TXN100347,2026-01-21,JPMorgan,Standard Chartered,Tokenised Bond,Permissioned Ledger,UK,9612.75,Settled,4.8,35.5,1.73,1.66
TXN100348,2026-01-30,HSBC,Deutsche Bank,Tokenised Real Estate Fund,Permissioned Ledger,EU,220664.25,Settled,8.4,54.5,1.28,28.25
TXN100349,2026-04-07,JPMorgan,BNY Mellon,Tokenised Deposit,Hybrid Network,EU,1381226.6,Settled,25.0,33.9,2.83,390.89
TXN100350,2026-01-28,Barclays,HSBC,Regulated Stablecoin,Permissioned Ledger,MEA,8164.0,Settled,7.4,39.6,2.2,1.8
TXN100351,2026-04-21,Standard Chartered,UBS,Tokenised Deposit,Hybrid Network,EU,75221.86,Settled,6.9,41.8,2.22,16.7
TXN100352,2026-07-11,UBS,Barclays,Tokenised Deposit,Public Blockchain,UK,282586.03,Settled,48.9,37.9,3.47,98.06
TXN100353,2026-07-16,UBS,Barclays,Tokenised Equity,Hybrid Network,UK,125848.1,Settled,41.7,24.7,2.3,28.95
TXN100354,2026-03-02,BNY Mellon,Standard Chartered,Regulated Stablecoin,Permissioned Ledger,APAC,88098.3,Settled,12.9,28.1,3.49,30.75
TXN100355,2026-02-17,JPMorgan,Standard Chartered,Tokenised Bond,Permissioned Ledger,APAC,17856.74,Settled,12.8,18.3,3.72,6.64
TXN100356,2026-05-27,Barclays,HSBC,Tokenised Deposit,Hybrid Network,UK,38163.91,Settled,8.9,32.8,0.5,1.91
TXN100357,2026-01-04,Standard Chartered,Citi,Tokenised Deposit,Hybrid Network,MEA,38665.27,Settled,26.8,50.6,1.11,4.29
TXN100358,2026-02-04,Citi,Barclays,Regulated Stablecoin,Public Blockchain,APAC,43177.03,Settled,81.9,40.8,2.56,11.05
TXN100359,2026-07-11,Citi,Barclays,Tokenised Bond,Permissioned Ledger,EU,47659.03,Settled,9.1,50.8,2.07,9.87
TXN100360,2026-02-18,Standard Chartered,Deutsche Bank,Tokenised Bond,Hybrid Network,APAC,67918.33,Settled,23.6,32.1,2.22,15.08
TXN100361,2026-01-17,Deutsche Bank,Barclays,Tokenised Deposit,Public Blockchain,MEA,95520.23,Settled,51.4,27.3,2.57,24.55
TXN100362,2026-06-21,Standard Chartered,HSBC,Regulated Stablecoin,Hybrid Network,EU,128701.17,Settled,24.2,40.0,2.61,33.59
TXN100363,2026-06-07,Deutsche Bank,Citi,Tokenised Deposit,Permissioned Ledger,EU,74667.34,Settled,9.7,42.5,2.43,18.14
TXN100364,2026-02-15,HSBC,UBS,Tokenised Deposit,Permissioned Ledger,EU,94073.35,Settled,8.3,40.3,3.55,33.4
TXN100365,2026-04-27,HSBC,Citi,Regulated Stablecoin,Permissioned Ledger,US,76806.97,Settled,3.2,28.0,1.05,8.06
TXN100366,2026-01-06,BNY Mellon,Deutsche Bank,Regulated Stablecoin,Hybrid Network,APAC,729766.23,Settled,17.3,15.7,2.73,199.23
TXN100367,2026-04-09,Deutsche Bank,UBS,Tokenised Deposit,Hybrid Network,UK,32446.8,Settled,4.2,32.2,4.18,13.56
TXN100368,2026-05-04,Standard Chartered,Deutsche Bank,Tokenised Deposit,Public Blockchain,EU,278108.61,Settled,36.0,23.7,1.63,45.33
TXN100369,2026-02-06,BNY Mellon,HSBC,Tokenised Bond,Permissioned Ledger,EU,30434.85,Settled,5.9,28.7,2.52,7.67
TXN100370,2026-01-24,UBS,Standard Chartered,Tokenised Equity,Permissioned Ledger,EU,33704.65,Settled,12.0,13.1,3.38,11.39
TXN100371,2026-04-03,JPMorgan,HSBC,Tokenised Bond,Hybrid Network,EU,12250.46,Settled,19.8,34.9,2.3,2.82
TXN100372,2026-02-15,Deutsche Bank,JPMorgan,Regulated Stablecoin,Public Blockchain,MEA,31129.03,Settled,31.8,44.5,1.64,5.11
TXN100373,2026-06-30,Deutsche Bank,BNY Mellon,Tokenised Bond,Hybrid Network,EU,2133423.27,Settled,41.2,34.6,1.63,347.75
TXN100374,2026-04-05,Standard Chartered,HSBC,Tokenised Deposit,Hybrid Network,MEA,75961.22,Settled,12.3,23.2,2.56,19.45
TXN100375,2026-04-09,Barclays,UBS,Tokenised Deposit,Public Blockchain,EU,24274.27,Settled,57.9,40.7,2.91,7.06
TXN100376,2026-07-07,Citi,JPMorgan,Tokenised Deposit,Public Blockchain,EU,41922.13,Settled,58.2,45.3,1.14,4.78
TXN100377,2026-04-26,Deutsche Bank,JPMorgan,Tokenised Bond,Permissioned Ledger,APAC,135977.78,Settled,6.8,26.8,1.31,17.81
TXN100378,2026-07-10,Citi,Standard Chartered,Tokenised Real Estate Fund,Public Blockchain,US,125945.95,Settled,45.9,17.5,2.97,37.41
TXN100379,2026-06-09,BNY Mellon,HSBC,Tokenised Deposit,Permissioned Ledger,MEA,49593.95,Settled,7.1,31.7,3.58,17.75
TXN100380,2026-06-10,BNY Mellon,Deutsche Bank,Tokenised Bond,Public Blockchain,MEA,2157.68,Settled,62.8,52.2,0.98,0.21
TXN100381,2026-03-08,BNY Mellon,Deutsche Bank,Tokenised Real Estate Fund,Permissioned Ledger,EU,419579.4,Settled,13.8,23.1,1.36,57.06
TXN100382,2026-05-08,Barclays,BNY Mellon,Regulated Stablecoin,Hybrid Network,US,139270.6,Settled,33.1,34.1,1.63,22.7
TXN100383,2026-01-18,UBS,Barclays,Tokenised Deposit,Hybrid Network,EU,26573.26,Settled,14.9,15.5,1.46,3.88
TXN100384,2026-01-25,UBS,Citi,Regulated Stablecoin,Public Blockchain,MEA,265624.57,Settled,44.5,54.7,2.28,60.56
TXN100385,2026-02-23,Standard Chartered,UBS,Regulated Stablecoin,Permissioned Ledger,APAC,8187.8,Settled,5.4,18.9,3.15,2.58
TXN100386,2026-02-27,UBS,Citi,Tokenised Deposit,Hybrid Network,US,251662.32,Settled,19.0,33.5,2.84,71.47
TXN100387,2026-03-08,Deutsche Bank,Citi,Tokenised Deposit,Hybrid Network,US,35587.45,Settled,23.9,49.8,1.94,6.9
TXN100388,2026-04-14,Deutsche Bank,UBS,Tokenised Bond,Public Blockchain,US,2794.66,Settled,49.7,26.8,2.7,0.75
TXN100389,2026-06-23,Barclays,Deutsche Bank,Tokenised Bond,Hybrid Network,EU,57246.49,Settled,18.5,37.0,4.39,25.13
TXN100390,2026-01-24,BNY Mellon,JPMorgan,Tokenised Bond,Permissioned Ledger,EU,282775.4,Settled,12.7,36.6,3.36,95.01
TXN100391,2026-04-24,Standard Chartered,Citi,Tokenised Real Estate Fund,Permissioned Ledger,UK,10855.9,Settled,9.4,33.9,1.87,2.03
TXN100392,2026-02-01,UBS,HSBC,Tokenised Real Estate Fund,Permissioned Ledger,MEA,7187.61,Settled,7.0,52.1,2.59,1.86
TXN100393,2026-06-24,Citi,UBS,Tokenised Deposit,Hybrid Network,MEA,17106.31,Settled,31.8,34.4,2.33,3.99
TXN100394,2026-03-27,Citi,UBS,Tokenised Deposit,Public Blockchain,MEA,48635.51,Settled,78.7,15.5,2.06,10.02
TXN100395,2026-05-31,Citi,HSBC,Tokenised Equity,Hybrid Network,EU,1846870.89,Settled,34.7,37.4,1.55,286.26
TXN100396,2026-07-13,Deutsche Bank,HSBC,Tokenised Bond,Permissioned Ledger,UK,69126.67,Settled,6.1,41.9,1.54,10.65
TXN100397,2026-05-07,BNY Mellon,HSBC,Tokenised Deposit,Permissioned Ledger,MEA,1464.08,Settled,5.7,54.5,1.53,0.22
TXN100398,2026-06-04,UBS,Barclays,Tokenised Deposit,Public Blockchain,MEA,39474.05,Settled,60.5,31.9,3.27,12.91
TXN100399,2026-05-10,UBS,HSBC,Regulated Stablecoin,Hybrid Network,MEA,7077.53,Pending,,32.3,0.89,0.63
TXN100400,2026-01-17,JPMorgan,Citi,Tokenised Deposit,Permissioned Ledger,APAC,54213.95,Settled,7.6,32.3,0.86,4.66
TXN100401,2026-04-14,HSBC,JPMorgan,Regulated Stablecoin,Permissioned Ledger,US,27405.73,Settled,3.3,21.8,2.23,6.11
TXN100402,2026-06-10,UBS,Citi,Tokenised Equity,Permissioned Ledger,MEA,27451.16,Settled,11.3,25.2,3.5,9.61
TXN100403,2026-05-17,Deutsche Bank,HSBC,Tokenised Deposit,Permissioned Ledger,APAC,129279.57,Settled,10.9,51.6,3.99,51.58
TXN100404,2026-02-12,BNY Mellon,Barclays,Tokenised Deposit,Permissioned Ledger,EU,53145.15,Settled,5.3,48.0,1.48,7.87
TXN100405,2026-06-25,UBS,HSBC,Tokenised Real Estate Fund,Hybrid Network,MEA,41240.15,Settled,33.8,42.0,1.79,7.38
TXN100406,2026-02-08,UBS,HSBC,Tokenised Equity,Permissioned Ledger,APAC,102377.25,Settled,6.2,37.0,3.62,37.06
TXN100407,2026-06-19,HSBC,Deutsche Bank,Tokenised Bond,Public Blockchain,UK,476126.8,Settled,83.2,47.7,2.93,139.51
TXN100408,2026-01-26,Barclays,Citi,Tokenised Deposit,Public Blockchain,EU,20505.15,Settled,73.7,34.3,1.37,2.81
TXN100409,2026-04-09,HSBC,Deutsche Bank,Tokenised Deposit,Hybrid Network,US,286824.08,Settled,9.8,34.9,1.52,43.6
TXN100410,2026-02-19,Barclays,Deutsche Bank,Tokenised Equity,Permissioned Ledger,UK,169263.4,Settled,10.8,36.1,1.06,17.94
TXN100411,2026-06-02,BNY Mellon,Citi,Tokenised Equity,Hybrid Network,US,43677.25,Settled,13.6,25.3,2.52,11.01
TXN100412,2026-06-01,HSBC,Citi,Tokenised Equity,Hybrid Network,MEA,13825.29,Settled,36.3,37.9,0.54,0.75
TXN100413,2026-01-13,Deutsche Bank,Barclays,Tokenised Bond,Permissioned Ledger,US,38656.94,Settled,4.7,34.0,3.95,15.27
TXN100414,2026-03-01,Barclays,BNY Mellon,Tokenised Equity,Hybrid Network,MEA,245020.52,Settled,41.0,41.1,1.6,39.2
TXN100415,2026-05-15,BNY Mellon,UBS,Tokenised Bond,Permissioned Ledger,US,453135.46,Settled,8.6,20.6,3.36,152.25
TXN100416,2026-02-26,Deutsche Bank,UBS,Tokenised Bond,Permissioned Ledger,MEA,17632.19,Settled,6.3,11.6,1.53,2.7
TXN100417,2026-02-05,Citi,JPMorgan,Tokenised Bond,Permissioned Ledger,UK,63687.37,Settled,6.5,25.6,2.98,18.98
TXN100418,2026-06-22,Barclays,HSBC,Tokenised Deposit,Hybrid Network,APAC,229961.59,Settled,29.5,58.3,2.33,53.58
TXN100419,2026-01-20,Deutsche Bank,Barclays,Tokenised Bond,Permissioned Ledger,MEA,214664.73,Settled,2.3,35.9,1.56,33.49
TXN100420,2026-03-06,JPMorgan,UBS,Tokenised Bond,Hybrid Network,UK,37762.65,Settled,51.3,60.8,1.57,5.93
TXN100421,2026-01-08,Deutsche Bank,Barclays,Tokenised Real Estate Fund,Permissioned Ledger,MEA,88324.39,Settled,3.9,48.9,2.99,26.41
TXN100422,2026-05-24,Barclays,JPMorgan,Tokenised Deposit,Permissioned Ledger,MEA,273620.29,Settled,6.8,35.4,2.53,69.23
TXN100423,2026-05-22,HSBC,Standard Chartered,Regulated Stablecoin,Hybrid Network,MEA,111755.12,Settled,11.3,7.0,3.66,40.9
TXN100424,2026-04-25,BNY Mellon,Barclays,Regulated Stablecoin,Public Blockchain,EU,32799.12,Settled,32.2,39.3,4.02,13.19
TXN100425,2026-05-23,UBS,Barclays,Tokenised Bond,Public Blockchain,APAC,26920.02,Failed,,46.2,0.66,1.78
TXN100426,2026-04-02,Standard Chartered,BNY Mellon,Tokenised Bond,Hybrid Network,APAC,84935.94,Settled,27.4,53.8,4.29,36.44
TXN100427,2026-04-08,UBS,Standard Chartered,Tokenised Deposit,Permissioned Ledger,MEA,46807.08,Settled,7.8,38.8,2.41,11.28
TXN100428,2026-03-07,Standard Chartered,UBS,Tokenised Bond,Public Blockchain,MEA,38515.26,Settled,57.0,51.4,0.91,3.5
TXN100429,2026-02-01,Deutsche Bank,HSBC,Tokenised Deposit,Permissioned Ledger,MEA,12416.68,Settled,5.6,35.1,3.18,3.95
TXN100430,2026-07-10,Standard Chartered,HSBC,Tokenised Equity,Permissioned Ledger,US,47374.34,Settled,9.6,59.2,1.84,8.72
TXN100431,2026-03-27,Barclays,BNY Mellon,Tokenised Deposit,Public Blockchain,MEA,27260.28,Settled,21.3,26.9,2.69,7.33
TXN100432,2026-02-20,JPMorgan,Standard Chartered,Tokenised Deposit,Public Blockchain,MEA,43771.7,Settled,65.7,42.9,2.09,9.15
TXN100433,2026-06-02,UBS,Citi,Tokenised Deposit,Public Blockchain,MEA,50776.18,Settled,81.9,15.5,1.6,8.12
TXN100434,2026-07-05,UBS,HSBC,Tokenised Deposit,Public Blockchain,US,214369.74,Settled,82.6,39.8,1.64,35.16
TXN100435,2026-03-04,JPMorgan,Deutsche Bank,Regulated Stablecoin,Permissioned Ledger,UK,142084.23,Settled,8.3,40.6,1.24,17.62
TXN100436,2026-07-09,UBS,JPMorgan,Tokenised Deposit,Hybrid Network,MEA,239819.55,Settled,30.5,35.6,4.3,103.12
TXN100437,2026-05-05,JPMorgan,Deutsche Bank,Tokenised Deposit,Permissioned Ledger,US,872612.85,Pending,,30.5,1.17,102.1
TXN100438,2026-05-30,Barclays,UBS,Regulated Stablecoin,Permissioned Ledger,APAC,38417.7,Settled,8.0,27.9,3.51,13.48
TXN100439,2026-02-27,Deutsche Bank,Citi,Tokenised Deposit,Hybrid Network,UK,26035.98,Settled,24.7,51.3,4.15,10.8
TXN100440,2026-02-27,Deutsche Bank,HSBC,Tokenised Real Estate Fund,Permissioned Ledger,US,17215.89,Settled,3.9,17.0,4.16,7.16
TXN100441,2026-03-27,Barclays,JPMorgan,Tokenised Deposit,Hybrid Network,MEA,102426.28,Pending,,20.8,1.39,14.24
TXN100442,2026-02-18,BNY Mellon,Citi,Tokenised Bond,Public Blockchain,APAC,21883.32,Settled,58.9,29.6,2.8,6.13
TXN100443,2026-06-29,BNY Mellon,Citi,Tokenised Bond,Public Blockchain,MEA,227324.4,Settled,67.0,25.2,1.29,29.32
TXN100444,2026-06-19,Deutsche Bank,Barclays,Tokenised Deposit,Permissioned Ledger,APAC,11451.62,Settled,6.1,32.9,2.54,2.91
TXN100445,2026-03-11,UBS,HSBC,Tokenised Deposit,Permissioned Ledger,UK,11966.52,Settled,11.3,50.4,4.42,5.29
TXN100446,2026-01-15,UBS,Deutsche Bank,Tokenised Real Estate Fund,Public Blockchain,US,79355.1,Settled,53.9,33.4,3.02,23.97
TXN100447,2026-02-23,JPMorgan,BNY Mellon,Tokenised Bond,Permissioned Ledger,US,162123.86,Settled,7.7,25.1,4.26,69.06
TXN100448,2026-07-07,UBS,Citi,Tokenised Real Estate Fund,Permissioned Ledger,UK,50731.29,Settled,7.3,38.8,3.38,17.15
TXN100449,2026-04-11,HSBC,Deutsche Bank,Tokenised Deposit,Public Blockchain,MEA,152818.12,Settled,52.2,13.8,0.88,13.45
TXN100450,2026-01-08,HSBC,Barclays,Tokenised Equity,Hybrid Network,US,18671.76,Settled,27.2,45.5,4.5,8.4
TXN100451,2026-02-22,Barclays,JPMorgan,Tokenised Deposit,Permissioned Ledger,UK,28514.48,Pending,,46.3,3.68,10.49
TXN100452,2026-03-01,BNY Mellon,Deutsche Bank,Tokenised Deposit,Hybrid Network,UK,73748.16,Settled,42.3,43.9,1.32,9.73
TXN100453,2026-04-18,BNY Mellon,UBS,Tokenised Deposit,Permissioned Ledger,EU,25179.82,Failed,,57.8,1.17,2.95
TXN100454,2026-01-05,JPMorgan,UBS,Tokenised Real Estate Fund,Hybrid Network,UK,101279.18,Settled,15.9,46.5,1.47,14.89
TXN100455,2026-04-13,BNY Mellon,Citi,Tokenised Deposit,Permissioned Ledger,EU,147809.84,Settled,5.7,42.6,1.94,28.68
TXN100456,2026-07-15,Standard Chartered,HSBC,Regulated Stablecoin,Permissioned Ledger,US,344206.01,Failed,,52.5,2.88,99.13
TXN100457,2026-01-06,Deutsche Bank,UBS,Tokenised Equity,Permissioned Ledger,EU,39750.18,Settled,7.1,37.0,3.07,12.2
TXN100458,2026-04-19,JPMorgan,BNY Mellon,Tokenised Deposit,Permissioned Ledger,US,65394.28,Settled,1.9,53.3,1.08,7.06
TXN100459,2026-04-26,Barclays,UBS,Tokenised Deposit,Permissioned Ledger,EU,30758.25,Settled,3.7,37.4,3.5,10.77
TXN100460,2026-04-04,Citi,BNY Mellon,Regulated Stablecoin,Permissioned Ledger,MEA,143373.39,Settled,6.3,19.7,1.45,20.79
TXN100461,2026-02-16,BNY Mellon,Barclays,Regulated Stablecoin,Hybrid Network,EU,102638.94,Settled,18.5,36.7,3.3,33.87
TXN100462,2026-04-09,JPMorgan,Deutsche Bank,Tokenised Deposit,Hybrid Network,MEA,4347.95,Failed,,45.8,3.7,1.61
TXN100463,2026-02-24,Barclays,Standard Chartered,Tokenised Bond,Public Blockchain,US,70770.87,Settled,45.6,38.4,1.37,9.7
TXN100464,2026-06-17,BNY Mellon,Deutsche Bank,Tokenised Deposit,Hybrid Network,EU,149413.39,Settled,46.5,32.2,0.9,13.45
TXN100465,2026-02-21,Barclays,Standard Chartered,Regulated Stablecoin,Permissioned Ledger,MEA,17617.9,Settled,7.9,28.3,3.91,6.89
TXN100466,2026-05-24,HSBC,UBS,Tokenised Real Estate Fund,Hybrid Network,US,12024.49,Settled,34.6,24.9,4.36,5.24
TXN100467,2026-01-13,Deutsche Bank,HSBC,Tokenised Deposit,Public Blockchain,US,77950.34,Settled,69.4,35.8,0.52,4.05
TXN100468,2026-04-24,HSBC,BNY Mellon,Tokenised Bond,Permissioned Ledger,UK,405284.71,Settled,5.9,23.6,1.46,59.17
TXN100469,2026-05-04,Standard Chartered,Citi,Tokenised Deposit,Permissioned Ledger,EU,142198.55,Settled,5.6,32.8,3.31,47.07
TXN100470,2026-04-16,Deutsche Bank,Barclays,Tokenised Deposit,Permissioned Ledger,EU,40850.4,Settled,8.8,41.2,2.97,12.13
TXN100471,2026-06-07,Deutsche Bank,HSBC,Tokenised Deposit,Public Blockchain,EU,30911.05,Settled,40.8,39.9,0.96,2.97
TXN100472,2026-05-27,Standard Chartered,HSBC,Tokenised Equity,Permissioned Ledger,APAC,113221.74,Settled,9.6,42.8,3.9,44.16
TXN100473,2026-05-25,Citi,Deutsche Bank,Tokenised Deposit,Hybrid Network,US,29095.89,Settled,28.8,34.8,1.59,4.63
TXN100474,2026-04-30,JPMorgan,Standard Chartered,Tokenised Bond,Hybrid Network,APAC,153226.88,Settled,26.1,48.1,0.55,8.43
TXN100475,2026-03-04,HSBC,Deutsche Bank,Tokenised Bond,Permissioned Ledger,MEA,117405.99,Settled,8.1,60.0,3.56,41.8
TXN100476,2026-01-19,Standard Chartered,Citi,Tokenised Bond,Permissioned Ledger,UK,37571.9,Settled,9.3,27.0,3.07,11.53
TXN100477,2026-04-02,Deutsche Bank,HSBC,Tokenised Equity,Public Blockchain,MEA,77129.91,Settled,65.8,25.2,4.24,32.7
TXN100478,2026-02-27,Standard Chartered,Deutsche Bank,Tokenised Deposit,Public Blockchain,UK,804948.24,Settled,100.6,34.0,3.91,314.73
TXN100479,2026-07-02,Barclays,UBS,Tokenised Equity,Permissioned Ledger,APAC,20445.75,Settled,6.4,39.5,2.99,6.11
TXN100480,2026-03-31,JPMorgan,HSBC,Tokenised Bond,Public Blockchain,APAC,18024.48,Settled,36.8,44.5,2.04,3.68
TXN100481,2026-04-27,BNY Mellon,HSBC,Tokenised Bond,Permissioned Ledger,US,133662.77,Settled,11.1,45.6,0.92,12.3
TXN100482,2026-03-03,JPMorgan,Standard Chartered,Tokenised Bond,Hybrid Network,UK,10020.8,Settled,11.5,65.8,3.69,3.7
TXN100483,2026-01-23,Standard Chartered,Deutsche Bank,Tokenised Deposit,Hybrid Network,UK,183134.45,Settled,8.1,24.3,2.47,45.23
TXN100484,2026-05-07,Barclays,Citi,Regulated Stablecoin,Permissioned Ledger,US,1721917.24,Settled,11.7,38.6,1.18,203.19
TXN100485,2026-05-17,Deutsche Bank,UBS,Tokenised Bond,Permissioned Ledger,US,39983.05,Settled,1.8,44.9,2.29,9.16
TXN100486,2026-05-20,Barclays,JPMorgan,Tokenised Real Estate Fund,Permissioned Ledger,UK,5829.88,Settled,7.9,32.0,3.16,1.84
TXN100487,2026-05-09,Citi,BNY Mellon,Tokenised Deposit,Permissioned Ledger,UK,75842.59,Settled,4.8,64.5,3.77,28.59
TXN100488,2026-02-27,Deutsche Bank,Citi,Regulated Stablecoin,Permissioned Ledger,EU,27376.59,Settled,5.4,37.7,1.44,3.94
TXN100489,2026-05-02,Deutsche Bank,Standard Chartered,Tokenised Deposit,Permissioned Ledger,US,6232.03,Settled,8.3,45.6,1.58,0.98
TXN100490,2026-01-01,Barclays,JPMorgan,Regulated Stablecoin,Public Blockchain,APAC,9370.5,Settled,62.7,32.9,3.85,3.61
TXN100491,2026-02-03,BNY Mellon,Deutsche Bank,Tokenised Equity,Public Blockchain,US,19339.48,Settled,43.3,18.6,3.53,6.83
TXN100492,2026-04-06,HSBC,Deutsche Bank,Tokenised Bond,Permissioned Ledger,EU,368113.28,Settled,10.9,11.3,4.42,162.71
TXN100493,2026-05-06,Deutsche Bank,Citi,Regulated Stablecoin,Permissioned Ledger,EU,1275718.6,Settled,1.0,66.6,3.0,382.72
TXN100494,2026-04-28,Deutsche Bank,Barclays,Tokenised Real Estate Fund,Public Blockchain,APAC,63281.07,Settled,95.7,23.6,3.48,22.02
TXN100495,2026-02-17,Barclays,Citi,Tokenised Real Estate Fund,Public Blockchain,MEA,134980.78,Settled,39.1,26.1,1.99,26.86
TXN100496,2026-03-30,UBS,Citi,Tokenised Deposit,Permissioned Ledger,UK,737074.6,Settled,10.6,31.5,1.62,119.41
TXN100497,2026-04-27,HSBC,Deutsche Bank,Tokenised Bond,Permissioned Ledger,US,5271.58,Settled,2.5,45.4,3.39,1.79
TXN100498,2026-05-09,Barclays,BNY Mellon,Tokenised Bond,Permissioned Ledger,APAC,23610.79,Settled,7.3,31.3,0.9,2.12
TXN100499,2026-01-16,Standard Chartered,Barclays,Tokenised Deposit,Hybrid Network,US,44148.7,Settled,25.5,47.7,1.55,6.84
TXN100500,2026-07-08,UBS,Standard Chartered,Tokenised Equity,Hybrid Network,US,28558.65,Settled,23.8,23.2,2.1,6.0
TXN100501,2026-07-11,JPMorgan,UBS,Tokenised Bond,Public Blockchain,UK,59112.74,Settled,113.9,45.9,0.56,3.31
TXN100502,2026-07-10,JPMorgan,Citi,Tokenised Equity,Permissioned Ledger,APAC,31574.55,Settled,7.6,33.6,2.51,7.93
TXN100503,2026-03-10,HSBC,UBS,Tokenised Bond,Permissioned Ledger,APAC,27715.51,Settled,11.2,31.5,3.08,8.54
TXN100504,2026-01-22,BNY Mellon,Deutsche Bank,Regulated Stablecoin,Hybrid Network,MEA,153585.1,Settled,16.2,4.0,1.18,18.12
TXN100505,2026-04-03,BNY Mellon,UBS,Tokenised Deposit,Permissioned Ledger,APAC,60588.29,Settled,7.0,43.1,1.81,10.97
TXN100506,2026-07-14,Deutsche Bank,UBS,Tokenised Deposit,Permissioned Ledger,US,211168.67,Settled,9.4,31.6,3.91,82.57
TXN100507,2026-03-17,UBS,Deutsche Bank,Tokenised Deposit,Hybrid Network,US,41856.11,Settled,32.2,32.6,4.26,17.83
TXN100508,2026-06-03,HSBC,UBS,Regulated Stablecoin,Public Blockchain,MEA,581041.92,Settled,80.8,27.1,3.87,224.86
TXN100509,2026-05-24,UBS,BNY Mellon,Tokenised Deposit,Hybrid Network,US,10561.88,Settled,23.4,28.7,2.28,2.41
TXN100510,2026-06-28,HSBC,Standard Chartered,Tokenised Deposit,Permissioned Ledger,UK,238113.38,Settled,5.4,48.1,3.31,78.82
TXN100511,2026-03-27,JPMorgan,HSBC,Tokenised Bond,Permissioned Ledger,US,12408.19,Settled,8.7,21.5,2.52,3.13
TXN100512,2026-07-04,Standard Chartered,HSBC,Tokenised Deposit,Permissioned Ledger,APAC,56721.46,Settled,11.0,25.0,1.87,10.61
TXN100513,2026-01-29,BNY Mellon,Standard Chartered,Tokenised Deposit,Public Blockchain,EU,263426.36,Settled,61.7,32.0,2.54,66.91
TXN100514,2026-03-10,Barclays,HSBC,Tokenised Bond,Permissioned Ledger,EU,263077.04,Settled,4.5,31.7,4.42,116.28
TXN100515,2026-02-16,BNY Mellon,Standard Chartered,Tokenised Bond,Permissioned Ledger,MEA,115033.49,Settled,5.9,42.3,1.26,14.49
TXN100516,2026-04-04,Deutsche Bank,Standard Chartered,Tokenised Bond,Permissioned Ledger,US,233988.55,Settled,9.5,27.2,1.59,37.2
TXN100517,2026-07-09,HSBC,UBS,Tokenised Real Estate Fund,Public Blockchain,MEA,49812.01,Failed,,29.7,2.29,11.41
TXN100518,2026-07-16,Deutsche Bank,HSBC,Tokenised Bond,Hybrid Network,EU,32323.98,Pending,,16.9,2.38,7.69
TXN100519,2026-05-24,Citi,BNY Mellon,Tokenised Bond,Public Blockchain,US,45550.71,Settled,45.7,36.1,4.16,18.95
TXN100520,2026-06-25,Standard Chartered,UBS,Regulated Stablecoin,Permissioned Ledger,US,132625.53,Settled,12.9,48.5,4.07,53.98
TXN100521,2026-03-26,Citi,Standard Chartered,Regulated Stablecoin,Public Blockchain,MEA,351907.11,Settled,54.7,50.5,3.09,108.74
TXN100522,2026-02-08,UBS,Citi,Regulated Stablecoin,Public Blockchain,UK,58741.85,Failed,,28.0,3.93,23.09
TXN100523,2026-04-10,UBS,BNY Mellon,Regulated Stablecoin,Hybrid Network,MEA,5023.32,Settled,26.1,39.6,2.59,1.3
TXN100524,2026-02-02,Standard Chartered,JPMorgan,Tokenised Deposit,Permissioned Ledger,MEA,50007.79,Pending,,32.3,1.3,6.5
TXN100525,2026-04-11,Standard Chartered,Barclays,Tokenised Bond,Permissioned Ledger,UK,233511.2,Settled,6.0,46.1,4.05,94.57
TXN100526,2026-01-23,Citi,Deutsche Bank,Tokenised Deposit,Permissioned Ledger,UK,132241.34,Settled,3.3,38.4,4.03,53.29
TXN100527,2026-01-10,Deutsche Bank,Citi,Tokenised Bond,Public Blockchain,US,68256.53,Settled,69.6,34.5,4.0,27.3
TXN100528,2026-03-10,Standard Chartered,UBS,Regulated Stablecoin,Public Blockchain,US,35574.23,Settled,53.2,15.5,2.92,10.39
TXN100529,2026-04-10,HSBC,UBS,Tokenised Deposit,Permissioned Ledger,UK,29024.59,Settled,10.2,23.1,4.43,12.86
TXN100530,2026-02-03,Barclays,JPMorgan,Regulated Stablecoin,Hybrid Network,US,22094.34,Settled,25.7,48.3,3.09,6.83
TXN100531,2026-06-29,Citi,Standard Chartered,Tokenised Real Estate Fund,Public Blockchain,EU,114942.88,Settled,74.6,62.6,3.5,40.23
TXN100532,2026-05-18,JPMorgan,Standard Chartered,Regulated Stablecoin,Public Blockchain,MEA,138489.42,Settled,59.8,21.2,3.36,46.53
TXN100533,2026-05-27,Deutsche Bank,Barclays,Regulated Stablecoin,Permissioned Ledger,UK,5074.18,Settled,10.9,34.3,2.15,1.09
TXN100534,2026-07-05,Deutsche Bank,Barclays,Tokenised Deposit,Public Blockchain,MEA,56072.35,Settled,43.4,43.1,4.16,23.33
TXN100535,2026-04-06,HSBC,UBS,Tokenised Equity,Public Blockchain,UK,142476.74,Settled,60.8,53.2,1.43,20.37
TXN100536,2026-01-01,HSBC,Barclays,Tokenised Equity,Public Blockchain,UK,24341.65,Settled,46.8,29.1,0.77,1.87
TXN100537,2026-03-10,Deutsche Bank,Standard Chartered,Tokenised Real Estate Fund,Permissioned Ledger,US,120251.19,Settled,10.9,31.5,1.43,17.2
TXN100538,2026-01-04,BNY Mellon,HSBC,Tokenised Deposit,Permissioned Ledger,EU,168970.23,Settled,4.5,34.8,2.93,49.51
TXN100539,2026-01-16,Standard Chartered,Citi,Tokenised Deposit,Hybrid Network,MEA,216844.06,Settled,29.1,36.2,3.29,71.34
TXN100540,2026-01-24,JPMorgan,Standard Chartered,Regulated Stablecoin,Permissioned Ledger,EU,85383.99,Settled,1.8,34.9,3.54,30.23
TXN100541,2026-03-21,Citi,Standard Chartered,Regulated Stablecoin,Permissioned Ledger,MEA,61134.58,Settled,8.7,47.5,2.93,17.91
TXN100542,2026-01-02,Standard Chartered,HSBC,Tokenised Bond,Public Blockchain,APAC,122343.52,Settled,96.0,20.4,2.75,33.64
TXN100543,2026-05-08,Deutsche Bank,Standard Chartered,Tokenised Deposit,Permissioned Ledger,APAC,5383.4,Settled,7.5,29.1,4.2,2.26
TXN100544,2026-06-09,Barclays,BNY Mellon,Tokenised Bond,Public Blockchain,EU,83345.87,Settled,47.6,26.4,0.7,5.83
TXN100545,2026-03-25,JPMorgan,Deutsche Bank,Tokenised Deposit,Public Blockchain,US,2461.52,Settled,68.7,43.4,1.59,0.39
TXN100546,2026-06-01,BNY Mellon,JPMorgan,Tokenised Deposit,Permissioned Ledger,MEA,707803.34,Settled,2.0,4.9,1.53,108.29
TXN100547,2026-05-20,JPMorgan,UBS,Tokenised Equity,Hybrid Network,APAC,874035.51,Settled,28.6,42.1,1.49,130.23
TXN100548,2026-06-27,JPMorgan,Standard Chartered,Tokenised Deposit,Permissioned Ledger,UK,62315.9,Settled,1.0,29.1,2.13,13.27
TXN100549,2026-06-12,JPMorgan,UBS,Tokenised Bond,Public Blockchain,APAC,92530.13,Pending,,33.8,1.88,17.4
TXN100550,2026-05-04,HSBC,Citi,Regulated Stablecoin,Permissioned Ledger,APAC,89337.99,Settled,14.2,19.2,4.13,36.9
TXN100551,2026-02-02,BNY Mellon,Barclays,Regulated Stablecoin,Permissioned Ledger,APAC,285886.3,Settled,9.5,19.5,3.29,94.06
TXN100552,2026-06-10,Barclays,HSBC,Tokenised Deposit,Permissioned Ledger,MEA,89571.18,Settled,10.0,31.2,1.21,10.84
TXN100553,2026-07-08,Barclays,HSBC,Tokenised Deposit,Permissioned Ledger,EU,172904.5,Settled,8.4,33.2,2.74,47.38
TXN100554,2026-06-28,Citi,HSBC,Tokenised Bond,Hybrid Network,MEA,85318.6,Settled,29.2,50.3,1.11,9.47
TXN100555,2026-06-20,Standard Chartered,JPMorgan,Tokenised Deposit,Permissioned Ledger,APAC,20657.08,Settled,9.1,47.6,1.51,3.12
TXN100556,2026-04-11,UBS,BNY Mellon,Regulated Stablecoin,Public Blockchain,UK,35145.73,Settled,75.7,18.4,2.67,9.38
TXN100557,2026-01-12,Standard Chartered,BNY Mellon,Tokenised Deposit,Public Blockchain,APAC,11595.81,Settled,65.5,52.3,3.46,4.01
TXN100558,2026-03-08,HSBC,JPMorgan,Regulated Stablecoin,Permissioned Ledger,EU,247333.73,Settled,7.1,28.2,1.48,36.61
TXN100559,2026-03-06,HSBC,Barclays,Tokenised Deposit,Permissioned Ledger,UK,176552.91,Settled,10.6,42.6,3.93,69.39
TXN100560,2026-06-10,Standard Chartered,BNY Mellon,Tokenised Bond,Permissioned Ledger,MEA,369388.78,Settled,9.1,36.4,3.93,145.17
TXN100561,2026-06-17,UBS,Deutsche Bank,Tokenised Bond,Permissioned Ledger,US,38278.38,Pending,,30.6,2.75,10.53
TXN100562,2026-03-15,HSBC,JPMorgan,Tokenised Real Estate Fund,Permissioned Ledger,US,101879.16,Settled,6.3,42.9,3.91,39.83
TXN100563,2026-02-12,Deutsche Bank,Citi,Regulated Stablecoin,Hybrid Network,UK,283891.74,Settled,29.8,15.0,1.72,48.83
TXN100564,2026-02-13,BNY Mellon,UBS,Tokenised Deposit,Permissioned Ledger,UK,23354.8,Settled,7.8,55.4,0.76,1.77
TXN100565,2026-01-29,BNY Mellon,Citi,Tokenised Real Estate Fund,Public Blockchain,EU,454939.18,Pending,,32.3,1.81,82.34
TXN100566,2026-05-21,Barclays,Standard Chartered,Tokenised Deposit,Hybrid Network,APAC,219614.55,Settled,16.0,39.1,0.72,15.81
TXN100567,2026-01-12,Deutsche Bank,HSBC,Tokenised Bond,Permissioned Ledger,UK,57972.12,Settled,6.0,17.6,3.61,20.93
TXN100568,2026-04-05,HSBC,Barclays,Tokenised Real Estate Fund,Hybrid Network,UK,29688.99,Settled,33.9,16.4,2.37,7.04
TXN100569,2026-02-15,Deutsche Bank,HSBC,Tokenised Deposit,Hybrid Network,MEA,18463.81,Settled,18.1,36.5,0.94,1.74
TXN100570,2026-05-10,BNY Mellon,Citi,Tokenised Deposit,Permissioned Ledger,US,83100.18,Settled,11.8,37.9,3.73,31.0
TXN100571,2026-02-04,Standard Chartered,Citi,Tokenised Bond,Permissioned Ledger,APAC,34724.43,Pending,,44.9,2.43,8.44
TXN100572,2026-03-22,BNY Mellon,UBS,Tokenised Bond,Hybrid Network,EU,27935.69,Settled,18.8,25.1,4.23,11.82
TXN100573,2026-03-31,BNY Mellon,JPMorgan,Tokenised Deposit,Public Blockchain,EU,534925.24,Settled,52.0,23.6,2.98,159.41
TXN100574,2026-01-08,Standard Chartered,Deutsche Bank,Tokenised Deposit,Hybrid Network,MEA,209918.24,Settled,33.6,11.1,3.85,80.82
TXN100575,2026-04-03,Deutsche Bank,Barclays,Tokenised Deposit,Public Blockchain,APAC,75382.11,Settled,81.8,18.3,1.6,12.06
TXN100576,2026-06-03,UBS,Deutsche Bank,Tokenised Real Estate Fund,Public Blockchain,EU,77921.99,Settled,64.8,27.6,3.36,26.18
TXN100577,2026-03-31,Citi,BNY Mellon,Tokenised Deposit,Permissioned Ledger,UK,26541.69,Pending,,36.1,2.98,7.91
TXN100578,2026-06-11,BNY Mellon,Citi,Tokenised Deposit,Hybrid Network,UK,55372.76,Settled,11.6,49.9,0.52,2.88
TXN100579,2026-04-25,BNY Mellon,Barclays,Tokenised Real Estate Fund,Permissioned Ledger,UK,69670.42,Settled,1.0,45.3,4.1,28.56
TXN100580,2026-04-15,Standard Chartered,HSBC,Tokenised Real Estate Fund,Permissioned Ledger,EU,71576.58,Settled,12.2,60.0,3.94,28.2
TXN100581,2026-05-15,Barclays,BNY Mellon,Regulated Stablecoin,Public Blockchain,APAC,45913.52,Settled,73.8,28.6,3.91,17.95
TXN100582,2026-07-15,Barclays,BNY Mellon,Tokenised Bond,Permissioned Ledger,MEA,78513.17,Settled,9.8,52.4,3.19,25.05
TXN100583,2026-02-27,Deutsche Bank,Standard Chartered,Tokenised Bond,Permissioned Ledger,APAC,25853.6,Settled,8.9,32.7,4.01,10.37
TXN100584,2026-04-24,BNY Mellon,Standard Chartered,Tokenised Bond,Public Blockchain,APAC,212958.57,Settled,88.0,28.5,2.21,47.06
TXN100585,2026-03-16,UBS,BNY Mellon,Tokenised Deposit,Hybrid Network,MEA,41740.71,Settled,5.4,49.9,3.53,14.73
TXN100586,2026-06-06,Citi,JPMorgan,Tokenised Deposit,Public Blockchain,MEA,46509.95,Settled,52.1,28.0,4.13,19.21
TXN100587,2026-04-30,UBS,BNY Mellon,Tokenised Deposit,Permissioned Ledger,APAC,159676.16,Settled,13.9,41.4,3.31,52.85
TXN100588,2026-06-13,BNY Mellon,Citi,Tokenised Real Estate Fund,Public Blockchain,UK,575125.62,Pending,,24.7,0.8,46.01
TXN100589,2026-01-21,HSBC,Citi,Regulated Stablecoin,Public Blockchain,UK,45727.5,Settled,91.6,31.1,3.81,17.42
TXN100590,2026-06-13,JPMorgan,Citi,Tokenised Equity,Permissioned Ledger,EU,19030.6,Settled,12.0,32.2,4.01,7.63
TXN100591,2026-05-18,Barclays,HSBC,Tokenised Deposit,Hybrid Network,MEA,4353.34,Pending,,26.6,0.83,0.36
TXN100592,2026-04-11,Deutsche Bank,Barclays,Tokenised Real Estate Fund,Public Blockchain,UK,187251.27,Settled,71.2,44.7,2.07,38.76
TXN100593,2026-06-01,Citi,Deutsche Bank,Tokenised Bond,Public Blockchain,MEA,12862.68,Settled,37.1,45.6,0.56,0.72
TXN100594,2026-07-11,HSBC,Barclays,Tokenised Deposit,Public Blockchain,US,47428.27,Settled,57.8,51.5,2.7,12.81
TXN100595,2026-06-26,BNY Mellon,HSBC,Tokenised Equity,Hybrid Network,UK,22608.4,Settled,17.7,34.0,3.43,7.75
TXN100596,2026-04-09,Standard Chartered,JPMorgan,Regulated Stablecoin,Permissioned Ledger,US,138903.19,Settled,3.1,20.0,3.84,53.34
TXN100597,2026-02-05,UBS,JPMorgan,Tokenised Deposit,Permissioned Ledger,MEA,961561.62,Settled,9.8,17.4,2.52,242.31
TXN100598,2026-04-06,Citi,BNY Mellon,Tokenised Deposit,Hybrid Network,UK,137497.15,Settled,31.2,34.1,3.82,52.52
TXN100599,2026-06-01,BNY Mellon,Standard Chartered,Tokenised Deposit,Permissioned Ledger,UK,14426.24,Settled,8.6,32.8,1.49,2.15
TXN100600,2026-05-31,HSBC,Deutsche Bank,Tokenised Equity,Hybrid Network,EU,799544.71,Settled,15.6,12.2,2.05,163.91
TXN100601,2026-07-09,Deutsche Bank,Standard Chartered,Tokenised Deposit,Hybrid Network,UK,27024.66,Settled,31.4,29.0,0.73,1.97
TXN100602,2026-02-06,BNY Mellon,Citi,Tokenised Real Estate Fund,Hybrid Network,EU,273146.28,Settled,17.8,28.3,3.09,84.4
TXN100603,2026-01-12,Citi,Standard Chartered,Tokenised Deposit,Public Blockchain,US,1701.25,Settled,92.6,34.6,2.31,0.39
TXN100604,2026-04-23,JPMorgan,UBS,Tokenised Deposit,Permissioned Ledger,MEA,9167.1,Settled,10.1,41.8,2.16,1.98
TXN100605,2026-07-02,JPMorgan,Deutsche Bank,Regulated Stablecoin,Hybrid Network,EU,39226.64,Settled,29.3,29.8,1.74,6.83
TXN100606,2026-01-13,UBS,Standard Chartered,Tokenised Deposit,Permissioned Ledger,MEA,231003.44,Settled,8.3,29.9,0.78,18.02
TXN100607,2026-01-23,Standard Chartered,Deutsche Bank,Tokenised Deposit,Permissioned Ledger,US,2165.45,Settled,8.3,46.3,2.61,0.57
TXN100608,2026-04-09,Citi,Barclays,Tokenised Equity,Permissioned Ledger,US,414535.16,Settled,11.3,40.2,1.56,64.67
TXN100609,2026-04-15,Standard Chartered,Barclays,Tokenised Real Estate Fund,Public Blockchain,MEA,32497.13,Settled,80.9,20.4,1.46,4.74
TXN100610,2026-01-30,BNY Mellon,Deutsche Bank,Tokenised Deposit,Hybrid Network,US,4872.13,Settled,21.0,55.2,2.14,1.04
TXN100611,2026-01-17,JPMorgan,UBS,Regulated Stablecoin,Public Blockchain,UK,124512.07,Settled,40.9,39.9,3.52,43.83
TXN100612,2026-04-23,Citi,Deutsche Bank,Tokenised Deposit,Hybrid Network,US,359333.99,Settled,18.3,35.3,4.47,160.62
TXN100613,2026-03-03,BNY Mellon,Deutsche Bank,Tokenised Equity,Permissioned Ledger,EU,18049.32,Settled,7.5,12.2,2.41,4.35
TXN100614,2026-03-25,Standard Chartered,Deutsche Bank,Tokenised Bond,Permissioned Ledger,UK,277586.38,Settled,14.2,51.4,1.21,33.59
TXN100615,2026-04-22,Citi,Barclays,Tokenised Equity,Public Blockchain,UK,601.54,Settled,25.8,33.0,3.44,0.21
TXN100616,2026-03-27,UBS,Deutsche Bank,Regulated Stablecoin,Hybrid Network,UK,28294.36,Pending,,15.4,3.68,10.41
TXN100617,2026-05-21,Barclays,BNY Mellon,Tokenised Bond,Permissioned Ledger,MEA,10065.43,Settled,9.0,23.4,2.76,2.78
TXN100618,2026-07-06,Citi,BNY Mellon,Regulated Stablecoin,Hybrid Network,US,55719.81,Settled,29.3,42.0,1.52,8.47
TXN100619,2026-01-19,UBS,Citi,Tokenised Equity,Public Blockchain,UK,63345.83,Pending,,35.7,2.27,14.38
TXN100620,2026-06-26,JPMorgan,Citi,Tokenised Deposit,Public Blockchain,APAC,212318.78,Settled,66.0,26.7,3.78,80.26
TXN100621,2026-04-10,Deutsche Bank,Citi,Tokenised Real Estate Fund,Permissioned Ledger,EU,706695.72,Settled,16.3,17.4,1.18,83.39
TXN100622,2026-05-20,BNY Mellon,Citi,Tokenised Deposit,Permissioned Ledger,US,41334.79,Settled,9.9,28.5,0.68,2.81
TXN100623,2026-07-08,Standard Chartered,Barclays,Regulated Stablecoin,Permissioned Ledger,US,65839.53,Settled,6.9,50.9,1.81,11.92
TXN100624,2026-05-27,HSBC,Barclays,Regulated Stablecoin,Permissioned Ledger,US,3392.2,Settled,7.3,37.6,3.07,1.04
TXN100625,2026-03-17,Barclays,HSBC,Tokenised Deposit,Permissioned Ledger,EU,55923.69,Settled,12.5,31.3,4.47,25.0
TXN100626,2026-01-09,Deutsche Bank,Barclays,Regulated Stablecoin,Permissioned Ledger,MEA,11855.35,Settled,9.6,73.1,1.63,1.93
TXN100627,2026-07-18,JPMorgan,Deutsche Bank,Tokenised Real Estate Fund,Hybrid Network,MEA,86186.36,Pending,,36.9,3.07,26.46
TXN100628,2026-01-28,HSBC,UBS,Regulated Stablecoin,Hybrid Network,US,365223.24,Settled,11.4,33.7,1.6,58.44
TXN100629,2026-05-08,Deutsche Bank,HSBC,Tokenised Equity,Permissioned Ledger,APAC,15445.1,Settled,7.5,58.0,2.11,3.26
TXN100630,2026-02-21,Standard Chartered,BNY Mellon,Tokenised Deposit,Permissioned Ledger,UK,27931.55,Settled,7.4,27.2,4.3,12.01
TXN100631,2026-03-24,HSBC,UBS,Tokenised Deposit,Public Blockchain,UK,779739.97,Settled,71.5,29.6,3.47,270.57
TXN100632,2026-04-21,JPMorgan,Standard Chartered,Regulated Stablecoin,Permissioned Ledger,APAC,107762.84,Settled,6.9,36.4,1.91,20.58
TXN100633,2026-05-24,Deutsche Bank,BNY Mellon,Tokenised Deposit,Permissioned Ledger,US,148355.43,Settled,11.9,36.4,1.9,28.19
TXN100634,2026-04-27,Standard Chartered,HSBC,Tokenised Bond,Permissioned Ledger,US,664221.15,Settled,7.2,33.9,0.67,44.5
TXN100635,2026-03-10,Barclays,Citi,Tokenised Bond,Public Blockchain,EU,106532.94,Settled,40.8,42.4,3.37,35.9
TXN100636,2026-04-09,Citi,JPMorgan,Regulated Stablecoin,Permissioned Ledger,APAC,276603.53,Settled,8.4,8.3,2.47,68.32
TXN100637,2026-05-20,Deutsche Bank,UBS,Regulated Stablecoin,Permissioned Ledger,US,37447.23,Settled,5.7,39.1,2.92,10.93
TXN100638,2026-01-25,UBS,Standard Chartered,Tokenised Deposit,Permissioned Ledger,US,174339.29,Settled,4.7,36.2,3.61,62.94
TXN100639,2026-06-29,Citi,Barclays,Tokenised Equity,Public Blockchain,EU,806331.19,Settled,48.1,15.9,3.1,249.96
TXN100640,2026-05-03,Citi,BNY Mellon,Tokenised Deposit,Hybrid Network,APAC,42547.75,Settled,27.2,47.2,1.1,4.68
TXN100641,2026-02-22,Citi,Barclays,Tokenised Bond,Public Blockchain,US,8895.56,Settled,67.2,21.6,2.2,1.96
TXN100642,2026-05-31,Standard Chartered,HSBC,Tokenised Bond,Permissioned Ledger,MEA,167994.45,Settled,9.2,24.8,0.96,16.13
TXN100643,2026-05-24,UBS,Barclays,Regulated Stablecoin,Permissioned Ledger,APAC,27113.49,Settled,5.3,6.5,1.97,5.34
TXN100644,2026-02-26,Deutsche Bank,Barclays,Tokenised Deposit,Permissioned Ledger,EU,38744.97,Settled,2.6,29.2,0.59,2.29
TXN100645,2026-02-08,UBS,Citi,Tokenised Equity,Permissioned Ledger,MEA,27453.04,Settled,7.2,54.0,3.51,9.64
TXN100646,2026-04-19,Barclays,Deutsche Bank,Tokenised Real Estate Fund,Public Blockchain,MEA,94344.62,Settled,53.0,37.4,2.33,21.98
TXN100647,2026-06-30,Citi,JPMorgan,Regulated Stablecoin,Permissioned Ledger,MEA,53010.48,Failed,,56.1,1.4,7.42
TXN100648,2026-02-11,HSBC,Standard Chartered,Tokenised Deposit,Permissioned Ledger,UK,9820.49,Settled,3.7,49.2,3.1,3.04
TXN100649,2026-07-05,UBS,Barclays,Regulated Stablecoin,Permissioned Ledger,MEA,36495.46,Settled,13.1,44.4,3.92,14.31
TXN100650,2026-06-16,UBS,BNY Mellon,Tokenised Deposit,Public Blockchain,MEA,18734.65,Settled,52.2,33.9,2.11,3.95
TXN100651,2026-05-22,UBS,Standard Chartered,Regulated Stablecoin,Permissioned Ledger,MEA,1381.1,Pending,,45.6,1.18,0.16
TXN100652,2026-05-02,UBS,HSBC,Tokenised Deposit,Permissioned Ledger,MEA,35665.57,Settled,9.5,42.1,3.83,13.66
TXN100653,2026-05-13,HSBC,Standard Chartered,Tokenised Deposit,Permissioned Ledger,EU,796643.87,Settled,4.6,46.0,4.03,321.05
TXN100654,2026-06-12,Barclays,HSBC,Regulated Stablecoin,Permissioned Ledger,MEA,3836.19,Settled,7.5,55.4,3.64,1.4
TXN100655,2026-03-16,HSBC,JPMorgan,Tokenised Deposit,Public Blockchain,EU,90882.21,Settled,43.2,51.9,2.95,26.81
TXN100656,2026-05-26,BNY Mellon,Standard Chartered,Regulated Stablecoin,Public Blockchain,MEA,22794.71,Settled,30.8,33.1,2.32,5.29
TXN100657,2026-03-17,HSBC,Barclays,Tokenised Bond,Permissioned Ledger,APAC,80941.92,Settled,6.4,46.1,4.0,32.38
TXN100658,2026-01-09,Barclays,JPMorgan,Tokenised Equity,Permissioned Ledger,UK,149340.57,Settled,6.4,39.1,2.14,31.96
TXN100659,2026-03-15,Barclays,HSBC,Regulated Stablecoin,Permissioned Ledger,MEA,69762.8,Settled,8.1,19.5,2.61,18.21
TXN100660,2026-07-05,UBS,BNY Mellon,Tokenised Equity,Public Blockchain,US,10709.11,Settled,40.8,16.5,3.83,4.1
TXN100661,2026-05-25,Citi,Barclays,Tokenised Deposit,Public Blockchain,EU,14271.78,Settled,36.7,37.7,3.49,4.98
TXN100662,2026-01-07,HSBC,Deutsche Bank,Tokenised Deposit,Permissioned Ledger,US,1198657.83,Pending,,26.8,3.38,405.15
TXN100663,2026-06-23,Barclays,JPMorgan,Regulated Stablecoin,Public Blockchain,APAC,363015.48,Settled,91.8,29.2,2.59,94.02
TXN100664,2026-05-21,Standard Chartered,BNY Mellon,Tokenised Deposit,Permissioned Ledger,MEA,202874.07,Settled,4.3,39.7,4.12,83.58
TXN100665,2026-06-17,JPMorgan,Citi,Tokenised Deposit,Public Blockchain,UK,11990.88,Settled,41.2,29.4,4.11,4.93
TXN100666,2026-06-19,JPMorgan,UBS,Tokenised Bond,Permissioned Ledger,APAC,26357.82,Settled,8.8,25.7,3.22,8.49
TXN100667,2026-05-17,Deutsche Bank,Standard Chartered,Tokenised Bond,Permissioned Ledger,EU,318135.94,Settled,7.8,55.9,2.91,92.58
TXN100668,2026-06-27,Citi,BNY Mellon,Tokenised Deposit,Hybrid Network,US,241100.88,Settled,9.9,12.4,2.25,54.25
TXN100669,2026-01-27,JPMorgan,UBS,Tokenised Deposit,Permissioned Ledger,UK,27910.27,Settled,6.2,23.7,2.87,8.01
TXN100670,2026-05-02,UBS,BNY Mellon,Tokenised Deposit,Permissioned Ledger,US,173911.55,Settled,10.5,47.4,2.41,41.91
TXN100671,2026-07-13,Barclays,Citi,Regulated Stablecoin,Permissioned Ledger,MEA,291858.47,Settled,11.4,21.4,0.63,18.39
TXN100672,2026-01-05,BNY Mellon,UBS,Regulated Stablecoin,Hybrid Network,MEA,93300.49,Settled,40.0,36.9,2.57,23.98
TXN100673,2026-01-29,Barclays,Deutsche Bank,Regulated Stablecoin,Public Blockchain,MEA,227139.98,Settled,65.3,34.3,1.19,27.03
TXN100674,2026-06-14,Deutsche Bank,Standard Chartered,Regulated Stablecoin,Public Blockchain,US,161163.37,Settled,76.5,22.5,3.85,62.05
TXN100675,2026-06-15,Standard Chartered,UBS,Tokenised Deposit,Hybrid Network,US,14449.4,Settled,14.9,38.7,2.35,3.4
TXN100676,2026-03-24,JPMorgan,UBS,Tokenised Equity,Hybrid Network,UK,10535.03,Settled,38.4,54.6,2.65,2.79
TXN100677,2026-05-16,Deutsche Bank,Barclays,Tokenised Equity,Permissioned Ledger,APAC,90787.92,Settled,6.1,37.4,1.08,9.81
TXN100678,2026-04-19,JPMorgan,HSBC,Regulated Stablecoin,Permissioned Ledger,MEA,157781.89,Failed,,34.0,4.23,66.74
TXN100679,2026-03-06,HSBC,Barclays,Tokenised Bond,Public Blockchain,APAC,19292.06,Pending,,22.4,4.0,7.72
TXN100680,2026-03-27,HSBC,Deutsche Bank,Regulated Stablecoin,Public Blockchain,US,75670.0,Settled,45.4,42.1,1.7,12.86
TXN100681,2026-05-25,Citi,UBS,Tokenised Bond,Public Blockchain,UK,23288.92,Settled,56.9,23.3,3.76,8.76
TXN100682,2026-03-12,BNY Mellon,UBS,Tokenised Equity,Public Blockchain,EU,122706.86,Settled,53.1,34.6,2.96,36.32
TXN100683,2026-02-14,Standard Chartered,Barclays,Tokenised Deposit,Permissioned Ledger,APAC,72553.73,Settled,8.1,40.4,3.65,26.48
TXN100684,2026-05-12,JPMorgan,Standard Chartered,Tokenised Equity,Public Blockchain,MEA,108245.96,Settled,55.7,45.0,3.02,32.69
TXN100685,2026-02-05,UBS,Deutsche Bank,Regulated Stablecoin,Permissioned Ledger,EU,20773.77,Settled,1.6,34.2,4.2,8.72
TXN100686,2026-03-11,Deutsche Bank,JPMorgan,Tokenised Deposit,Public Blockchain,US,69744.18,Settled,70.3,24.2,1.58,11.02
TXN100687,2026-06-08,Standard Chartered,HSBC,Tokenised Equity,Permissioned Ledger,EU,125370.05,Settled,10.2,41.4,1.53,19.18
TXN100688,2026-01-19,Deutsche Bank,UBS,Tokenised Deposit,Permissioned Ledger,UK,1533.14,Settled,4.1,49.6,3.0,0.46
TXN100689,2026-07-08,Standard Chartered,Citi,Regulated Stablecoin,Permissioned Ledger,EU,5814.65,Settled,12.7,28.7,2.31,1.34
TXN100690,2026-04-18,JPMorgan,HSBC,Tokenised Equity,Hybrid Network,MEA,8773.89,Settled,8.2,38.4,0.64,0.56
TXN100691,2026-07-01,Standard Chartered,HSBC,Tokenised Bond,Public Blockchain,US,44148.79,Settled,41.4,54.3,3.98,17.57
TXN100692,2026-06-16,BNY Mellon,HSBC,Regulated Stablecoin,Permissioned Ledger,US,191872.66,Settled,9.4,41.8,0.63,12.09
TXN100693,2026-04-01,HSBC,Citi,Tokenised Real Estate Fund,Permissioned Ledger,EU,37442.37,Settled,6.0,47.5,2.48,9.29
TXN100694,2026-03-31,Deutsche Bank,Barclays,Tokenised Bond,Permissioned Ledger,MEA,44564.69,Settled,10.9,13.4,2.0,8.91
TXN100695,2026-01-19,JPMorgan,Standard Chartered,Tokenised Deposit,Permissioned Ledger,APAC,389091.45,Settled,8.3,47.7,2.67,103.89
TXN100696,2026-02-08,JPMorgan,Barclays,Regulated Stablecoin,Permissioned Ledger,APAC,436623.86,Settled,6.4,36.3,2.76,120.51
TXN100697,2026-05-06,Standard Chartered,Barclays,Tokenised Bond,Public Blockchain,US,18337.03,Pending,,27.8,3.8,6.97
TXN100698,2026-07-14,Citi,Standard Chartered,Tokenised Deposit,Permissioned Ledger,MEA,109840.19,Settled,10.4,15.6,4.04,44.38
TXN100699,2026-06-22,HSBC,BNY Mellon,Regulated Stablecoin,Permissioned Ledger,MEA,54881.74,Settled,7.7,33.5,1.67,9.17
TXN100700,2026-05-21,Barclays,BNY Mellon,Tokenised Equity,Permissioned Ledger,US,32213.33,Settled,12.9,47.6,3.58,11.53
TXN100701,2026-05-06,Citi,Deutsche Bank,Tokenised Bond,Permissioned Ledger,MEA,474133.22,Settled,12.0,47.1,1.21,57.37
TXN100702,2026-02-27,JPMorgan,UBS,Tokenised Deposit,Hybrid Network,APAC,84861.59,Settled,16.8,25.1,4.41,37.42
TXN100703,2026-05-28,Citi,Standard Chartered,Tokenised Deposit,Permissioned Ledger,US,276260.55,Settled,2.6,49.1,2.4,66.3
TXN100704,2026-07-19,Standard Chartered,Deutsche Bank,Tokenised Bond,Public Blockchain,UK,135330.95,Settled,82.2,23.7,0.82,11.1
TXN100705,2026-03-02,Barclays,HSBC,Regulated Stablecoin,Public Blockchain,EU,32041.73,Settled,69.6,53.5,1.54,4.93
TXN100706,2026-05-07,BNY Mellon,HSBC,Tokenised Real Estate Fund,Hybrid Network,APAC,195493.13,Settled,23.2,21.5,4.19,81.91
TXN100707,2026-04-15,JPMorgan,BNY Mellon,Tokenised Equity,Public Blockchain,MEA,64457.68,Settled,39.2,44.4,2.25,14.5
TXN100708,2026-06-16,UBS,JPMorgan,Tokenised Equity,Public Blockchain,US,19047.21,Settled,67.8,42.8,2.93,5.58
TXN100709,2026-01-01,Deutsche Bank,JPMorgan,Regulated Stablecoin,Hybrid Network,US,83646.37,Settled,33.8,34.8,0.92,7.7
TXN100710,2026-05-11,JPMorgan,HSBC,Regulated Stablecoin,Public Blockchain,MEA,45662.19,Failed,,39.3,0.73,3.33
TXN100711,2026-04-02,Citi,Barclays,Regulated Stablecoin,Hybrid Network,APAC,26105.94,Settled,36.0,44.6,2.39,6.24
TXN100712,2026-07-09,BNY Mellon,Deutsche Bank,Regulated Stablecoin,Permissioned Ledger,MEA,21576.55,Settled,4.4,22.1,3.48,7.51
TXN100713,2026-07-10,UBS,Standard Chartered,Tokenised Deposit,Permissioned Ledger,MEA,1127762.84,Settled,6.4,49.5,3.07,346.22
TXN100714,2026-04-23,Standard Chartered,Deutsche Bank,Tokenised Deposit,Permissioned Ledger,MEA,146999.47,Settled,6.7,37.7,4.42,64.97
TXN100715,2026-06-02,Barclays,BNY Mellon,Tokenised Deposit,Permissioned Ledger,US,56462.97,Settled,8.9,29.1,0.62,3.5
TXN100716,2026-02-25,BNY Mellon,Barclays,Tokenised Equity,Permissioned Ledger,UK,116919.58,Settled,8.8,50.3,1.93,22.57
TXN100717,2026-06-10,HSBC,Deutsche Bank,Tokenised Deposit,Public Blockchain,APAC,142146.97,Settled,56.4,23.8,2.09,29.71
TXN100718,2026-06-15,BNY Mellon,HSBC,Tokenised Real Estate Fund,Permissioned Ledger,EU,27458.67,Settled,2.1,15.2,2.16,5.93
TXN100719,2026-04-27,Citi,Barclays,Regulated Stablecoin,Public Blockchain,UK,708890.93,Settled,87.8,57.4,1.98,140.36
TXN100720,2026-05-14,HSBC,Standard Chartered,Tokenised Bond,Permissioned Ledger,UK,113889.31,Settled,8.9,53.6,2.16,24.6
TXN100721,2026-02-27,HSBC,BNY Mellon,Tokenised Equity,Permissioned Ledger,MEA,2291.24,Settled,9.1,36.8,2.63,0.6
TXN100722,2026-02-13,Standard Chartered,Barclays,Tokenised Real Estate Fund,Permissioned Ledger,MEA,40073.83,Settled,6.6,43.2,2.04,8.18
TXN100723,2026-06-22,HSBC,Citi,Tokenised Real Estate Fund,Hybrid Network,EU,148664.23,Settled,42.0,35.6,3.58,53.22
TXN100724,2026-06-09,Barclays,Deutsche Bank,Tokenised Bond,Permissioned Ledger,US,4074.45,Settled,7.4,25.6,3.81,1.55
TXN100725,2026-06-22,UBS,Deutsche Bank,Regulated Stablecoin,Public Blockchain,MEA,253636.64,Settled,45.0,32.3,1.55,39.31
TXN100726,2026-03-02,Standard Chartered,UBS,Tokenised Equity,Permissioned Ledger,EU,95563.28,Settled,8.2,53.8,0.75,7.17
TXN100727,2026-02-16,Citi,JPMorgan,Tokenised Bond,Hybrid Network,US,15642.98,Settled,28.6,27.8,3.08,4.82
TXN100728,2026-05-29,Citi,HSBC,Tokenised Bond,Hybrid Network,EU,223632.15,Settled,18.0,20.3,3.19,71.34
TXN100729,2026-03-21,Citi,Standard Chartered,Tokenised Deposit,Hybrid Network,US,24817.08,Settled,16.9,54.0,2.11,5.24
TXN100730,2026-04-28,JPMorgan,Barclays,Tokenised Equity,Hybrid Network,EU,82116.12,Settled,26.2,34.5,4.45,36.54
TXN100731,2026-06-13,HSBC,JPMorgan,Regulated Stablecoin,Public Blockchain,EU,67814.8,Settled,79.1,19.2,1.65,11.19
TXN100732,2026-05-27,Barclays,Citi,Tokenised Deposit,Public Blockchain,MEA,35503.76,Settled,74.4,18.7,1.84,6.53
TXN100733,2026-01-20,JPMorgan,HSBC,Tokenised Deposit,Permissioned Ledger,UK,69529.19,Settled,7.1,30.8,1.9,13.21
TXN100734,2026-07-04,Deutsche Bank,Citi,Tokenised Equity,Public Blockchain,US,44920.17,Settled,41.7,31.7,4.29,19.27
TXN100735,2026-05-26,Standard Chartered,UBS,Tokenised Bond,Hybrid Network,APAC,413935.45,Failed,,52.5,0.92,38.08
TXN100736,2026-02-16,Deutsche Bank,UBS,Regulated Stablecoin,Hybrid Network,MEA,43597.85,Settled,27.9,44.3,1.94,8.46
TXN100737,2026-02-18,BNY Mellon,JPMorgan,Tokenised Deposit,Public Blockchain,APAC,4289.9,Settled,88.1,33.3,2.86,1.23
TXN100738,2026-01-14,JPMorgan,HSBC,Tokenised Deposit,Public Blockchain,US,302911.36,Settled,77.4,58.9,1.94,58.76
TXN100739,2026-05-23,Standard Chartered,Barclays,Regulated Stablecoin,Permissioned Ledger,US,31942.31,Settled,11.2,32.9,1.51,4.82
TXN100740,2026-06-08,BNY Mellon,Citi,Tokenised Real Estate Fund,Public Blockchain,MEA,125321.69,Settled,46.1,51.7,3.28,41.11
TXN100741,2026-01-01,Deutsche Bank,BNY Mellon,Tokenised Deposit,Permissioned Ledger,MEA,7682.06,Settled,13.1,37.7,2.54,1.95
TXN100742,2026-04-27,BNY Mellon,Barclays,Tokenised Bond,Permissioned Ledger,UK,178960.91,Settled,9.8,31.9,4.11,73.55
TXN100743,2026-02-23,UBS,Deutsche Bank,Regulated Stablecoin,Hybrid Network,MEA,85597.7,Pending,,38.4,1.26,10.79
TXN100744,2026-04-28,Barclays,Deutsche Bank,Tokenised Equity,Hybrid Network,US,16835.85,Pending,,35.8,2.55,4.29
TXN100745,2026-01-03,UBS,HSBC,Tokenised Deposit,Permissioned Ledger,UK,35501.45,Settled,6.5,23.7,2.17,7.7
TXN100746,2026-05-24,UBS,Standard Chartered,Tokenised Bond,Permissioned Ledger,EU,47384.78,Settled,10.0,29.6,2.67,12.65
TXN100747,2026-07-04,HSBC,Standard Chartered,Regulated Stablecoin,Permissioned Ledger,MEA,15225.12,Settled,13.0,33.1,2.98,4.54
TXN100748,2026-01-12,BNY Mellon,HSBC,Tokenised Equity,Permissioned Ledger,EU,20697.19,Settled,6.4,48.7,2.8,5.8
TXN100749,2026-03-15,Citi,Barclays,Tokenised Deposit,Permissioned Ledger,EU,7339.2,Pending,,43.1,0.63,0.46
TXN100750,2026-01-16,Barclays,UBS,Tokenised Bond,Public Blockchain,US,481077.33,Settled,58.7,30.4,4.07,195.8
TXN100751,2026-07-19,Standard Chartered,JPMorgan,Tokenised Bond,Public Blockchain,UK,223951.24,Settled,52.7,30.0,2.31,51.73
TXN100752,2026-04-12,HSBC,UBS,Tokenised Bond,Public Blockchain,UK,19072.15,Settled,65.4,33.4,2.09,3.99
TXN100753,2026-06-01,UBS,BNY Mellon,Regulated Stablecoin,Public Blockchain,EU,12950.76,Settled,68.0,18.6,2.19,2.84
TXN100754,2026-06-05,Citi,Barclays,Tokenised Bond,Permissioned Ledger,US,81251.92,Settled,11.7,50.6,1.67,13.57
TXN100755,2026-04-27,Standard Chartered,Deutsche Bank,Tokenised Bond,Hybrid Network,MEA,226838.75,Settled,31.8,47.6,2.86,64.88
TXN100756,2026-01-08,Barclays,UBS,Tokenised Bond,Hybrid Network,MEA,71469.57,Settled,32.1,9.2,1.34,9.58
TXN100757,2026-05-02,Barclays,UBS,Tokenised Deposit,Permissioned Ledger,APAC,690412.53,Settled,9.1,35.5,1.9,131.18
TXN100758,2026-04-02,JPMorgan,Standard Chartered,Tokenised Bond,Permissioned Ledger,APAC,18130.57,Settled,6.5,27.8,2.39,4.33
TXN100759,2026-06-13,Citi,BNY Mellon,Regulated Stablecoin,Hybrid Network,US,364063.47,Settled,34.1,23.2,0.51,18.57
TXN100760,2026-03-31,Standard Chartered,BNY Mellon,Tokenised Equity,Permissioned Ledger,US,58271.59,Settled,2.8,20.4,1.84,10.72
TXN100761,2026-05-16,Standard Chartered,Citi,Regulated Stablecoin,Public Blockchain,US,38591.59,Settled,40.4,57.6,1.22,4.71
TXN100762,2026-07-05,Standard Chartered,HSBC,Regulated Stablecoin,Public Blockchain,UK,22601.22,Settled,66.8,29.5,4.28,9.67
TXN100763,2026-03-01,JPMorgan,UBS,Tokenised Deposit,Public Blockchain,US,635255.35,Settled,73.1,26.4,3.24,205.82
TXN100764,2026-06-27,Barclays,HSBC,Tokenised Equity,Public Blockchain,US,40405.91,Pending,,41.0,0.88,3.56
TXN100765,2026-01-28,HSBC,Standard Chartered,Tokenised Deposit,Permissioned Ledger,APAC,68253.56,Settled,9.2,44.4,0.84,5.73
TXN100766,2026-04-11,Deutsche Bank,Standard Chartered,Regulated Stablecoin,Public Blockchain,MEA,72178.25,Settled,58.3,37.9,3.56,25.7
TXN100767,2026-02-10,Citi,Barclays,Tokenised Deposit,Public Blockchain,EU,89474.51,Settled,53.7,39.2,2.37,21.21
TXN100768,2026-07-11,Standard Chartered,Deutsche Bank,Tokenised Real Estate Fund,Permissioned Ledger,APAC,14619.83,Settled,7.3,61.6,4.21,6.15
TXN100769,2026-06-04,JPMorgan,Deutsche Bank,Regulated Stablecoin,Public Blockchain,MEA,237623.04,Settled,65.8,35.0,4.19,99.56
TXN100770,2026-07-10,Standard Chartered,BNY Mellon,Tokenised Equity,Permissioned Ledger,EU,42128.99,Settled,4.7,15.3,1.93,8.13
TXN100771,2026-05-25,Standard Chartered,BNY Mellon,Tokenised Deposit,Permissioned Ledger,MEA,51157.28,Settled,7.9,24.2,3.29,16.83
TXN100772,2026-06-10,JPMorgan,UBS,Tokenised Bond,Permissioned Ledger,MEA,386390.03,Settled,8.9,12.4,1.05,40.57
TXN100773,2026-06-06,BNY Mellon,Citi,Tokenised Equity,Permissioned Ledger,APAC,108996.64,Settled,7.3,38.3,3.94,42.94
TXN100774,2026-05-21,Citi,JPMorgan,Regulated Stablecoin,Permissioned Ledger,APAC,28520.65,Settled,7.4,12.3,1.65,4.71
TXN100775,2026-02-15,Citi,Standard Chartered,Tokenised Deposit,Public Blockchain,APAC,184809.84,Settled,76.2,40.0,2.44,45.09
TXN100776,2026-02-04,HSBC,Barclays,Tokenised Bond,Hybrid Network,MEA,11485.11,Settled,22.8,28.3,4.5,5.17
TXN100777,2026-05-14,JPMorgan,BNY Mellon,Tokenised Deposit,Permissioned Ledger,APAC,19156.21,Settled,7.7,33.9,3.57,6.84
TXN100778,2026-03-23,UBS,Standard Chartered,Tokenised Equity,Permissioned Ledger,UK,96993.23,Settled,6.5,38.2,1.74,16.88
TXN100779,2026-04-25,Citi,HSBC,Tokenised Deposit,Public Blockchain,MEA,378386.35,Settled,94.2,65.7,1.89,71.52
TXN100780,2026-07-16,HSBC,JPMorgan,Tokenised Bond,Public Blockchain,EU,148779.42,Settled,71.0,35.6,3.02,44.93
TXN100781,2026-02-16,JPMorgan,Deutsche Bank,Tokenised Deposit,Permissioned Ledger,EU,234211.38,Settled,10.5,34.0,4.47,104.69
TXN100782,2026-06-02,BNY Mellon,JPMorgan,Tokenised Deposit,Permissioned Ledger,APAC,1074925.87,Settled,8.5,38.8,3.05,327.85
TXN100783,2026-07-13,HSBC,BNY Mellon,Tokenised Equity,Public Blockchain,UK,63044.18,Settled,79.5,22.4,3.2,20.17
TXN100784,2026-01-10,HSBC,Standard Chartered,Tokenised Deposit,Permissioned Ledger,MEA,120434.45,Settled,9.7,63.0,2.92,35.17
TXN100785,2026-02-25,JPMorgan,Deutsche Bank,Tokenised Equity,Permissioned Ledger,MEA,18399.93,Settled,7.4,71.8,1.72,3.16
TXN100786,2026-01-30,Deutsche Bank,UBS,Tokenised Real Estate Fund,Public Blockchain,EU,36742.02,Settled,33.9,41.3,1.99,7.31
TXN100787,2026-04-19,Deutsche Bank,Citi,Tokenised Bond,Public Blockchain,EU,9284.96,Settled,56.5,48.0,2.15,2.0
TXN100788,2026-01-05,Citi,Standard Chartered,Tokenised Deposit,Permissioned Ledger,EU,111894.09,Settled,4.9,36.8,2.68,29.99
TXN100789,2026-04-29,Citi,JPMorgan,Tokenised Deposit,Permissioned Ledger,EU,8244.41,Settled,7.1,23.1,4.12,3.4
TXN100790,2026-02-02,Deutsche Bank,Barclays,Tokenised Real Estate Fund,Hybrid Network,UK,6385.68,Settled,33.0,35.0,1.25,0.8
TXN100791,2026-04-28,Deutsche Bank,UBS,Tokenised Bond,Public Blockchain,APAC,51182.41,Settled,48.1,34.0,4.15,21.24
TXN100792,2026-03-06,BNY Mellon,Standard Chartered,Tokenised Bond,Permissioned Ledger,UK,13953.1,Settled,5.7,36.4,3.48,4.86
TXN100793,2026-05-26,BNY Mellon,Deutsche Bank,Tokenised Bond,Permissioned Ledger,MEA,6351.83,Settled,10.9,21.0,2.21,1.4
TXN100794,2026-06-26,Barclays,HSBC,Tokenised Equity,Hybrid Network,UK,106334.12,Settled,22.3,42.4,3.3,35.09
TXN100795,2026-01-11,JPMorgan,HSBC,Regulated Stablecoin,Hybrid Network,APAC,205460.01,Settled,11.5,30.5,1.92,39.45
TXN100796,2026-03-26,Deutsche Bank,UBS,Tokenised Deposit,Permissioned Ledger,EU,3438.23,Settled,5.4,35.4,0.82,0.28
TXN100797,2026-01-26,Barclays,Deutsche Bank,Tokenised Deposit,Public Blockchain,APAC,78693.83,Settled,41.1,26.7,3.44,27.07
TXN100798,2026-03-04,Citi,Standard Chartered,Tokenised Deposit,Public Blockchain,APAC,11874.73,Settled,69.0,27.5,4.33,5.14
TXN100799,2026-03-27,BNY Mellon,Barclays,Tokenised Equity,Permissioned Ledger,UK,29719.91,Settled,6.4,39.9,3.72,11.06
TXN100800,2026-02-28,JPMorgan,BNY Mellon,Tokenised Deposit,Permissioned Ledger,US,37146.87,Settled,8.9,22.0,1.52,5.65
TXN100801,2026-01-27,Standard Chartered,UBS,Tokenised Deposit,Public Blockchain,APAC,37594.48,Settled,40.0,51.2,0.94,3.53
TXN100802,2026-06-26,Barclays,UBS,Tokenised Deposit,Public Blockchain,EU,18216.54,Settled,50.2,16.6,0.56,1.02
TXN100803,2026-06-10,UBS,HSBC,Tokenised Deposit,Permissioned Ledger,US,3553.36,Settled,9.3,27.4,2.25,0.8
TXN100804,2026-04-08,Deutsche Bank,BNY Mellon,Tokenised Bond,Permissioned Ledger,EU,472459.58,Settled,7.6,34.4,4.47,211.19
TXN100805,2026-04-15,HSBC,Barclays,Regulated Stablecoin,Hybrid Network,MEA,6602.8,Settled,29.5,24.8,2.92,1.93
TXN100806,2026-04-09,Deutsche Bank,Barclays,Tokenised Deposit,Permissioned Ledger,APAC,144525.34,Settled,12.9,48.1,1.87,27.03
TXN100807,2026-05-09,Citi,Deutsche Bank,Tokenised Deposit,Hybrid Network,EU,5284.56,Settled,31.9,8.5,3.87,2.05
TXN100808,2026-05-29,JPMorgan,BNY Mellon,Regulated Stablecoin,Permissioned Ledger,US,142959.87,Settled,11.4,22.7,3.69,52.75
TXN100809,2026-02-24,HSBC,Barclays,Tokenised Equity,Permissioned Ledger,MEA,15799.13,Settled,9.5,31.9,0.58,0.92
TXN100810,2026-01-06,UBS,Citi,Regulated Stablecoin,Hybrid Network,EU,30744.78,Failed,,30.6,1.08,3.32
TXN100811,2026-07-16,Deutsche Bank,UBS,Tokenised Real Estate Fund,Permissioned Ledger,MEA,5067930.64,Settled,13.7,50.0,2.52,1277.12
TXN100812,2026-04-05,HSBC,Deutsche Bank,Tokenised Equity,Hybrid Network,APAC,23546.29,Settled,42.1,59.3,1.9,4.47
TXN100813,2026-05-13,Citi,HSBC,Tokenised Real Estate Fund,Permissioned Ledger,EU,181404.48,Settled,7.2,27.9,1.99,36.1
TXN100814,2026-04-12,Standard Chartered,UBS,Tokenised Deposit,Public Blockchain,EU,67750.89,Pending,,34.7,2.1,14.23
TXN100815,2026-01-03,Citi,Deutsche Bank,Tokenised Deposit,Permissioned Ledger,US,24892.49,Failed,,36.0,1.06,2.64
TXN100816,2026-06-30,Barclays,Standard Chartered,Tokenised Deposit,Public Blockchain,MEA,151625.56,Pending,,44.5,2.93,44.43
TXN100817,2026-01-23,Citi,Barclays,Regulated Stablecoin,Public Blockchain,APAC,164392.35,Settled,68.8,39.9,1.36,22.36
TXN100818,2026-02-22,Citi,Barclays,Tokenised Deposit,Permissioned Ledger,UK,416840.01,Pending,,41.4,2.51,104.63
TXN100819,2026-06-14,Standard Chartered,HSBC,Regulated Stablecoin,Permissioned Ledger,UK,217129.04,Settled,7.8,39.0,1.41,30.62
TXN100820,2026-03-24,BNY Mellon,Citi,Tokenised Deposit,Public Blockchain,EU,7763.23,Settled,41.4,8.6,3.95,3.07
TXN100821,2026-05-25,HSBC,Deutsche Bank,Tokenised Real Estate Fund,Permissioned Ledger,US,21647.2,Settled,3.1,42.7,3.8,8.23
TXN100822,2026-03-26,JPMorgan,BNY Mellon,Tokenised Deposit,Public Blockchain,MEA,64378.18,Settled,51.5,28.4,3.64,23.43
TXN100823,2026-03-19,HSBC,Deutsche Bank,Tokenised Deposit,Public Blockchain,US,13630.39,Settled,99.1,44.2,2.87,3.91
TXN100824,2026-04-20,BNY Mellon,Citi,Regulated Stablecoin,Public Blockchain,US,210450.12,Settled,92.0,18.2,1.17,24.62
TXN100825,2026-01-01,Standard Chartered,JPMorgan,Regulated Stablecoin,Public Blockchain,MEA,25036.53,Settled,83.5,26.7,3.09,7.74
TXN100826,2026-02-20,JPMorgan,HSBC,Regulated Stablecoin,Public Blockchain,APAC,123789.89,Settled,56.9,40.1,1.51,18.69
TXN100827,2026-06-22,Standard Chartered,Citi,Tokenised Deposit,Permissioned Ledger,APAC,301495.35,Settled,4.2,36.7,4.41,132.96
TXN100828,2026-01-04,Citi,Standard Chartered,Tokenised Deposit,Hybrid Network,MEA,175803.43,Settled,14.1,38.3,2.63,46.24
TXN100829,2026-07-09,HSBC,Citi,Tokenised Bond,Permissioned Ledger,MEA,265043.25,Settled,5.4,19.1,0.84,22.26
TXN100830,2026-07-12,JPMorgan,Citi,Tokenised Deposit,Permissioned Ledger,US,371713.88,Settled,13.0,48.2,3.68,136.79
TXN100831,2026-04-23,Standard Chartered,BNY Mellon,Tokenised Deposit,Public Blockchain,US,13437.58,Settled,81.9,11.8,0.96,1.29
TXN100832,2026-02-01,Citi,Barclays,Tokenised Real Estate Fund,Permissioned Ledger,EU,96654.8,Settled,3.3,36.2,2.07,20.01
TXN100833,2026-02-03,Citi,HSBC,Regulated Stablecoin,Public Blockchain,APAC,34823.91,Settled,51.3,25.9,4.4,15.32
TXN100834,2026-04-02,HSBC,JPMorgan,Tokenised Deposit,Permissioned Ledger,US,1750.76,Settled,10.1,27.9,3.86,0.68
TXN100835,2026-04-05,Citi,Standard Chartered,Tokenised Real Estate Fund,Permissioned Ledger,MEA,38710.13,Settled,5.9,27.7,1.3,5.03
TXN100836,2026-03-13,Deutsche Bank,JPMorgan,Tokenised Real Estate Fund,Hybrid Network,APAC,103968.35,Settled,20.8,39.7,1.96,20.38
TXN100837,2026-02-08,UBS,JPMorgan,Tokenised Equity,Permissioned Ledger,MEA,48601.82,Settled,1.1,39.6,3.46,16.82
TXN100838,2026-06-03,HSBC,Barclays,Tokenised Equity,Public Blockchain,UK,36274.08,Settled,18.6,50.0,1.82,6.6
TXN100839,2026-06-11,BNY Mellon,Standard Chartered,Tokenised Deposit,Permissioned Ledger,MEA,21860.61,Settled,7.6,30.7,0.64,1.4
TXN100840,2026-07-01,JPMorgan,BNY Mellon,Tokenised Deposit,Public Blockchain,MEA,31928.16,Settled,55.1,34.0,2.81,8.97
TXN100841,2026-04-28,Barclays,Citi,Tokenised Equity,Permissioned Ledger,EU,131234.29,Settled,9.7,33.6,3.7,48.56
TXN100842,2026-01-03,Citi,Standard Chartered,Tokenised Bond,Permissioned Ledger,APAC,1559294.15,Pending,,12.2,2.4,374.23
TXN100843,2026-05-03,HSBC,BNY Mellon,Regulated Stablecoin,Hybrid Network,APAC,33643.24,Settled,11.5,12.9,4.02,13.52
TXN100844,2026-02-19,Standard Chartered,JPMorgan,Tokenised Real Estate Fund,Hybrid Network,US,463904.18,Settled,32.6,37.7,1.57,72.83
TXN100845,2026-01-12,HSBC,JPMorgan,Tokenised Equity,Public Blockchain,EU,527331.62,Settled,48.7,50.2,4.26,224.64
TXN100846,2026-07-12,HSBC,Citi,Tokenised Bond,Public Blockchain,EU,27755.43,Settled,91.1,22.6,2.14,5.94
TXN100847,2026-02-23,Deutsche Bank,Barclays,Tokenised Bond,Public Blockchain,APAC,6241.86,Settled,69.7,49.2,1.74,1.09
TXN100848,2026-05-13,Standard Chartered,HSBC,Regulated Stablecoin,Permissioned Ledger,UK,171315.4,Settled,7.4,51.1,1.97,33.75
TXN100849,2026-02-26,UBS,Deutsche Bank,Tokenised Real Estate Fund,Hybrid Network,UK,138783.35,Settled,16.2,31.6,1.56,21.65
TXN100850,2026-05-25,BNY Mellon,Standard Chartered,Tokenised Bond,Permissioned Ledger,US,223703.67,Settled,14.7,44.1,0.53,11.86
TXN100851,2026-04-22,Deutsche Bank,JPMorgan,Tokenised Deposit,Permissioned Ledger,UK,71855.3,Settled,11.6,48.4,3.38,24.29
TXN100852,2026-02-16,UBS,HSBC,Regulated Stablecoin,Permissioned Ledger,MEA,51523.64,Failed,,50.3,2.42,12.47
TXN100853,2026-05-31,Deutsche Bank,Standard Chartered,Tokenised Deposit,Hybrid Network,APAC,76604.59,Settled,1.0,38.0,4.01,30.72
TXN100854,2026-03-26,UBS,HSBC,Tokenised Deposit,Hybrid Network,US,114806.42,Settled,16.6,33.7,1.47,16.88
TXN100855,2026-05-22,Deutsche Bank,UBS,Regulated Stablecoin,Public Blockchain,US,140791.05,Settled,26.7,46.6,2.31,32.52
TXN100856,2026-03-07,BNY Mellon,Standard Chartered,Tokenised Deposit,Public Blockchain,APAC,186243.96,Settled,108.5,41.8,4.21,78.41
TXN100857,2026-03-16,Standard Chartered,BNY Mellon,Tokenised Bond,Hybrid Network,APAC,41555.92,Settled,17.3,44.7,0.72,2.99
TXN100858,2026-06-28,Standard Chartered,JPMorgan,Tokenised Equity,Permissioned Ledger,APAC,772194.74,Settled,7.9,51.0,3.29,254.05
TXN100859,2026-04-13,UBS,Standard Chartered,Regulated Stablecoin,Permissioned Ledger,EU,15162.09,Settled,6.2,26.3,2.64,4.0
TXN100860,2026-06-15,HSBC,Standard Chartered,Tokenised Equity,Permissioned Ledger,APAC,131317.38,Settled,10.2,25.3,3.59,47.14
TXN100861,2026-07-11,BNY Mellon,Barclays,Tokenised Bond,Permissioned Ledger,UK,19583.0,Settled,4.8,24.3,1.08,2.11
TXN100862,2026-02-07,Deutsche Bank,Standard Chartered,Tokenised Deposit,Permissioned Ledger,MEA,10556.74,Settled,10.6,51.7,3.76,3.97
TXN100863,2026-02-19,Citi,BNY Mellon,Tokenised Real Estate Fund,Hybrid Network,MEA,64214.22,Settled,21.4,50.6,1.39,8.93
TXN100864,2026-04-08,JPMorgan,Citi,Tokenised Bond,Public Blockchain,EU,741048.7,Settled,47.3,35.2,2.66,197.12
TXN100865,2026-03-23,JPMorgan,HSBC,Tokenised Deposit,Permissioned Ledger,UK,61337.63,Settled,8.1,50.5,3.49,21.41
TXN100866,2026-01-30,JPMorgan,Standard Chartered,Tokenised Deposit,Permissioned Ledger,APAC,8429.1,Settled,6.0,51.7,2.72,2.29
TXN100867,2026-03-20,HSBC,Deutsche Bank,Tokenised Real Estate Fund,Public Blockchain,US,17710.21,Settled,89.0,20.8,3.4,6.02
TXN100868,2026-04-01,Deutsche Bank,BNY Mellon,Tokenised Deposit,Hybrid Network,EU,21453.12,Failed,,22.0,4.13,8.86
TXN100869,2026-06-28,HSBC,Standard Chartered,Tokenised Bond,Permissioned Ledger,MEA,8398.38,Settled,8.6,36.7,1.74,1.46
TXN100870,2026-07-10,Standard Chartered,Barclays,Tokenised Bond,Public Blockchain,MEA,2926.89,Settled,48.9,43.3,4.02,1.18
TXN100871,2026-02-21,UBS,Standard Chartered,Tokenised Deposit,Permissioned Ledger,US,9101.68,Settled,10.5,31.9,1.31,1.19
TXN100872,2026-06-15,Deutsche Bank,HSBC,Tokenised Deposit,Public Blockchain,APAC,125140.2,Settled,44.5,34.4,2.69,33.66
TXN100873,2026-03-20,Barclays,UBS,Regulated Stablecoin,Permissioned Ledger,APAC,52068.54,Settled,12.2,37.7,3.67,19.11
TXN100874,2026-01-30,Barclays,UBS,Regulated Stablecoin,Public Blockchain,EU,173007.19,Settled,38.8,47.8,1.69,29.24
TXN100875,2026-04-16,Citi,JPMorgan,Tokenised Deposit,Permissioned Ledger,UK,44011.72,Settled,9.6,48.5,1.86,8.19
TXN100876,2026-02-20,Standard Chartered,Barclays,Tokenised Deposit,Public Blockchain,UK,58343.67,Settled,55.0,30.9,3.25,18.96
TXN100877,2026-03-22,Citi,JPMorgan,Tokenised Deposit,Public Blockchain,UK,59065.09,Settled,54.8,34.6,2.89,17.07
TXN100878,2026-05-13,Barclays,HSBC,Tokenised Deposit,Public Blockchain,APAC,53840.22,Settled,40.2,37.9,1.56,8.4
TXN100879,2026-01-29,JPMorgan,Standard Chartered,Tokenised Bond,Public Blockchain,MEA,24235.29,Settled,29.6,53.0,4.44,10.76
TXN100880,2026-05-12,Citi,Standard Chartered,Tokenised Deposit,Hybrid Network,MEA,299040.72,Settled,22.5,30.5,3.3,98.68
TXN100881,2026-05-18,HSBC,JPMorgan,Tokenised Deposit,Permissioned Ledger,MEA,111072.16,Settled,5.4,42.1,1.09,12.11
TXN100882,2026-07-03,Barclays,HSBC,Tokenised Bond,Permissioned Ledger,APAC,307877.0,Settled,14.1,39.3,1.63,50.18
TXN100883,2026-05-25,Deutsche Bank,Citi,Tokenised Bond,Permissioned Ledger,MEA,78220.9,Settled,10.8,32.3,3.15,24.64
TXN100884,2026-03-15,HSBC,Standard Chartered,Tokenised Deposit,Public Blockchain,MEA,6118.88,Settled,15.8,46.5,3.39,2.07
TXN100885,2026-01-17,Deutsche Bank,UBS,Tokenised Deposit,Hybrid Network,MEA,16661.62,Settled,22.7,39.5,4.17,6.95
TXN100886,2026-03-25,Barclays,Deutsche Bank,Tokenised Equity,Hybrid Network,US,408029.53,Settled,15.1,24.8,0.53,21.63
TXN100887,2026-03-10,Barclays,HSBC,Tokenised Equity,Permissioned Ledger,UK,110313.17,Settled,8.4,2.1,3.05,33.65
TXN100888,2026-02-03,UBS,Standard Chartered,Tokenised Deposit,Public Blockchain,MEA,30608.97,Settled,102.5,2.7,4.32,13.22
TXN100889,2026-01-06,HSBC,BNY Mellon,Tokenised Deposit,Public Blockchain,EU,47405.54,Pending,,40.5,4.3,20.38
TXN100890,2026-02-22,Standard Chartered,Barclays,Tokenised Deposit,Permissioned Ledger,UK,73702.56,Settled,4.3,26.4,3.29,24.25
TXN100891,2026-07-13,BNY Mellon,JPMorgan,Regulated Stablecoin,Permissioned Ledger,EU,64822.76,Settled,5.3,27.5,1.52,9.85
TXN100892,2026-05-06,BNY Mellon,Barclays,Tokenised Bond,Hybrid Network,US,28707.68,Settled,3.2,52.0,4.36,12.52
TXN100893,2026-02-12,Barclays,JPMorgan,Tokenised Deposit,Permissioned Ledger,US,20401.14,Settled,14.1,25.3,3.6,7.34
TXN100894,2026-04-25,Standard Chartered,Citi,Tokenised Deposit,Public Blockchain,US,204325.84,Settled,46.2,19.0,2.3,46.99
TXN100895,2026-04-21,Deutsche Bank,Barclays,Tokenised Equity,Permissioned Ledger,UK,5791.14,Pending,,52.2,3.08,1.78
TXN100896,2026-05-31,JPMorgan,Standard Chartered,Tokenised Equity,Permissioned Ledger,EU,278999.36,Settled,8.9,38.5,2.64,73.66
TXN100897,2026-07-02,Deutsche Bank,BNY Mellon,Tokenised Bond,Permissioned Ledger,UK,32610.78,Settled,7.9,50.7,1.75,5.71
TXN100898,2026-03-21,Barclays,Citi,Tokenised Equity,Permissioned Ledger,UK,8164.17,Settled,4.6,47.7,0.7,0.57
TXN100899,2026-04-05,UBS,Citi,Tokenised Deposit,Permissioned Ledger,US,186208.75,Settled,6.5,41.9,2.13,39.66
TXN100900,2026-04-28,HSBC,Deutsche Bank,Tokenised Bond,Public Blockchain,EU,156460.15,Settled,42.1,26.5,4.16,65.09
TXN100901,2026-05-24,Standard Chartered,Barclays,Tokenised Deposit,Permissioned Ledger,US,110905.96,Settled,11.6,44.0,3.76,41.7
TXN100902,2026-01-08,Citi,JPMorgan,Tokenised Bond,Permissioned Ledger,EU,2662.32,Settled,5.6,41.4,3.9,1.04
TXN100903,2026-05-12,Standard Chartered,JPMorgan,Regulated Stablecoin,Permissioned Ledger,EU,56209.35,Settled,7.3,20.0,0.79,4.44
TXN100904,2026-04-14,JPMorgan,BNY Mellon,Tokenised Bond,Public Blockchain,US,39415.25,Settled,86.7,22.5,4.15,16.36
TXN100905,2026-05-12,Citi,Barclays,Tokenised Deposit,Hybrid Network,MEA,229866.23,Settled,30.8,43.2,1.27,29.19
TXN100906,2026-07-03,Barclays,UBS,Regulated Stablecoin,Permissioned Ledger,EU,73986.33,Settled,12.5,20.2,1.65,12.21
TXN100907,2026-01-25,Deutsche Bank,Barclays,Tokenised Deposit,Permissioned Ledger,EU,99924.26,Settled,7.4,44.2,4.11,41.07
TXN100908,2026-07-14,Standard Chartered,HSBC,Tokenised Real Estate Fund,Hybrid Network,MEA,38346.32,Settled,34.0,24.7,0.73,2.8
TXN100909,2026-04-06,BNY Mellon,Citi,Tokenised Bond,Public Blockchain,MEA,82510.54,Settled,99.6,37.9,3.1,25.58
TXN100910,2026-07-14,Barclays,HSBC,Tokenised Bond,Permissioned Ledger,EU,60908.89,Pending,,37.2,0.6,3.65
TXN100911,2026-06-04,JPMorgan,HSBC,Tokenised Deposit,Hybrid Network,MEA,4072.78,Pending,,23.8,1.53,0.62
TXN100912,2026-04-03,UBS,Citi,Tokenised Deposit,Permissioned Ledger,US,244912.93,Settled,7.0,54.2,1.42,34.78
TXN100913,2026-06-09,JPMorgan,Standard Chartered,Regulated Stablecoin,Public Blockchain,UK,3727.38,Settled,101.3,36.9,4.15,1.55
TXN100914,2026-06-27,Citi,JPMorgan,Tokenised Bond,Hybrid Network,APAC,158683.85,Settled,4.9,40.0,1.53,24.28
TXN100915,2026-03-02,Barclays,HSBC,Tokenised Deposit,Permissioned Ledger,MEA,41069.63,Settled,7.1,37.9,3.02,12.4
TXN100916,2026-05-02,Citi,Standard Chartered,Tokenised Equity,Permissioned Ledger,EU,26017.1,Settled,9.3,29.3,1.0,2.6
TXN100917,2026-02-20,HSBC,Standard Chartered,Tokenised Deposit,Public Blockchain,APAC,30137.35,Settled,55.0,50.2,3.41,10.28
TXN100918,2026-05-27,Deutsche Bank,Citi,Tokenised Bond,Public Blockchain,US,106762.78,Settled,77.0,46.7,3.67,39.18
TXN100919,2026-01-21,Deutsche Bank,Citi,Tokenised Deposit,Permissioned Ledger,APAC,14082.9,Settled,7.9,24.3,3.57,5.03
TXN100920,2026-01-05,HSBC,Standard Chartered,Tokenised Deposit,Permissioned Ledger,EU,77248.55,Settled,6.2,46.6,3.43,26.5
TXN100921,2026-04-02,HSBC,Barclays,Tokenised Bond,Hybrid Network,MEA,311794.87,Failed,,28.1,1.86,57.99
TXN100922,2026-06-19,Deutsche Bank,Barclays,Tokenised Deposit,Permissioned Ledger,US,6630.58,Settled,8.3,34.9,0.93,0.62
TXN100923,2026-03-02,BNY Mellon,JPMorgan,Tokenised Real Estate Fund,Permissioned Ledger,APAC,33074.63,Pending,,38.9,0.86,2.84
TXN100924,2026-01-22,Barclays,Standard Chartered,Tokenised Deposit,Public Blockchain,UK,110534.45,Settled,89.3,35.8,3.35,37.03
TXN100925,2026-05-29,UBS,Barclays,Tokenised Equity,Hybrid Network,MEA,28842.74,Settled,21.5,32.6,3.2,9.23
TXN100926,2026-03-11,Citi,HSBC,Regulated Stablecoin,Public Blockchain,EU,46779.56,Settled,61.3,33.1,4.01,18.76
TXN100927,2026-01-01,Standard Chartered,Deutsche Bank,Tokenised Equity,Permissioned Ledger,EU,32024.76,Settled,11.9,19.2,3.51,11.24
TXN100928,2026-05-13,Deutsche Bank,HSBC,Regulated Stablecoin,Permissioned Ledger,US,76871.42,Pending,,16.1,0.55,4.23
TXN100929,2026-01-12,Barclays,Standard Chartered,Tokenised Deposit,Public Blockchain,MEA,11794.93,Failed,,41.3,3.42,4.03
TXN100930,2026-03-31,UBS,HSBC,Tokenised Equity,Hybrid Network,EU,119918.12,Settled,34.6,42.9,0.84,10.07
TXN100931,2026-02-15,Citi,Standard Chartered,Regulated Stablecoin,Permissioned Ledger,APAC,119676.8,Settled,11.2,38.6,2.43,29.08
TXN100932,2026-02-03,Barclays,Standard Chartered,Tokenised Deposit,Public Blockchain,MEA,6741.2,Settled,34.9,59.1,4.41,2.97
TXN100933,2026-06-26,Citi,HSBC,Regulated Stablecoin,Public Blockchain,MEA,147267.94,Settled,62.9,14.0,1.55,22.83
TXN100934,2026-03-19,JPMorgan,Standard Chartered,Tokenised Deposit,Public Blockchain,MEA,376963.72,Settled,51.7,42.1,3.79,142.87
TXN100935,2026-02-14,Citi,UBS,Regulated Stablecoin,Hybrid Network,US,482500.98,Settled,26.2,37.8,1.24,59.83
TXN100936,2026-06-04,Standard Chartered,Citi,Tokenised Deposit,Public Blockchain,EU,165440.61,Settled,73.2,36.8,1.38,22.83
TXN100937,2026-03-14,Deutsche Bank,UBS,Tokenised Equity,Public Blockchain,UK,107622.43,Settled,63.8,22.2,4.17,44.88
TXN100938,2026-01-26,Citi,JPMorgan,Tokenised Bond,Hybrid Network,APAC,16319.83,Settled,46.9,15.8,3.98,6.5
TXN100939,2026-02-16,Deutsche Bank,Citi,Regulated Stablecoin,Public Blockchain,EU,31263.56,Settled,96.9,47.9,3.25,10.16
TXN100940,2026-05-01,Deutsche Bank,HSBC,Tokenised Equity,Permissioned Ledger,UK,25697.43,Settled,7.0,60.0,4.0,10.28
TXN100941,2026-02-25,BNY Mellon,Standard Chartered,Regulated Stablecoin,Hybrid Network,MEA,40141.15,Settled,23.5,25.8,1.04,4.17
TXN100942,2026-04-04,JPMorgan,Citi,Tokenised Real Estate Fund,Permissioned Ledger,UK,15706.48,Settled,12.7,27.8,1.9,2.98
TXN100943,2026-04-17,Standard Chartered,Barclays,Regulated Stablecoin,Public Blockchain,MEA,30789.82,Settled,70.6,40.8,0.5,1.54
TXN100944,2026-03-04,Standard Chartered,BNY Mellon,Tokenised Bond,Public Blockchain,EU,28094.25,Settled,68.0,20.2,2.44,6.85
TXN100945,2026-02-17,HSBC,BNY Mellon,Tokenised Equity,Hybrid Network,US,43897.89,Settled,8.9,46.6,4.14,18.17
TXN100946,2026-03-02,BNY Mellon,HSBC,Tokenised Equity,Public Blockchain,UK,58182.08,Settled,73.2,41.5,2.24,13.03
TXN100947,2026-03-22,JPMorgan,Barclays,Tokenised Deposit,Public Blockchain,APAC,22010.48,Settled,63.7,39.6,4.23,9.31
TXN100948,2026-01-26,Citi,Deutsche Bank,Tokenised Deposit,Hybrid Network,US,106917.87,Settled,28.0,39.7,1.83,19.57
TXN100949,2026-02-05,BNY Mellon,HSBC,Tokenised Bond,Permissioned Ledger,MEA,74033.42,Settled,5.8,29.3,0.61,4.52
TXN100950,2026-01-01,Deutsche Bank,BNY Mellon,Tokenised Real Estate Fund,Permissioned Ledger,EU,15180.14,Settled,10.9,19.9,1.58,2.4
TXN100951,2026-01-08,Standard Chartered,JPMorgan,Tokenised Bond,Hybrid Network,EU,95420.3,Settled,12.4,51.5,4.07,38.84
TXN100952,2026-04-23,Deutsche Bank,HSBC,Tokenised Deposit,Public Blockchain,MEA,28666.03,Failed,,32.4,0.6,1.72
TXN100953,2026-04-09,Deutsche Bank,Barclays,Regulated Stablecoin,Hybrid Network,MEA,19445.14,Settled,23.1,46.2,2.6,5.06
TXN100954,2026-06-29,Citi,BNY Mellon,Tokenised Bond,Permissioned Ledger,EU,572032.3,Settled,8.8,39.2,3.31,189.34
TXN100955,2026-02-16,Standard Chartered,HSBC,Tokenised Bond,Permissioned Ledger,APAC,17653.24,Settled,10.9,36.1,4.25,7.5
TXN100956,2026-05-07,Barclays,Deutsche Bank,Tokenised Equity,Public Blockchain,APAC,19560.93,Failed,,28.0,4.41,8.63
TXN100957,2026-02-25,Standard Chartered,HSBC,Regulated Stablecoin,Public Blockchain,UK,53490.59,Settled,44.4,44.8,1.39,7.44
TXN100958,2026-01-14,HSBC,Barclays,Tokenised Deposit,Permissioned Ledger,UK,53709.95,Pending,,25.2,1.58,8.49
TXN100959,2026-01-28,HSBC,Standard Chartered,Tokenised Bond,Public Blockchain,MEA,14893.37,Settled,58.2,18.3,1.86,2.77
TXN100960,2026-03-19,Deutsche Bank,Barclays,Tokenised Bond,Public Blockchain,EU,54463.44,Settled,97.8,38.9,0.88,4.79
TXN100961,2026-05-10,HSBC,Barclays,Tokenised Equity,Permissioned Ledger,UK,20070.3,Settled,5.4,59.4,1.3,2.61
TXN100962,2026-04-19,UBS,Standard Chartered,Tokenised Deposit,Permissioned Ledger,UK,185160.37,Settled,13.8,30.2,2.38,44.07
TXN100963,2026-06-03,Citi,HSBC,Tokenised Real Estate Fund,Permissioned Ledger,MEA,64333.32,Settled,8.4,37.7,2.42,15.57
TXN100964,2026-01-14,Standard Chartered,BNY Mellon,Tokenised Deposit,Permissioned Ledger,APAC,6865.41,Settled,8.8,24.3,1.02,0.7
TXN100965,2026-07-06,Barclays,BNY Mellon,Tokenised Bond,Hybrid Network,EU,4599.16,Settled,32.6,33.6,1.0,0.46
TXN100966,2026-02-25,HSBC,Citi,Tokenised Bond,Permissioned Ledger,UK,63213.7,Settled,4.6,27.6,0.76,4.8
TXN100967,2026-04-25,Deutsche Bank,HSBC,Tokenised Equity,Permissioned Ledger,EU,28458.51,Settled,1.0,28.6,2.0,5.69
TXN100968,2026-01-07,Citi,UBS,Regulated Stablecoin,Permissioned Ledger,US,56980.85,Settled,7.3,60.0,0.84,4.79
TXN100969,2026-01-03,JPMorgan,BNY Mellon,Tokenised Bond,Public Blockchain,MEA,79991.0,Settled,47.4,27.5,2.59,20.72
TXN100970,2026-04-21,HSBC,BNY Mellon,Tokenised Deposit,Permissioned Ledger,EU,335390.42,Settled,10.5,45.8,3.9,130.8
TXN100971,2026-05-31,Citi,UBS,Regulated Stablecoin,Hybrid Network,MEA,697.17,Pending,,59.0,1.17,0.08
TXN100972,2026-04-17,Citi,Deutsche Bank,Regulated Stablecoin,Permissioned Ledger,EU,62607.06,Settled,6.9,47.4,1.27,7.95
TXN100973,2026-01-18,BNY Mellon,JPMorgan,Tokenised Deposit,Public Blockchain,MEA,143933.04,Settled,46.6,60.7,4.37,62.9
TXN100974,2026-02-07,JPMorgan,Barclays,Tokenised Deposit,Permissioned Ledger,UK,10028.79,Settled,5.5,10.7,3.4,3.41
TXN100975,2026-04-25,HSBC,UBS,Tokenised Bond,Permissioned Ledger,EU,66257.62,Settled,4.8,46.2,0.66,4.37
TXN100976,2026-01-15,Standard Chartered,BNY Mellon,Tokenised Bond,Hybrid Network,EU,24308.16,Settled,16.3,37.7,3.35,8.14
TXN100977,2026-07-11,JPMorgan,HSBC,Tokenised Real Estate Fund,Permissioned Ledger,APAC,4879.21,Settled,3.2,25.6,2.31,1.13
TXN100978,2026-04-29,BNY Mellon,Citi,Tokenised Bond,Permissioned Ledger,MEA,27931.56,Settled,8.0,29.1,2.91,8.13
TXN100979,2026-01-28,Deutsche Bank,JPMorgan,Tokenised Equity,Public Blockchain,EU,68812.51,Settled,42.2,34.1,2.98,20.51
TXN100980,2026-02-08,BNY Mellon,Citi,Tokenised Deposit,Public Blockchain,US,47234.69,Settled,100.5,30.9,3.88,18.33
TXN100981,2026-07-04,Deutsche Bank,JPMorgan,Tokenised Real Estate Fund,Hybrid Network,US,50448.81,Settled,27.1,31.0,0.51,2.57
TXN100982,2026-01-17,JPMorgan,Deutsche Bank,Tokenised Deposit,Permissioned Ledger,MEA,86296.96,Settled,13.5,17.6,3.32,28.65
TXN100983,2026-03-27,JPMorgan,UBS,Tokenised Deposit,Public Blockchain,UK,51063.91,Settled,87.9,31.5,4.4,22.47
TXN100984,2026-05-06,HSBC,Citi,Tokenised Deposit,Hybrid Network,UK,99205.6,Settled,31.8,26.1,3.28,32.54
TXN100985,2026-02-13,Deutsche Bank,Barclays,Tokenised Deposit,Public Blockchain,EU,73803.58,Failed,,47.3,2.11,15.57
TXN100986,2026-01-25,Citi,Deutsche Bank,Regulated Stablecoin,Hybrid Network,UK,49800.42,Settled,33.8,45.5,2.58,12.85
TXN100987,2026-05-25,Citi,Deutsche Bank,Tokenised Bond,Public Blockchain,APAC,58183.72,Settled,54.9,51.3,0.79,4.6
TXN100988,2026-01-13,JPMorgan,BNY Mellon,Tokenised Equity,Permissioned Ledger,APAC,27095.33,Settled,8.4,29.4,1.82,4.93
TXN100989,2026-01-25,BNY Mellon,HSBC,Tokenised Bond,Permissioned Ledger,APAC,329859.33,Settled,3.1,51.3,4.12,135.9
TXN100990,2026-03-09,HSBC,Citi,Tokenised Bond,Permissioned Ledger,US,31012.34,Settled,8.5,45.0,0.7,2.17
TXN100991,2026-05-18,HSBC,Standard Chartered,Tokenised Equity,Public Blockchain,UK,25757.11,Settled,51.4,26.3,2.78,7.16
TXN100992,2026-03-08,Citi,BNY Mellon,Tokenised Deposit,Permissioned Ledger,MEA,26106.7,Settled,8.2,36.4,3.09,8.07
TXN100993,2026-04-19,UBS,Barclays,Tokenised Bond,Permissioned Ledger,UK,536016.97,Pending,,55.4,3.08,165.09
TXN100994,2026-05-26,UBS,Standard Chartered,Tokenised Bond,Hybrid Network,APAC,14749.48,Settled,28.4,43.5,1.45,2.14
TXN100995,2026-04-21,HSBC,JPMorgan,Tokenised Deposit,Hybrid Network,APAC,137861.4,Settled,14.3,31.6,3.07,42.32
TXN100996,2026-04-21,Deutsche Bank,Barclays,Tokenised Bond,Permissioned Ledger,US,250023.4,Settled,6.0,30.3,3.85,96.26
TXN100997,2026-02-03,Citi,BNY Mellon,Tokenised Deposit,Hybrid Network,APAC,196693.22,Settled,18.0,53.6,2.23,43.86
TXN100998,2026-04-21,Citi,UBS,Tokenised Deposit,Hybrid Network,EU,196476.93,Settled,15.1,55.4,2.4,47.15
TXN100999,2026-01-08,HSBC,BNY Mellon,Tokenised Real Estate Fund,Public Blockchain,US,17079.58,Settled,27.3,32.8,1.98,3.38
TXN101000,2026-06-17,JPMorgan,Barclays,Tokenised Deposit,Public Blockchain,MEA,726145.38,Settled,64.0,60.1,3.86,280.29
TXN101001,2026-04-23,BNY Mellon,UBS,Regulated Stablecoin,Permissioned Ledger,US,15417.26,Settled,8.0,11.3,4.33,6.68
TXN101002,2026-03-24,Deutsche Bank,BNY Mellon,Regulated Stablecoin,Public Blockchain,MEA,76692.87,Settled,45.1,37.7,1.06,8.13
TXN101003,2026-02-11,Standard Chartered,Deutsche Bank,Tokenised Deposit,Public Blockchain,MEA,344272.51,Settled,61.9,12.8,3.49,120.15
TXN101004,2026-06-18,Standard Chartered,Deutsche Bank,Tokenised Bond,Public Blockchain,UK,64267.23,Settled,45.1,43.4,3.06,19.67
TXN101005,2026-04-11,JPMorgan,Deutsche Bank,Tokenised Deposit,Permissioned Ledger,UK,95054.34,Settled,6.1,13.1,3.09,29.37
TXN101006,2026-01-06,Citi,Deutsche Bank,Tokenised Bond,Public Blockchain,APAC,79248.41,Settled,63.9,57.0,3.97,31.46
TXN101007,2026-06-29,JPMorgan,UBS,Tokenised Deposit,Public Blockchain,EU,33517.73,Settled,31.5,58.9,1.82,6.1
TXN101008,2026-01-26,Deutsche Bank,Citi,Tokenised Deposit,Public Blockchain,MEA,30345.23,Settled,41.8,49.7,2.99,9.07
TXN101009,2026-03-05,Citi,JPMorgan,Tokenised Bond,Permissioned Ledger,APAC,11272.05,Settled,9.0,25.6,0.79,0.89
TXN101010,2026-07-06,HSBC,Standard Chartered,Tokenised Bond,Public Blockchain,UK,166759.95,Settled,69.2,45.0,2.86,47.69
TXN101011,2026-07-03,HSBC,UBS,Regulated Stablecoin,Hybrid Network,EU,51571.16,Settled,26.5,33.9,2.14,11.04
TXN101012,2026-02-28,Barclays,Standard Chartered,Tokenised Real Estate Fund,Permissioned Ledger,UK,11935.87,Settled,7.7,22.9,4.01,4.79
TXN101013,2026-04-19,JPMorgan,BNY Mellon,Tokenised Bond,Public Blockchain,MEA,23855.38,Settled,72.2,31.0,3.3,7.87
TXN101014,2026-07-17,HSBC,Deutsche Bank,Tokenised Bond,Public Blockchain,EU,9542.55,Settled,66.2,34.2,1.8,1.72
TXN101015,2026-05-01,HSBC,JPMorgan,Tokenised Real Estate Fund,Permissioned Ledger,MEA,100462.53,Settled,8.5,34.8,2.88,28.93
TXN101016,2026-02-02,Citi,Deutsche Bank,Tokenised Equity,Permissioned Ledger,APAC,47118.66,Settled,7.4,19.6,2.96,13.95
TXN101017,2026-06-30,UBS,HSBC,Tokenised Real Estate Fund,Hybrid Network,EU,17912.51,Settled,22.9,37.2,2.45,4.39
TXN101018,2026-05-30,BNY Mellon,Standard Chartered,Regulated Stablecoin,Public Blockchain,MEA,185758.05,Settled,69.1,41.1,3.37,62.6
TXN101019,2026-01-21,JPMorgan,HSBC,Tokenised Equity,Permissioned Ledger,EU,76734.64,Settled,10.0,35.5,1.36,10.44
TXN101020,2026-07-17,UBS,Citi,Tokenised Deposit,Hybrid Network,US,56731.24,Settled,26.9,19.0,4.08,23.15
TXN101021,2026-03-11,BNY Mellon,JPMorgan,Tokenised Bond,Public Blockchain,APAC,14852.08,Settled,13.9,55.9,2.76,4.1
TXN101022,2026-04-22,BNY Mellon,Deutsche Bank,Tokenised Bond,Permissioned Ledger,MEA,27067.42,Settled,13.0,20.7,0.78,2.11
TXN101023,2026-01-04,JPMorgan,BNY Mellon,Tokenised Bond,Permissioned Ledger,UK,169183.13,Settled,6.4,29.9,0.56,9.47
TXN101024,2026-04-04,HSBC,BNY Mellon,Tokenised Equity,Hybrid Network,APAC,70030.79,Settled,30.6,33.1,1.4,9.8
TXN101025,2026-03-16,HSBC,JPMorgan,Tokenised Equity,Permissioned Ledger,APAC,19864.61,Settled,8.6,33.9,3.74,7.43
TXN101026,2026-07-09,Citi,Standard Chartered,Tokenised Real Estate Fund,Permissioned Ledger,APAC,47465.51,Settled,6.2,30.1,3.41,16.19
TXN101027,2026-03-03,Barclays,Standard Chartered,Tokenised Deposit,Public Blockchain,US,205696.26,Settled,45.7,20.9,4.3,88.45
TXN101028,2026-04-04,Barclays,Deutsche Bank,Regulated Stablecoin,Permissioned Ledger,EU,64118.43,Settled,3.3,40.1,2.08,13.34
TXN101029,2026-04-05,Barclays,Citi,Tokenised Bond,Permissioned Ledger,UK,144130.94,Settled,11.0,31.4,3.53,50.88
TXN101030,2026-06-01,BNY Mellon,Citi,Regulated Stablecoin,Permissioned Ledger,US,31857.65,Settled,9.2,6.2,2.95,9.4
TXN101031,2026-02-24,UBS,Standard Chartered,Tokenised Deposit,Public Blockchain,MEA,47054.08,Settled,61.2,20.3,1.55,7.29
TXN101032,2026-05-17,Standard Chartered,BNY Mellon,Regulated Stablecoin,Permissioned Ledger,APAC,102973.19,Settled,5.0,42.9,1.86,19.15
TXN101033,2026-05-11,Barclays,UBS,Regulated Stablecoin,Permissioned Ledger,MEA,23376.05,Pending,,46.2,1.54,3.6
TXN101034,2026-01-31,BNY Mellon,Citi,Regulated Stablecoin,Permissioned Ledger,EU,59839.17,Settled,8.2,32.1,3.17,18.97
TXN101035,2026-02-09,BNY Mellon,UBS,Tokenised Equity,Permissioned Ledger,APAC,122187.24,Settled,8.0,43.0,4.17,50.95
TXN101036,2026-02-05,UBS,Standard Chartered,Regulated Stablecoin,Public Blockchain,EU,93342.72,Settled,55.4,36.3,2.23,20.82
TXN101037,2026-06-01,Standard Chartered,HSBC,Tokenised Bond,Public Blockchain,UK,260774.49,Settled,40.0,15.2,1.89,49.29
TXN101038,2026-01-06,Deutsche Bank,Barclays,Tokenised Equity,Permissioned Ledger,EU,141633.4,Settled,8.1,56.5,0.76,10.76
TXN101039,2026-03-07,Barclays,JPMorgan,Tokenised Deposit,Permissioned Ledger,US,228892.29,Settled,11.8,44.5,0.97,22.2
TXN101040,2026-03-16,Deutsche Bank,UBS,Tokenised Equity,Public Blockchain,US,112401.54,Settled,45.0,47.0,1.04,11.69
TXN101041,2026-01-04,Deutsche Bank,UBS,Tokenised Bond,Permissioned Ledger,UK,295433.08,Settled,6.6,36.1,4.2,124.08
TXN101042,2026-03-20,UBS,HSBC,Tokenised Equity,Public Blockchain,MEA,64515.73,Settled,70.8,12.2,3.59,23.16
TXN101043,2026-05-14,HSBC,Deutsche Bank,Tokenised Deposit,Permissioned Ledger,EU,326979.91,Settled,5.3,37.4,1.03,33.68
TXN101044,2026-04-28,Citi,Deutsche Bank,Regulated Stablecoin,Public Blockchain,EU,6008.7,Settled,51.6,39.0,2.54,1.53
TXN101045,2026-04-23,Citi,UBS,Regulated Stablecoin,Permissioned Ledger,UK,36727.25,Settled,5.8,58.3,3.77,13.85
TXN101046,2026-04-04,HSBC,Standard Chartered,Tokenised Deposit,Permissioned Ledger,EU,307716.97,Settled,13.4,41.7,1.72,52.93
TXN101047,2026-06-28,Citi,BNY Mellon,Tokenised Bond,Public Blockchain,APAC,43060.78,Settled,94.9,11.9,2.12,9.13
TXN101048,2026-03-03,JPMorgan,HSBC,Tokenised Deposit,Public Blockchain,US,180052.41,Settled,48.6,51.3,1.11,19.99
TXN101049,2026-07-04,UBS,Deutsche Bank,Tokenised Deposit,Permissioned Ledger,US,7686.71,Pending,,48.8,2.65,2.04
TXN101050,2026-07-13,JPMorgan,HSBC,Tokenised Equity,Permissioned Ledger,APAC,2294.7,Settled,5.7,30.5,0.52,0.12
TXN101051,2026-03-20,Deutsche Bank,JPMorgan,Regulated Stablecoin,Permissioned Ledger,EU,127547.02,Settled,5.9,36.7,0.83,10.59
TXN101052,2026-05-16,HSBC,Barclays,Regulated Stablecoin,Permissioned Ledger,EU,21439.23,Settled,10.1,32.6,2.81,6.02
TXN101053,2026-01-26,Barclays,HSBC,Tokenised Equity,Hybrid Network,US,281423.94,Settled,21.4,53.6,1.27,35.74
TXN101054,2026-06-28,Standard Chartered,Deutsche Bank,Tokenised Real Estate Fund,Permissioned Ledger,EU,69275.15,Settled,7.9,30.2,4.12,28.54
TXN101055,2026-06-22,Standard Chartered,JPMorgan,Tokenised Real Estate Fund,Permissioned Ledger,APAC,235139.14,Settled,7.1,22.2,3.82,89.82
TXN101056,2026-02-13,HSBC,Standard Chartered,Regulated Stablecoin,Permissioned Ledger,MEA,168069.1,Settled,7.1,32.9,2.81,47.23
TXN101057,2026-05-13,Citi,BNY Mellon,Regulated Stablecoin,Permissioned Ledger,UK,43428.45,Pending,,21.9,3.46,15.03
TXN101058,2026-03-11,Citi,JPMorgan,Tokenised Bond,Hybrid Network,APAC,15745.44,Settled,33.5,40.4,1.7,2.68
TXN101059,2026-06-03,HSBC,UBS,Tokenised Bond,Public Blockchain,APAC,447232.67,Settled,28.6,41.5,3.71,165.92
TXN101060,2026-04-28,Deutsche Bank,UBS,Tokenised Deposit,Public Blockchain,APAC,114643.41,Settled,73.2,37.4,4.06,46.55
TXN101061,2026-03-09,BNY Mellon,UBS,Regulated Stablecoin,Hybrid Network,UK,507405.49,Settled,21.7,34.4,4.29,217.68
TXN101062,2026-01-19,Barclays,Deutsche Bank,Regulated Stablecoin,Hybrid Network,US,46321.2,Failed,,32.8,2.37,10.98
TXN101063,2026-01-20,Standard Chartered,BNY Mellon,Tokenised Equity,Public Blockchain,MEA,206793.33,Pending,,34.6,3.31,68.45
TXN101064,2026-04-23,Deutsche Bank,JPMorgan,Tokenised Deposit,Hybrid Network,APAC,18610.0,Settled,24.2,34.8,1.26,2.34
TXN101065,2026-05-20,UBS,BNY Mellon,Tokenised Deposit,Permissioned Ledger,APAC,685374.79,Settled,8.4,42.9,1.52,104.18
TXN101066,2026-02-16,Citi,Barclays,Tokenised Real Estate Fund,Public Blockchain,US,28930.14,Settled,52.9,35.3,1.74,5.03
TXN101067,2026-01-01,Barclays,HSBC,Tokenised Bond,Public Blockchain,UK,146057.32,Settled,67.4,25.4,3.71,54.19
TXN101068,2026-03-31,Deutsche Bank,BNY Mellon,Tokenised Real Estate Fund,Permissioned Ledger,APAC,24043.29,Settled,3.9,32.5,1.59,3.82
TXN101069,2026-05-22,Deutsche Bank,HSBC,Regulated Stablecoin,Permissioned Ledger,EU,32836.15,Settled,7.3,30.0,1.4,4.6
TXN101070,2026-03-05,Barclays,Standard Chartered,Regulated Stablecoin,Permissioned Ledger,APAC,54793.06,Settled,7.5,6.9,1.6,8.77
TXN101071,2026-02-07,JPMorgan,UBS,Tokenised Deposit,Hybrid Network,APAC,174409.63,Settled,28.2,2.0,2.02,35.23
TXN101072,2026-02-06,HSBC,Deutsche Bank,Tokenised Bond,Permissioned Ledger,US,861664.3,Settled,5.9,34.8,2.38,205.08
TXN101073,2026-05-06,Citi,Standard Chartered,Tokenised Deposit,Public Blockchain,MEA,42017.65,Settled,66.7,41.6,1.95,8.19
TXN101074,2026-05-19,Standard Chartered,HSBC,Regulated Stablecoin,Permissioned Ledger,US,1647.76,Settled,12.9,21.3,3.76,0.62
TXN101075,2026-04-10,Barclays,UBS,Tokenised Bond,Hybrid Network,MEA,41249.59,Settled,17.1,43.9,1.98,8.17
TXN101076,2026-03-18,Barclays,BNY Mellon,Regulated Stablecoin,Permissioned Ledger,MEA,14015.06,Settled,1.5,41.0,1.65,2.31
TXN101077,2026-01-03,UBS,HSBC,Tokenised Deposit,Public Blockchain,APAC,119124.15,Settled,76.1,21.3,1.96,23.35
TXN101078,2026-06-10,BNY Mellon,Barclays,Tokenised Equity,Permissioned Ledger,APAC,37287.85,Settled,14.1,46.8,3.92,14.62
TXN101079,2026-05-14,Standard Chartered,BNY Mellon,Tokenised Deposit,Public Blockchain,APAC,36473.75,Settled,72.6,19.8,1.21,4.41
TXN101080,2026-06-27,Deutsche Bank,Standard Chartered,Tokenised Equity,Permissioned Ledger,APAC,20729.59,Settled,4.5,42.0,1.82,3.77
TXN101081,2026-01-10,BNY Mellon,Standard Chartered,Tokenised Bond,Permissioned Ledger,MEA,136711.76,Settled,4.4,57.9,2.99,40.88
TXN101082,2026-01-05,JPMorgan,Deutsche Bank,Tokenised Deposit,Permissioned Ledger,EU,9426.14,Settled,5.5,26.5,1.8,1.7
TXN101083,2026-05-31,JPMorgan,UBS,Tokenised Deposit,Public Blockchain,EU,29262.29,Settled,35.4,47.4,3.06,8.95
TXN101084,2026-05-18,Citi,Standard Chartered,Regulated Stablecoin,Permissioned Ledger,APAC,36400.48,Settled,6.2,30.2,2.45,8.92
TXN101085,2026-06-21,Citi,BNY Mellon,Tokenised Real Estate Fund,Permissioned Ledger,MEA,204163.64,Settled,7.9,33.8,1.52,31.03
TXN101086,2026-05-10,Citi,Standard Chartered,Tokenised Deposit,Hybrid Network,MEA,30698.64,Settled,33.3,44.6,1.64,5.03
TXN101087,2026-01-13,HSBC,JPMorgan,Tokenised Bond,Permissioned Ledger,APAC,51176.83,Settled,13.1,28.3,4.27,21.85
TXN101088,2026-06-17,Standard Chartered,BNY Mellon,Tokenised Deposit,Permissioned Ledger,EU,217777.71,Settled,9.4,30.3,2.35,51.18
TXN101089,2026-05-10,Barclays,Deutsche Bank,Tokenised Bond,Public Blockchain,US,64626.46,Settled,112.7,36.7,1.87,12.09
TXN101090,2026-03-25,Barclays,JPMorgan,Regulated Stablecoin,Permissioned Ledger,US,11014.01,Pending,,40.7,4.43,4.88
TXN101091,2026-03-06,Citi,Standard Chartered,Regulated Stablecoin,Permissioned Ledger,MEA,66368.77,Settled,10.5,32.9,1.6,10.62
TXN101092,2026-03-04,Deutsche Bank,BNY Mellon,Tokenised Deposit,Permissioned Ledger,APAC,123927.64,Settled,3.5,28.3,3.05,37.8
TXN101093,2026-04-11,Deutsche Bank,JPMorgan,Tokenised Equity,Public Blockchain,MEA,15102.89,Settled,40.5,37.9,1.06,1.6
TXN101094,2026-03-14,HSBC,Deutsche Bank,Tokenised Deposit,Permissioned Ledger,APAC,21351.62,Settled,10.6,27.1,3.33,7.11
TXN101095,2026-01-17,Citi,JPMorgan,Regulated Stablecoin,Permissioned Ledger,MEA,4743.19,Settled,4.7,34.5,3.16,1.5
TXN101096,2026-01-09,Standard Chartered,BNY Mellon,Tokenised Deposit,Permissioned Ledger,APAC,105730.83,Settled,5.7,2.0,4.31,45.57
TXN101097,2026-05-23,BNY Mellon,Deutsche Bank,Tokenised Real Estate Fund,Public Blockchain,UK,168027.95,Settled,66.9,25.1,3.59,60.32
TXN101098,2026-06-01,Citi,BNY Mellon,Tokenised Equity,Permissioned Ledger,MEA,197962.1,Settled,12.2,41.1,0.77,15.24
TXN101099,2026-02-07,Deutsche Bank,Citi,Tokenised Equity,Permissioned Ledger,MEA,28719.82,Settled,8.1,10.4,2.35,6.75
TXN101100,2026-06-12,BNY Mellon,UBS,Tokenised Deposit,Public Blockchain,US,13202.74,Settled,52.9,47.4,1.95,2.57
TXN101101,2026-04-04,Barclays,HSBC,Tokenised Real Estate Fund,Hybrid Network,UK,40544.66,Settled,22.0,48.2,0.52,2.11
TXN101102,2026-04-05,Citi,Deutsche Bank,Tokenised Deposit,Public Blockchain,APAC,119826.94,Settled,89.9,31.3,3.53,42.3
TXN101103,2026-02-18,JPMorgan,UBS,Tokenised Bond,Permissioned Ledger,UK,409759.75,Settled,6.2,31.0,1.38,56.55
TXN101104,2026-03-10,BNY Mellon,Standard Chartered,Regulated Stablecoin,Permissioned Ledger,MEA,52662.71,Settled,10.5,33.3,1.41,7.43
TXN101105,2026-03-03,Barclays,BNY Mellon,Tokenised Deposit,Permissioned Ledger,UK,522647.35,Settled,4.0,23.1,2.89,151.05
TXN101106,2026-07-07,Deutsche Bank,HSBC,Tokenised Bond,Hybrid Network,EU,110747.43,Settled,14.8,51.5,1.52,16.83
TXN101107,2026-06-27,UBS,Citi,Tokenised Equity,Public Blockchain,APAC,115220.8,Settled,83.9,32.8,0.71,8.18
TXN101108,2026-03-19,Barclays,BNY Mellon,Tokenised Equity,Public Blockchain,UK,17524.56,Settled,55.0,27.2,0.9,1.58
TXN101109,2026-04-27,Deutsche Bank,JPMorgan,Tokenised Bond,Permissioned Ledger,UK,49750.21,Settled,8.6,55.3,3.32,16.52
TXN101110,2026-04-30,Standard Chartered,JPMorgan,Tokenised Deposit,Hybrid Network,APAC,74611.42,Settled,17.5,56.4,1.98,14.77
TXN101111,2026-05-17,UBS,Barclays,Tokenised Bond,Permissioned Ledger,UK,174953.73,Pending,,34.2,2.53,44.26
TXN101112,2026-06-11,JPMorgan,Deutsche Bank,Tokenised Bond,Hybrid Network,APAC,178994.76,Settled,45.7,27.9,3.53,63.19
TXN101113,2026-03-17,Barclays,UBS,Tokenised Bond,Hybrid Network,EU,528573.67,Settled,24.3,32.0,4.44,234.69
TXN101114,2026-02-04,Citi,UBS,Tokenised Deposit,Permissioned Ledger,APAC,37310.37,Settled,9.5,38.5,1.85,6.9
TXN101115,2026-01-01,HSBC,UBS,Regulated Stablecoin,Permissioned Ledger,MEA,24156.62,Settled,9.4,31.6,0.73,1.76
TXN101116,2026-02-09,UBS,Deutsche Bank,Tokenised Deposit,Hybrid Network,APAC,102402.64,Settled,13.1,24.9,3.82,39.12
TXN101117,2026-03-05,Deutsche Bank,Standard Chartered,Regulated Stablecoin,Permissioned Ledger,MEA,260890.92,Settled,7.0,22.1,1.87,48.79
TXN101118,2026-05-30,Barclays,Citi,Tokenised Bond,Public Blockchain,MEA,36489.9,Settled,66.3,39.3,2.46,8.98
TXN101119,2026-03-01,HSBC,BNY Mellon,Tokenised Deposit,Permissioned Ledger,MEA,53202.58,Settled,9.0,44.9,1.86,9.9
TXN101120,2026-03-05,UBS,BNY Mellon,Tokenised Bond,Hybrid Network,UK,1321210.72,Settled,25.5,21.2,1.2,158.55
TXN101121,2026-04-03,Citi,Deutsche Bank,Tokenised Bond,Hybrid Network,MEA,6967.76,Settled,29.4,46.0,0.57,0.4
TXN101122,2026-03-13,Deutsche Bank,BNY Mellon,Tokenised Deposit,Permissioned Ledger,UK,12476.26,Settled,5.6,41.9,1.3,1.62
TXN101123,2026-01-11,Standard Chartered,HSBC,Tokenised Deposit,Permissioned Ledger,MEA,66507.01,Settled,11.2,32.1,4.13,27.47
TXN101124,2026-04-15,HSBC,UBS,Tokenised Bond,Public Blockchain,EU,5261.17,Settled,52.9,30.3,0.99,0.52
TXN101125,2026-01-14,Citi,BNY Mellon,Tokenised Equity,Public Blockchain,UK,69777.94,Settled,79.2,55.3,2.76,19.26
TXN101126,2026-03-01,Citi,Deutsche Bank,Tokenised Equity,Hybrid Network,MEA,125961.33,Settled,21.2,51.9,1.55,19.52
TXN101127,2026-01-30,BNY Mellon,Deutsche Bank,Tokenised Deposit,Permissioned Ledger,MEA,40968.45,Settled,13.3,38.0,1.97,8.07
TXN101128,2026-02-04,Deutsche Bank,JPMorgan,Tokenised Deposit,Hybrid Network,EU,82264.76,Settled,30.7,35.5,1.5,12.34
TXN101129,2026-06-14,UBS,HSBC,Tokenised Equity,Public Blockchain,US,62541.41,Settled,44.7,21.8,3.95,24.7
TXN101130,2026-01-05,BNY Mellon,JPMorgan,Tokenised Bond,Public Blockchain,MEA,11728.42,Settled,40.0,39.3,2.56,3.0
TXN101131,2026-03-24,BNY Mellon,Standard Chartered,Tokenised Deposit,Permissioned Ledger,MEA,93423.04,Settled,6.6,50.4,3.65,34.1
TXN101132,2026-05-03,BNY Mellon,Citi,Tokenised Bond,Permissioned Ledger,US,77362.22,Settled,8.6,41.4,1.95,15.09
TXN101133,2026-03-19,UBS,Citi,Tokenised Deposit,Hybrid Network,EU,114916.29,Settled,33.8,29.2,0.78,8.96
TXN101134,2026-06-03,Deutsche Bank,HSBC,Tokenised Equity,Public Blockchain,MEA,41407.22,Settled,24.8,62.3,1.63,6.75
TXN101135,2026-03-03,Deutsche Bank,HSBC,Tokenised Deposit,Permissioned Ledger,UK,10903.8,Settled,9.3,45.6,3.57,3.89
TXN101136,2026-05-12,BNY Mellon,HSBC,Tokenised Equity,Permissioned Ledger,US,54818.68,Settled,7.2,60.0,1.64,8.99
TXN101137,2026-03-30,JPMorgan,BNY Mellon,Tokenised Deposit,Permissioned Ledger,MEA,87944.12,Settled,9.6,37.6,4.5,39.57
TXN101138,2026-02-11,Standard Chartered,UBS,Tokenised Bond,Permissioned Ledger,APAC,248045.32,Settled,4.7,18.6,1.19,29.52
TXN101139,2026-03-30,Citi,Standard Chartered,Tokenised Deposit,Public Blockchain,UK,5879.08,Settled,56.6,38.6,3.49,2.05
TXN101140,2026-05-26,HSBC,Deutsche Bank,Tokenised Deposit,Hybrid Network,EU,51228.33,Settled,15.9,26.9,1.64,8.4
TXN101141,2026-02-09,Barclays,HSBC,Tokenised Equity,Hybrid Network,MEA,121458.15,Settled,15.2,35.9,1.88,22.83
TXN101142,2026-03-13,JPMorgan,HSBC,Tokenised Deposit,Public Blockchain,APAC,52412.41,Settled,56.4,64.7,2.04,10.69
TXN101143,2026-02-08,Deutsche Bank,Citi,Tokenised Deposit,Public Blockchain,EU,391091.94,Settled,43.3,22.8,0.98,38.33
TXN101144,2026-04-14,BNY Mellon,Citi,Tokenised Equity,Permissioned Ledger,EU,82313.55,Settled,11.8,28.7,2.49,20.5
TXN101145,2026-01-14,Deutsche Bank,JPMorgan,Tokenised Bond,Public Blockchain,EU,36126.51,Settled,77.3,53.6,3.08,11.13
TXN101146,2026-02-01,UBS,Standard Chartered,Regulated Stablecoin,Permissioned Ledger,US,6788.49,Settled,10.4,54.5,2.83,1.92
TXN101147,2026-06-28,BNY Mellon,Deutsche Bank,Tokenised Real Estate Fund,Hybrid Network,EU,34341.34,Settled,18.3,40.0,2.76,9.48
TXN101148,2026-05-05,BNY Mellon,JPMorgan,Tokenised Deposit,Permissioned Ledger,US,41466.52,Settled,6.7,27.1,2.68,11.11
TXN101149,2026-06-15,JPMorgan,BNY Mellon,Tokenised Equity,Public Blockchain,MEA,36272.65,Settled,79.9,47.2,3.17,11.5
TXN101150,2026-04-07,UBS,JPMorgan,Tokenised Equity,Hybrid Network,APAC,35028.7,Settled,10.4,41.4,3.43,12.01
TXN101151,2026-01-23,Barclays,Citi,Regulated Stablecoin,Permissioned Ledger,US,196398.05,Settled,7.1,24.0,1.21,23.76
TXN101152,2026-03-04,UBS,Citi,Tokenised Bond,Permissioned Ledger,MEA,93163.96,Failed,,30.2,2.56,23.85
TXN101153,2026-05-23,UBS,Barclays,Regulated Stablecoin,Permissioned Ledger,APAC,26278.94,Settled,7.6,25.7,2.85,7.49
TXN101154,2026-06-02,JPMorgan,UBS,Tokenised Real Estate Fund,Permissioned Ledger,MEA,116118.63,Settled,7.4,52.7,3.59,41.69
TXN101155,2026-05-25,Citi,Deutsche Bank,Tokenised Real Estate Fund,Public Blockchain,EU,45437.02,Settled,80.6,40.8,1.54,7.0
TXN101156,2026-07-13,Deutsche Bank,Barclays,Tokenised Deposit,Public Blockchain,UK,28484.47,Settled,79.3,40.6,0.98,2.79
TXN101157,2026-02-22,HSBC,Barclays,Tokenised Bond,Permissioned Ledger,UK,446580.9,Settled,8.1,34.0,3.02,134.87
TXN101158,2026-04-14,HSBC,UBS,Tokenised Real Estate Fund,Permissioned Ledger,MEA,24728.73,Settled,6.7,40.4,0.52,1.29
TXN101159,2026-04-14,Deutsche Bank,UBS,Tokenised Bond,Permissioned Ledger,UK,24433.79,Settled,5.6,23.7,2.74,6.69
TXN101160,2026-06-28,UBS,Standard Chartered,Tokenised Bond,Public Blockchain,US,3818.74,Settled,59.8,31.5,4.08,1.56
TXN101161,2026-02-08,BNY Mellon,HSBC,Regulated Stablecoin,Permissioned Ledger,US,47506.71,Pending,,57.0,3.31,15.72
TXN101162,2026-06-28,BNY Mellon,Citi,Tokenised Equity,Public Blockchain,MEA,244900.12,Settled,54.8,43.2,2.96,72.49
TXN101163,2026-07-17,Barclays,Standard Chartered,Tokenised Deposit,Permissioned Ledger,MEA,93991.6,Failed,,30.3,3.79,35.62
TXN101164,2026-05-14,JPMorgan,Citi,Tokenised Deposit,Permissioned Ledger,APAC,38093.45,Settled,13.0,46.3,2.87,10.93
TXN101165,2026-03-08,UBS,BNY Mellon,Tokenised Bond,Public Blockchain,MEA,34510.18,Settled,70.6,29.1,2.16,7.45
TXN101166,2026-05-15,Barclays,JPMorgan,Tokenised Deposit,Permissioned Ledger,APAC,123785.3,Settled,6.8,21.3,2.7,33.42
TXN101167,2026-06-28,Standard Chartered,Deutsche Bank,Regulated Stablecoin,Hybrid Network,MEA,18758.36,Settled,20.5,47.0,0.85,1.59
TXN101168,2026-07-19,HSBC,Barclays,Regulated Stablecoin,Permissioned Ledger,APAC,32734.55,Pending,,38.6,2.31,7.56
TXN101169,2026-02-11,Standard Chartered,Deutsche Bank,Tokenised Equity,Permissioned Ledger,UK,9996.1,Settled,10.4,22.5,3.99,3.99
TXN101170,2026-07-11,Deutsche Bank,JPMorgan,Tokenised Bond,Hybrid Network,UK,175411.55,Settled,24.0,14.9,1.07,18.77
TXN101171,2026-01-15,BNY Mellon,Barclays,Tokenised Deposit,Public Blockchain,MEA,43197.89,Settled,54.1,35.4,0.64,2.76
TXN101172,2026-04-21,Barclays,HSBC,Regulated Stablecoin,Hybrid Network,EU,36456.67,Settled,32.4,33.9,3.12,11.37
TXN101173,2026-06-06,JPMorgan,HSBC,Tokenised Deposit,Permissioned Ledger,EU,102800.3,Settled,7.6,44.9,3.98,40.91
TXN101174,2026-02-02,BNY Mellon,UBS,Tokenised Bond,Hybrid Network,US,29966.66,Settled,31.2,31.5,1.32,3.96
TXN101175,2026-06-04,Deutsche Bank,JPMorgan,Tokenised Deposit,Hybrid Network,EU,128901.93,Settled,39.3,13.7,3.92,50.53
TXN101176,2026-06-13,Deutsche Bank,HSBC,Tokenised Real Estate Fund,Permissioned Ledger,US,54431.42,Settled,7.2,23.2,4.33,23.57
TXN101177,2026-06-06,UBS,Standard Chartered,Tokenised Deposit,Hybrid Network,MEA,178962.14,Settled,9.3,39.1,3.9,69.8
TXN101178,2026-02-07,JPMorgan,HSBC,Regulated Stablecoin,Permissioned Ledger,EU,387622.36,Settled,7.4,36.8,3.42,132.57
TXN101179,2026-07-04,HSBC,Citi,Tokenised Real Estate Fund,Public Blockchain,EU,40692.5,Settled,41.5,21.5,3.1,12.61
TXN101180,2026-04-07,Deutsche Bank,Citi,Tokenised Equity,Public Blockchain,US,9751.67,Settled,67.3,31.7,1.26,1.23
TXN101181,2026-06-04,BNY Mellon,Citi,Tokenised Deposit,Public Blockchain,US,41630.55,Pending,,45.9,2.36,9.82
TXN101182,2026-07-02,HSBC,Barclays,Tokenised Bond,Permissioned Ledger,US,78333.71,Settled,9.2,27.6,3.18,24.91
TXN101183,2026-02-02,Citi,Standard Chartered,Tokenised Deposit,Public Blockchain,UK,746311.5,Settled,77.4,18.7,2.76,205.98
TXN101184,2026-07-15,BNY Mellon,Deutsche Bank,Regulated Stablecoin,Public Blockchain,UK,23709.89,Settled,82.2,43.5,1.88,4.46
TXN101185,2026-03-27,UBS,JPMorgan,Tokenised Deposit,Hybrid Network,EU,102457.6,Settled,9.7,28.8,4.42,45.29
TXN101186,2026-03-07,Standard Chartered,Deutsche Bank,Tokenised Equity,Permissioned Ledger,APAC,45842.84,Settled,11.5,43.2,1.45,6.65
TXN101187,2026-01-10,Standard Chartered,BNY Mellon,Tokenised Deposit,Public Blockchain,EU,89824.56,Settled,45.7,50.8,2.32,20.84
TXN101188,2026-01-05,Citi,Barclays,Regulated Stablecoin,Hybrid Network,EU,34215.84,Settled,45.1,18.3,1.6,5.47
TXN101189,2026-05-03,Standard Chartered,Citi,Tokenised Deposit,Permissioned Ledger,US,155458.74,Settled,5.5,38.9,2.85,44.31
TXN101190,2026-03-15,JPMorgan,Deutsche Bank,Tokenised Bond,Public Blockchain,MEA,46189.78,Settled,61.3,30.7,2.45,11.32
TXN101191,2026-04-07,HSBC,UBS,Tokenised Deposit,Public Blockchain,US,7833.85,Settled,64.5,11.7,3.63,2.84
TXN101192,2026-04-28,Citi,JPMorgan,Tokenised Equity,Public Blockchain,EU,8165.08,Settled,65.4,49.8,3.94,3.22
TXN101193,2026-02-07,Barclays,HSBC,Tokenised Equity,Public Blockchain,EU,7733.8,Settled,56.8,36.8,2.92,2.26
TXN101194,2026-05-21,Standard Chartered,JPMorgan,Tokenised Bond,Permissioned Ledger,APAC,1458130.03,Settled,9.3,51.2,4.2,612.41
TXN101195,2026-06-08,Deutsche Bank,Standard Chartered,Regulated Stablecoin,Hybrid Network,UK,43481.36,Settled,10.7,42.0,4.27,18.57
TXN101196,2026-02-16,BNY Mellon,HSBC,Regulated Stablecoin,Permissioned Ledger,MEA,224136.39,Settled,4.5,48.3,1.02,22.86
TXN101197,2026-04-19,BNY Mellon,Deutsche Bank,Tokenised Equity,Permissioned Ledger,MEA,25790.62,Pending,,39.8,3.37,8.69
TXN101198,2026-06-29,Barclays,HSBC,Tokenised Deposit,Public Blockchain,US,19493.83,Failed,,60.1,0.91,1.77
TXN101199,2026-07-03,Citi,Deutsche Bank,Tokenised Deposit,Permissioned Ledger,UK,52759.31,Settled,7.1,27.5,2.02,10.66
TXN101200,2026-01-15,UBS,Barclays,Tokenised Bond,Permissioned Ledger,UK,12041.6,Settled,6.0,29.7,0.77,0.93
TXN101201,2026-06-06,JPMorgan,UBS,Tokenised Deposit,Public Blockchain,MEA,17086.09,Settled,56.8,33.4,4.38,7.48
TXN101202,2026-05-16,BNY Mellon,JPMorgan,Regulated Stablecoin,Public Blockchain,MEA,103398.85,Settled,86.1,43.3,2.63,27.19
TXN101203,2026-01-05,Standard Chartered,Citi,Tokenised Equity,Hybrid Network,MEA,5461.64,Settled,41.2,30.9,2.29,1.25
TXN101204,2026-06-06,BNY Mellon,Citi,Tokenised Deposit,Permissioned Ledger,EU,12303.48,Settled,8.8,37.1,2.97,3.65
TXN101205,2026-02-16,JPMorgan,Citi,Tokenised Real Estate Fund,Public Blockchain,EU,68872.83,Failed,,19.4,1.67,11.5
TXN101206,2026-03-09,BNY Mellon,HSBC,Tokenised Equity,Public Blockchain,UK,185785.08,Settled,54.6,56.5,4.06,75.43
TXN101207,2026-03-17,UBS,JPMorgan,Tokenised Deposit,Hybrid Network,UK,10902.56,Settled,30.7,35.0,1.32,1.44
TXN101208,2026-06-22,HSBC,UBS,Tokenised Deposit,Permissioned Ledger,US,20944.94,Settled,2.6,37.5,3.93,8.23
TXN101209,2026-05-10,HSBC,UBS,Tokenised Bond,Permissioned Ledger,MEA,68572.81,Settled,7.8,41.4,4.38,30.03
TXN101210,2026-06-04,Citi,UBS,Tokenised Deposit,Public Blockchain,APAC,552871.72,Settled,73.3,31.0,0.91,50.31
TXN101211,2026-04-05,Deutsche Bank,Standard Chartered,Tokenised Deposit,Permissioned Ledger,UK,71981.32,Settled,12.4,36.0,1.1,7.92
TXN101212,2026-04-25,UBS,Standard Chartered,Regulated Stablecoin,Permissioned Ledger,US,20201.2,Pending,,39.1,4.32,8.73
TXN101213,2026-06-13,UBS,Citi,Tokenised Bond,Permissioned Ledger,EU,8415.53,Settled,12.6,33.6,1.85,1.56
TXN101214,2026-02-05,JPMorgan,BNY Mellon,Regulated Stablecoin,Permissioned Ledger,APAC,33024.67,Settled,11.1,45.3,0.7,2.31
TXN101215,2026-01-26,Deutsche Bank,BNY Mellon,Tokenised Bond,Permissioned Ledger,UK,31432.02,Settled,9.2,45.3,3.0,9.43
TXN101216,2026-02-12,Citi,Barclays,Tokenised Deposit,Public Blockchain,UK,1184.48,Settled,45.6,43.8,2.31,0.27
TXN101217,2026-01-27,JPMorgan,Barclays,Tokenised Real Estate Fund,Permissioned Ledger,EU,22498.93,Pending,,29.3,1.01,2.27
TXN101218,2026-03-10,UBS,BNY Mellon,Tokenised Bond,Public Blockchain,UK,84844.07,Settled,26.4,62.2,1.72,14.59
TXN101219,2026-05-28,HSBC,JPMorgan,Tokenised Bond,Permissioned Ledger,US,118026.68,Settled,7.2,40.3,4.39,51.81
TXN101220,2026-01-11,Citi,Standard Chartered,Tokenised Deposit,Permissioned Ledger,US,216141.6,Settled,11.3,58.0,4.24,91.64
TXN101221,2026-03-15,Deutsche Bank,Barclays,Regulated Stablecoin,Permissioned Ledger,UK,103937.33,Settled,10.6,69.5,3.94,40.95
TXN101222,2026-04-14,UBS,Citi,Regulated Stablecoin,Permissioned Ledger,MEA,7589.01,Settled,9.2,35.7,1.83,1.39
TXN101223,2026-02-07,Deutsche Bank,Barclays,Tokenised Deposit,Permissioned Ledger,EU,132736.36,Settled,4.4,36.5,2.97,39.42
TXN101224,2026-05-14,Deutsche Bank,Standard Chartered,Tokenised Deposit,Public Blockchain,APAC,13487.65,Settled,12.8,34.1,2.77,3.74
TXN101225,2026-07-19,Barclays,UBS,Tokenised Equity,Public Blockchain,APAC,396441.67,Settled,10.3,23.5,1.66,65.81
TXN101226,2026-01-23,HSBC,BNY Mellon,Tokenised Deposit,Public Blockchain,US,21857.69,Settled,46.0,37.9,2.92,6.38
TXN101227,2026-02-16,Standard Chartered,UBS,Regulated Stablecoin,Public Blockchain,MEA,14297.12,Settled,70.0,59.3,2.1,3.0
TXN101228,2026-03-31,Barclays,BNY Mellon,Tokenised Bond,Permissioned Ledger,EU,51184.85,Settled,7.9,30.8,2.78,14.23
TXN101229,2026-02-15,Deutsche Bank,Citi,Tokenised Bond,Hybrid Network,MEA,56928.9,Settled,19.3,43.1,1.84,10.47
TXN101230,2026-04-17,BNY Mellon,Citi,Tokenised Deposit,Permissioned Ledger,EU,260752.53,Settled,9.3,57.8,1.74,45.37
TXN101231,2026-05-20,Barclays,UBS,Tokenised Deposit,Public Blockchain,EU,68050.91,Settled,51.9,45.9,4.46,30.35
TXN101232,2026-05-21,BNY Mellon,Standard Chartered,Tokenised Deposit,Public Blockchain,US,90621.87,Settled,59.6,58.8,0.72,6.52
TXN101233,2026-04-14,Barclays,Citi,Tokenised Equity,Public Blockchain,MEA,10207.87,Settled,45.3,22.2,4.32,4.41
TXN101234,2026-07-09,UBS,BNY Mellon,Tokenised Deposit,Public Blockchain,MEA,74358.19,Settled,32.4,39.8,2.97,22.08
TXN101235,2026-04-21,JPMorgan,Barclays,Regulated Stablecoin,Permissioned Ledger,EU,159358.7,Settled,12.8,47.4,3.07,48.92
TXN101236,2026-04-14,Standard Chartered,HSBC,Tokenised Equity,Permissioned Ledger,UK,210965.56,Settled,3.7,52.7,1.68,35.44
TXN101237,2026-03-01,JPMorgan,BNY Mellon,Tokenised Equity,Permissioned Ledger,MEA,100223.25,Settled,10.0,49.4,4.1,41.09
TXN101238,2026-06-20,Barclays,Deutsche Bank,Tokenised Deposit,Hybrid Network,UK,4617.91,Settled,24.4,21.0,1.98,0.91
TXN101239,2026-04-10,Deutsche Bank,Barclays,Tokenised Deposit,Public Blockchain,EU,60957.82,Settled,73.8,42.6,1.37,8.35
TXN101240,2026-03-09,BNY Mellon,UBS,Tokenised Deposit,Permissioned Ledger,US,135513.84,Pending,,20.7,2.2,29.81
TXN101241,2026-05-13,HSBC,Standard Chartered,Tokenised Deposit,Permissioned Ledger,APAC,465367.24,Settled,15.4,23.4,2.04,94.93
TXN101242,2026-04-30,HSBC,Standard Chartered,Tokenised Deposit,Permissioned Ledger,US,39575.82,Settled,9.6,41.7,3.1,12.27
TXN101243,2026-02-06,Standard Chartered,HSBC,Tokenised Deposit,Permissioned Ledger,UK,42986.03,Settled,10.7,59.5,3.39,14.57
TXN101244,2026-03-13,Standard Chartered,UBS,Tokenised Bond,Permissioned Ledger,UK,22874.99,Settled,8.5,24.2,2.75,6.29
TXN101245,2026-05-07,Standard Chartered,UBS,Tokenised Deposit,Permissioned Ledger,MEA,12956.84,Settled,10.5,43.2,2.15,2.79
TXN101246,2026-04-16,JPMorgan,Citi,Regulated Stablecoin,Permissioned Ledger,EU,165035.08,Settled,4.7,34.0,3.92,64.69
TXN101247,2026-04-02,HSBC,Citi,Regulated Stablecoin,Permissioned Ledger,MEA,41810.33,Settled,5.1,26.8,3.44,14.38
TXN101248,2026-01-31,Citi,Barclays,Tokenised Deposit,Public Blockchain,APAC,138406.83,Settled,67.5,51.9,4.23,58.55
TXN101249,2026-05-02,HSBC,BNY Mellon,Tokenised Deposit,Hybrid Network,MEA,2549.66,Settled,26.7,25.8,0.71,0.18
TXN101250,2026-05-17,Standard Chartered,BNY Mellon,Tokenised Deposit,Public Blockchain,MEA,33833.67,Settled,53.5,47.7,1.51,5.11
TXN101251,2026-02-20,HSBC,Citi,Tokenised Bond,Hybrid Network,US,49279.89,Settled,17.9,57.5,2.87,14.14
TXN101252,2026-01-29,UBS,Standard Chartered,Regulated Stablecoin,Public Blockchain,UK,38852.68,Settled,49.8,32.3,1.64,6.37
TXN101253,2026-02-09,Barclays,Standard Chartered,Regulated Stablecoin,Permissioned Ledger,EU,15933.21,Settled,5.9,41.2,4.01,6.39
TXN101254,2026-02-10,Barclays,HSBC,Tokenised Deposit,Public Blockchain,US,6744.32,Settled,42.9,25.3,0.87,0.59
TXN101255,2026-01-11,Deutsche Bank,Citi,Tokenised Real Estate Fund,Public Blockchain,MEA,783272.42,Settled,54.8,37.5,2.74,214.62
TXN101256,2026-05-31,Standard Chartered,BNY Mellon,Tokenised Deposit,Hybrid Network,UK,84155.27,Settled,37.3,23.8,1.81,15.23
TXN101257,2026-01-01,Standard Chartered,Deutsche Bank,Regulated Stablecoin,Permissioned Ledger,US,24195.72,Pending,,41.8,4.3,10.4
TXN101258,2026-02-15,UBS,JPMorgan,Tokenised Deposit,Permissioned Ledger,MEA,153896.52,Settled,1.6,25.0,1.79,27.55
TXN101259,2026-04-11,Deutsche Bank,HSBC,Tokenised Deposit,Permissioned Ledger,UK,62818.58,Settled,11.0,41.5,1.99,12.5
TXN101260,2026-05-29,HSBC,Deutsche Bank,Tokenised Equity,Permissioned Ledger,UK,12060.26,Settled,13.6,52.5,2.68,3.23
TXN101261,2026-03-31,UBS,Citi,Regulated Stablecoin,Hybrid Network,UK,129845.0,Settled,28.3,50.7,2.95,38.3
TXN101262,2026-04-20,JPMorgan,Barclays,Tokenised Equity,Permissioned Ledger,MEA,51650.03,Settled,12.8,44.1,1.04,5.37
TXN101263,2026-06-13,Standard Chartered,BNY Mellon,Tokenised Deposit,Public Blockchain,UK,89019.53,Settled,59.4,40.0,1.94,17.27
TXN101264,2026-07-01,Barclays,JPMorgan,Tokenised Deposit,Permissioned Ledger,MEA,9670.01,Settled,7.9,25.9,2.03,1.96
TXN101265,2026-02-26,UBS,Barclays,Tokenised Bond,Permissioned Ledger,UK,202738.02,Settled,7.2,37.5,3.77,76.43
TXN101266,2026-01-01,JPMorgan,BNY Mellon,Tokenised Equity,Permissioned Ledger,US,7594.05,Settled,10.2,16.4,0.72,0.55
TXN101267,2026-03-04,Barclays,UBS,Tokenised Deposit,Permissioned Ledger,MEA,158493.29,Failed,,30.0,2.16,34.23
TXN101268,2026-07-01,Barclays,JPMorgan,Regulated Stablecoin,Permissioned Ledger,APAC,98421.35,Settled,6.6,25.8,4.29,42.22
TXN101269,2026-02-24,Barclays,UBS,Tokenised Deposit,Public Blockchain,APAC,79129.89,Settled,73.5,23.7,4.34,34.34
TXN101270,2026-04-25,Deutsche Bank,JPMorgan,Tokenised Bond,Public Blockchain,UK,13093.75,Settled,57.0,15.2,4.27,5.59
TXN101271,2026-06-17,UBS,Standard Chartered,Tokenised Equity,Permissioned Ledger,UK,35912.43,Settled,5.6,40.4,1.89,6.79
TXN101272,2026-05-23,Barclays,JPMorgan,Tokenised Deposit,Public Blockchain,US,204533.25,Settled,68.3,30.3,3.91,79.97
TXN101273,2026-05-29,BNY Mellon,JPMorgan,Tokenised Bond,Public Blockchain,MEA,96728.65,Settled,84.8,47.6,4.03,38.98
TXN101274,2026-06-24,Citi,BNY Mellon,Tokenised Bond,Permissioned Ledger,APAC,187755.92,Settled,8.3,18.3,1.68,31.54
TXN101275,2026-02-22,Citi,JPMorgan,Tokenised Bond,Hybrid Network,APAC,201203.54,Pending,,32.5,0.82,16.5
TXN101276,2026-05-17,BNY Mellon,JPMorgan,Tokenised Equity,Permissioned Ledger,UK,11445.14,Settled,8.2,35.4,0.93,1.06
TXN101277,2026-06-29,UBS,Deutsche Bank,Tokenised Bond,Hybrid Network,APAC,77998.05,Settled,21.7,42.8,0.66,5.15
TXN101278,2026-02-26,BNY Mellon,HSBC,Tokenised Equity,Hybrid Network,MEA,98782.77,Settled,38.7,21.4,2.8,27.66
TXN101279,2026-04-27,Barclays,BNY Mellon,Tokenised Deposit,Permissioned Ledger,UK,279350.66,Settled,1.0,36.0,2.95,82.41
TXN101280,2026-06-03,HSBC,Citi,Tokenised Deposit,Public Blockchain,MEA,142952.81,Settled,57.8,13.0,2.26,32.31
TXN101281,2026-06-18,Standard Chartered,BNY Mellon,Tokenised Bond,Public Blockchain,UK,17076.2,Settled,62.8,52.0,1.85,3.16
TXN101282,2026-02-04,Deutsche Bank,Barclays,Regulated Stablecoin,Public Blockchain,US,63994.25,Settled,45.2,39.5,3.69,23.61
TXN101283,2026-03-04,Citi,Deutsche Bank,Regulated Stablecoin,Permissioned Ledger,APAC,125939.19,Settled,3.5,37.8,4.04,50.88
TXN101284,2026-01-25,Standard Chartered,Deutsche Bank,Tokenised Deposit,Permissioned Ledger,MEA,15929.37,Settled,7.5,40.3,2.78,4.43
TXN101285,2026-03-31,Citi,Deutsche Bank,Tokenised Bond,Permissioned Ledger,MEA,27339.56,Settled,6.6,42.2,0.74,2.02
TXN101286,2026-03-16,Standard Chartered,UBS,Tokenised Deposit,Permissioned Ledger,US,91871.55,Pending,,26.7,3.03,27.84
TXN101287,2026-02-07,HSBC,Deutsche Bank,Tokenised Deposit,Permissioned Ledger,EU,114963.26,Settled,7.7,27.4,3.9,44.84
TXN101288,2026-05-10,Standard Chartered,JPMorgan,Tokenised Deposit,Permissioned Ledger,EU,33981.65,Settled,7.9,36.5,0.8,2.72
TXN101289,2026-05-15,Deutsche Bank,JPMorgan,Tokenised Deposit,Permissioned Ledger,EU,191646.74,Settled,16.0,28.1,2.96,56.73
TXN101290,2026-06-11,UBS,HSBC,Tokenised Equity,Hybrid Network,EU,71957.48,Settled,26.7,25.8,3.89,27.99
TXN101291,2026-04-01,HSBC,Standard Chartered,Tokenised Bond,Permissioned Ledger,UK,149385.53,Settled,8.4,50.3,2.16,32.27
TXN101292,2026-01-17,Deutsche Bank,Barclays,Tokenised Real Estate Fund,Public Blockchain,EU,835602.2,Settled,78.5,31.2,1.52,127.01
TXN101293,2026-05-08,Standard Chartered,UBS,Tokenised Equity,Permissioned Ledger,EU,8144.08,Settled,2.3,33.2,1.79,1.46
TXN101294,2026-06-20,HSBC,UBS,Tokenised Deposit,Public Blockchain,MEA,245837.04,Settled,68.9,58.9,4.31,105.96
TXN101295,2026-07-06,UBS,HSBC,Tokenised Equity,Permissioned Ledger,UK,16804.91,Settled,9.0,36.5,2.57,4.32
TXN101296,2026-04-18,UBS,HSBC,Tokenised Real Estate Fund,Permissioned Ledger,US,37998.22,Settled,5.1,25.8,1.48,5.62
TXN101297,2026-06-28,JPMorgan,UBS,Regulated Stablecoin,Permissioned Ledger,EU,429191.45,Settled,11.7,16.0,2.94,126.18
TXN101298,2026-07-01,Citi,Barclays,Regulated Stablecoin,Hybrid Network,MEA,227168.12,Settled,25.8,47.0,1.51,34.3
TXN101299,2026-06-01,UBS,Barclays,Tokenised Bond,Permissioned Ledger,EU,14407.02,Settled,5.0,44.9,0.52,0.75
TXN101300,2026-01-25,BNY Mellon,UBS,Tokenised Deposit,Hybrid Network,UK,86492.79,Settled,28.3,40.4,1.36,11.76
TXN101301,2026-07-18,Barclays,Standard Chartered,Tokenised Real Estate Fund,Permissioned Ledger,MEA,30097.22,Settled,5.1,28.4,3.6,10.83
TXN101302,2026-06-29,JPMorgan,Deutsche Bank,Regulated Stablecoin,Public Blockchain,US,50572.9,Settled,52.4,35.5,3.41,17.25
TXN101303,2026-07-17,UBS,Deutsche Bank,Regulated Stablecoin,Permissioned Ledger,EU,19204.02,Pending,,22.4,0.67,1.29
TXN101304,2026-03-29,UBS,Standard Chartered,Tokenised Deposit,Public Blockchain,UK,75476.93,Settled,56.8,44.5,3.89,29.36
TXN101305,2026-06-10,Citi,HSBC,Tokenised Bond,Public Blockchain,EU,47629.27,Settled,44.5,33.3,0.95,4.52
TXN101306,2026-06-26,Barclays,JPMorgan,Regulated Stablecoin,Hybrid Network,UK,121780.45,Settled,27.2,29.1,2.24,27.28
TXN101307,2026-01-29,UBS,Citi,Tokenised Deposit,Permissioned Ledger,US,195654.93,Settled,8.4,22.4,2.87,56.15
TXN101308,2026-03-04,JPMorgan,Citi,Tokenised Bond,Permissioned Ledger,MEA,190245.69,Settled,8.2,37.5,2.75,52.32
TXN101309,2026-05-30,Deutsche Bank,JPMorgan,Regulated Stablecoin,Hybrid Network,MEA,26228.25,Settled,32.2,25.7,3.53,9.26
TXN101310,2026-06-03,UBS,Deutsche Bank,Tokenised Bond,Permissioned Ledger,APAC,199020.45,Settled,2.3,29.8,2.19,43.59
TXN101311,2026-06-05,UBS,BNY Mellon,Tokenised Bond,Hybrid Network,US,46364.97,Settled,12.4,16.2,3.79,17.57
TXN101312,2026-04-24,Citi,Standard Chartered,Tokenised Deposit,Permissioned Ledger,EU,21970.86,Settled,11.9,25.4,1.73,3.8
TXN101313,2026-02-18,BNY Mellon,UBS,Tokenised Bond,Permissioned Ledger,US,75628.5,Settled,7.4,38.4,3.92,29.65
TXN101314,2026-07-18,Deutsche Bank,BNY Mellon,Regulated Stablecoin,Permissioned Ledger,UK,57826.8,Settled,5.5,28.7,4.26,24.63
TXN101315,2026-03-22,Citi,HSBC,Tokenised Equity,Public Blockchain,MEA,27900.88,Failed,,38.2,2.26,6.31
TXN101316,2026-03-25,BNY Mellon,HSBC,Tokenised Deposit,Permissioned Ledger,US,178941.95,Settled,6.6,23.3,3.41,61.02
TXN101317,2026-04-15,Deutsche Bank,UBS,Tokenised Deposit,Permissioned Ledger,UK,89379.74,Settled,12.3,27.4,4.25,37.99
TXN101318,2026-06-26,JPMorgan,Standard Chartered,Tokenised Bond,Permissioned Ledger,UK,22319.35,Settled,2.3,25.4,1.59,3.55
TXN101319,2026-05-28,Deutsche Bank,Standard Chartered,Tokenised Bond,Permissioned Ledger,US,89558.35,Settled,5.9,25.9,0.88,7.88
TXN101320,2026-04-28,Citi,JPMorgan,Tokenised Deposit,Permissioned Ledger,APAC,11057.67,Settled,6.9,29.0,1.49,1.65
TXN101321,2026-03-27,Citi,HSBC,Regulated Stablecoin,Permissioned Ledger,EU,19378.89,Pending,,38.3,1.81,3.51
TXN101322,2026-03-04,Standard Chartered,Barclays,Tokenised Deposit,Public Blockchain,EU,73446.61,Settled,73.4,30.3,2.0,14.69
TXN101323,2026-07-08,UBS,Citi,Tokenised Bond,Public Blockchain,MEA,15158.14,Pending,,47.5,1.67,2.53
TXN101324,2026-04-14,HSBC,Barclays,Tokenised Deposit,Public Blockchain,US,19579.28,Settled,86.0,36.4,1.35,2.64
TXN101325,2026-02-18,BNY Mellon,Deutsche Bank,Tokenised Bond,Hybrid Network,APAC,18491.25,Settled,5.6,37.5,2.34,4.33
TXN101326,2026-03-12,Standard Chartered,HSBC,Tokenised Deposit,Public Blockchain,EU,52909.47,Settled,31.8,38.0,3.23,17.09
TXN101327,2026-01-01,HSBC,JPMorgan,Tokenised Deposit,Public Blockchain,MEA,210235.07,Settled,75.4,13.9,1.48,31.11
TXN101328,2026-05-21,Citi,JPMorgan,Regulated Stablecoin,Hybrid Network,MEA,260324.6,Settled,25.3,54.5,3.93,102.31
TXN101329,2026-06-28,Standard Chartered,BNY Mellon,Tokenised Deposit,Permissioned Ledger,MEA,30199.27,Settled,6.3,34.2,3.74,11.29
TXN101330,2026-05-03,UBS,Deutsche Bank,Tokenised Real Estate Fund,Hybrid Network,MEA,40090.69,Settled,11.5,47.3,1.54,6.17
TXN101331,2026-07-03,Citi,HSBC,Tokenised Equity,Public Blockchain,UK,60185.01,Settled,74.1,28.1,2.87,17.27
TXN101332,2026-03-03,Deutsche Bank,Citi,Tokenised Deposit,Permissioned Ledger,MEA,8808.03,Settled,4.9,22.9,3.88,3.42
TXN101333,2026-02-01,Deutsche Bank,UBS,Tokenised Equity,Permissioned Ledger,MEA,99939.58,Settled,8.8,53.3,3.93,39.28
TXN101334,2026-06-07,HSBC,Citi,Tokenised Deposit,Hybrid Network,EU,47781.45,Settled,29.7,61.1,0.82,3.92
TXN101335,2026-01-29,Citi,JPMorgan,Tokenised Bond,Permissioned Ledger,MEA,100027.61,Settled,9.4,22.1,1.2,12.0
TXN101336,2026-02-18,HSBC,Citi,Tokenised Deposit,Permissioned Ledger,UK,99599.31,Pending,,28.6,3.42,34.06
TXN101337,2026-06-22,Deutsche Bank,JPMorgan,Tokenised Bond,Permissioned Ledger,APAC,320883.05,Settled,2.8,33.4,1.88,60.33
TXN101338,2026-01-30,Barclays,BNY Mellon,Regulated Stablecoin,Hybrid Network,APAC,71822.58,Settled,29.6,44.2,1.32,9.48
TXN101339,2026-05-24,Barclays,Standard Chartered,Tokenised Deposit,Public Blockchain,US,214087.93,Pending,,42.0,4.23,90.56
TXN101340,2026-06-17,JPMorgan,Standard Chartered,Tokenised Deposit,Hybrid Network,APAC,340331.62,Settled,19.3,31.8,3.24,110.27
TXN101341,2026-01-19,Barclays,Standard Chartered,Regulated Stablecoin,Permissioned Ledger,MEA,34416.72,Settled,4.0,31.7,2.05,7.06
TXN101342,2026-01-18,Barclays,UBS,Tokenised Bond,Permissioned Ledger,UK,19687.07,Settled,10.0,43.8,3.77,7.42
TXN101343,2026-01-01,HSBC,Standard Chartered,Tokenised Bond,Public Blockchain,APAC,340534.94,Settled,77.8,38.6,1.19,40.52
TXN101344,2026-03-19,UBS,Barclays,Tokenised Bond,Hybrid Network,US,324432.45,Settled,17.9,47.2,2.62,85.0
TXN101345,2026-04-25,HSBC,Barclays,Tokenised Equity,Permissioned Ledger,APAC,630128.61,Settled,3.4,18.0,2.51,158.16
TXN101346,2026-06-24,UBS,BNY Mellon,Tokenised Deposit,Hybrid Network,EU,102084.77,Settled,32.7,37.5,4.47,45.63
TXN101347,2026-07-13,Deutsche Bank,HSBC,Tokenised Bond,Public Blockchain,US,47286.18,Pending,,27.9,3.25,15.37
TXN101348,2026-04-23,Barclays,BNY Mellon,Tokenised Equity,Permissioned Ledger,UK,43620.43,Settled,5.7,24.4,3.13,13.65
TXN101349,2026-04-24,Deutsche Bank,Citi,Tokenised Deposit,Permissioned Ledger,EU,156670.0,Settled,9.6,38.5,3.25,50.92
TXN101350,2026-06-15,Deutsche Bank,Barclays,Tokenised Deposit,Permissioned Ledger,APAC,181227.38,Pending,,36.8,2.37,42.95
TXN101351,2026-06-28,Barclays,BNY Mellon,Tokenised Real Estate Fund,Permissioned Ledger,APAC,27417.08,Settled,6.4,31.6,3.93,10.77
TXN101352,2026-03-04,Standard Chartered,Barclays,Regulated Stablecoin,Hybrid Network,EU,48159.09,Settled,21.0,35.7,1.02,4.91
TXN101353,2026-05-12,Barclays,BNY Mellon,Tokenised Real Estate Fund,Hybrid Network,MEA,72441.19,Settled,9.4,18.7,1.55,11.23
TXN101354,2026-05-09,BNY Mellon,Deutsche Bank,Tokenised Deposit,Permissioned Ledger,EU,164031.64,Settled,9.0,27.8,4.26,69.88
TXN101355,2026-01-08,BNY Mellon,Barclays,Tokenised Equity,Permissioned Ledger,MEA,100771.31,Settled,6.3,43.4,3.71,37.39
TXN101356,2026-06-06,Standard Chartered,Deutsche Bank,Tokenised Bond,Permissioned Ledger,MEA,53103.89,Settled,6.7,54.7,1.76,9.35
TXN101357,2026-02-24,HSBC,Barclays,Tokenised Bond,Hybrid Network,UK,122639.12,Settled,31.1,35.3,3.9,47.83
TXN101358,2026-04-13,JPMorgan,BNY Mellon,Tokenised Deposit,Permissioned Ledger,US,322260.78,Settled,11.8,25.6,4.48,144.37
TXN101359,2026-05-11,HSBC,JPMorgan,Tokenised Bond,Public Blockchain,MEA,77590.0,Settled,72.8,27.5,1.68,13.04
TXN101360,2026-02-01,UBS,BNY Mellon,Tokenised Deposit,Hybrid Network,UK,90051.98,Settled,18.2,16.4,0.73,6.57
TXN101361,2026-01-10,BNY Mellon,Standard Chartered,Regulated Stablecoin,Public Blockchain,UK,296077.52,Settled,72.7,26.6,4.04,119.62
TXN101362,2026-04-20,Citi,HSBC,Regulated Stablecoin,Permissioned Ledger,US,211823.67,Settled,8.4,26.1,2.46,52.11
TXN101363,2026-06-11,Standard Chartered,Barclays,Regulated Stablecoin,Permissioned Ledger,UK,35957.81,Settled,6.5,32.2,1.06,3.81
TXN101364,2026-05-04,Citi,UBS,Tokenised Equity,Public Blockchain,EU,54115.05,Settled,8.0,51.1,3.89,21.05
TXN101365,2026-03-28,Deutsche Bank,BNY Mellon,Tokenised Equity,Permissioned Ledger,EU,304670.92,Settled,5.9,39.7,2.32,70.68
TXN101366,2026-02-24,UBS,Citi,Tokenised Bond,Permissioned Ledger,APAC,187634.52,Settled,12.0,59.9,2.3,43.16
TXN101367,2026-02-01,UBS,HSBC,Tokenised Deposit,Permissioned Ledger,MEA,79341.86,Settled,14.4,57.1,3.39,26.9
TXN101368,2026-06-27,JPMorgan,Citi,Tokenised Bond,Permissioned Ledger,US,67684.43,Settled,3.6,16.2,0.79,5.35
TXN101369,2026-05-15,Barclays,Deutsche Bank,Regulated Stablecoin,Public Blockchain,UK,83843.77,Settled,19.0,47.4,4.05,33.96
TXN101370,2026-04-03,Standard Chartered,UBS,Tokenised Bond,Permissioned Ledger,US,63895.03,Settled,6.0,23.1,2.06,13.16
TXN101371,2026-01-08,Standard Chartered,BNY Mellon,Tokenised Deposit,Permissioned Ledger,EU,16466.9,Settled,1.8,26.6,4.48,7.38
TXN101372,2026-03-06,Deutsche Bank,Barclays,Regulated Stablecoin,Permissioned Ledger,UK,370686.81,Settled,6.2,58.6,3.53,130.85
TXN101373,2026-02-26,Barclays,Citi,Tokenised Deposit,Hybrid Network,UK,7316.49,Settled,21.8,43.9,1.75,1.28
TXN101374,2026-03-08,HSBC,Barclays,Tokenised Deposit,Permissioned Ledger,US,28872.18,Settled,7.2,55.7,1.39,4.01
TXN101375,2026-07-06,Deutsche Bank,Standard Chartered,Tokenised Deposit,Hybrid Network,MEA,44103.11,Settled,19.5,28.9,1.86,8.2
TXN101376,2026-03-13,Standard Chartered,Citi,Tokenised Deposit,Hybrid Network,US,44940.38,Settled,14.3,33.1,1.1,4.94
TXN101377,2026-02-23,Citi,BNY Mellon,Regulated Stablecoin,Public Blockchain,MEA,15295.21,Settled,63.5,42.6,1.96,3.0
TXN101378,2026-03-08,JPMorgan,BNY Mellon,Tokenised Bond,Hybrid Network,APAC,45884.41,Settled,21.1,26.2,1.27,5.83
TXN101379,2026-02-20,Barclays,JPMorgan,Regulated Stablecoin,Permissioned Ledger,UK,22014.0,Settled,12.0,35.7,3.6,7.93
TXN101380,2026-04-07,UBS,Standard Chartered,Tokenised Real Estate Fund,Permissioned Ledger,UK,19290.74,Settled,7.9,53.5,1.26,2.43
TXN101381,2026-04-02,Deutsche Bank,HSBC,Regulated Stablecoin,Hybrid Network,EU,117805.02,Settled,17.0,25.5,1.85,21.79
TXN101382,2026-01-08,Barclays,Deutsche Bank,Tokenised Deposit,Public Blockchain,UK,10505.55,Settled,42.3,25.8,3.34,3.51
TXN101383,2026-06-11,BNY Mellon,Deutsche Bank,Tokenised Deposit,Public Blockchain,US,23215.44,Settled,35.1,41.6,1.55,3.6
TXN101384,2026-02-04,Barclays,JPMorgan,Regulated Stablecoin,Hybrid Network,EU,382654.2,Settled,23.7,32.7,1.59,60.84
TXN101385,2026-04-06,Citi,Barclays,Tokenised Deposit,Permissioned Ledger,US,16861.22,Settled,11.4,33.1,1.75,2.95
TXN101386,2026-03-29,UBS,BNY Mellon,Tokenised Equity,Permissioned Ledger,US,54924.99,Settled,7.8,54.6,1.47,8.07
TXN101387,2026-03-19,HSBC,Standard Chartered,Tokenised Bond,Permissioned Ledger,APAC,7351.49,Settled,4.9,32.6,3.25,2.39
TXN101388,2026-02-01,Standard Chartered,Barclays,Tokenised Real Estate Fund,Permissioned Ledger,EU,84017.7,Settled,6.8,32.7,3.41,28.65
TXN101389,2026-04-30,BNY Mellon,JPMorgan,Tokenised Equity,Permissioned Ledger,US,54583.74,Settled,8.7,23.2,4.44,24.24
TXN101390,2026-02-15,UBS,BNY Mellon,Tokenised Deposit,Permissioned Ledger,UK,66429.18,Settled,2.5,52.3,3.51,23.32
TXN101391,2026-05-24,Standard Chartered,Citi,Tokenised Real Estate Fund,Hybrid Network,US,63629.3,Settled,35.7,43.3,1.53,9.74
TXN101392,2026-07-15,Citi,UBS,Regulated Stablecoin,Permissioned Ledger,MEA,43745.95,Settled,10.8,36.3,1.88,8.22
TXN101393,2026-06-14,HSBC,Standard Chartered,Regulated Stablecoin,Hybrid Network,APAC,22467.82,Settled,46.0,37.1,3.64,8.18
TXN101394,2026-07-01,JPMorgan,BNY Mellon,Regulated Stablecoin,Permissioned Ledger,UK,136737.62,Settled,4.9,43.3,1.67,22.84
TXN101395,2026-05-22,Citi,Barclays,Tokenised Real Estate Fund,Public Blockchain,UK,110986.6,Settled,31.9,26.5,2.04,22.64
TXN101396,2026-02-24,JPMorgan,UBS,Tokenised Deposit,Permissioned Ledger,EU,64568.57,Settled,11.7,44.3,0.65,4.2
TXN101397,2026-06-25,UBS,Standard Chartered,Tokenised Equity,Permissioned Ledger,US,46093.16,Settled,10.8,38.3,2.39,11.02
TXN101398,2026-01-07,JPMorgan,HSBC,Regulated Stablecoin,Hybrid Network,MEA,11531.36,Settled,22.9,38.2,1.24,1.43
TXN101399,2026-03-15,Standard Chartered,Deutsche Bank,Tokenised Deposit,Permissioned Ledger,APAC,13880.99,Settled,8.1,35.0,1.34,1.86
TXN101400,2026-01-07,Citi,Barclays,Regulated Stablecoin,Permissioned Ledger,EU,253718.11,Settled,10.3,49.0,1.1,27.91
TXN101401,2026-06-10,BNY Mellon,Standard Chartered,Tokenised Deposit,Permissioned Ledger,MEA,45457.98,Settled,7.7,40.0,1.26,5.73
TXN101402,2026-05-31,Deutsche Bank,UBS,Tokenised Equity,Public Blockchain,US,33053.48,Pending,,56.4,1.9,6.28
TXN101403,2026-03-26,UBS,HSBC,Tokenised Deposit,Public Blockchain,UK,13687.07,Pending,,61.6,1.39,1.9
TXN101404,2026-05-27,Standard Chartered,UBS,Regulated Stablecoin,Public Blockchain,MEA,79358.87,Settled,31.7,40.4,3.66,29.05
TXN101405,2026-04-22,HSBC,Citi,Tokenised Deposit,Public Blockchain,UK,82319.76,Settled,53.0,38.8,2.09,17.2
TXN101406,2026-05-05,Standard Chartered,Barclays,Tokenised Deposit,Hybrid Network,EU,190731.54,Settled,29.8,40.5,2.8,53.4
TXN101407,2026-05-27,BNY Mellon,Standard Chartered,Tokenised Deposit,Permissioned Ledger,APAC,19491.34,Settled,7.4,35.3,2.71,5.28
TXN101408,2026-02-05,UBS,Citi,Tokenised Deposit,Permissioned Ledger,EU,46978.94,Settled,14.5,53.3,2.5,11.74
TXN101409,2026-01-29,JPMorgan,Barclays,Tokenised Real Estate Fund,Hybrid Network,EU,6808.14,Settled,17.5,46.4,1.33,0.91
TXN101410,2026-07-07,BNY Mellon,JPMorgan,Tokenised Real Estate Fund,Permissioned Ledger,EU,28466.77,Settled,10.4,21.8,2.84,8.08
TXN101411,2026-03-23,Standard Chartered,Citi,Tokenised Deposit,Public Blockchain,UK,26651.53,Settled,55.1,65.7,2.45,6.53
TXN101412,2026-01-02,HSBC,Citi,Tokenised Deposit,Permissioned Ledger,UK,22185.33,Settled,10.9,43.9,1.04,2.31
TXN101413,2026-05-09,Standard Chartered,HSBC,Tokenised Deposit,Permissioned Ledger,UK,2323.13,Settled,12.3,49.4,3.22,0.75
TXN101414,2026-02-16,Citi,Barclays,Tokenised Deposit,Permissioned Ledger,UK,120805.39,Settled,6.7,51.9,2.12,25.61
TXN101415,2026-07-16,JPMorgan,Barclays,Tokenised Real Estate Fund,Public Blockchain,EU,57354.79,Settled,99.3,12.1,4.09,23.46
TXN101416,2026-05-28,BNY Mellon,UBS,Tokenised Deposit,Permissioned Ledger,UK,10946.47,Settled,8.6,42.7,1.08,1.18
TXN101417,2026-01-11,Citi,Standard Chartered,Regulated Stablecoin,Public Blockchain,US,46245.99,Settled,41.8,60.6,3.01,13.92
TXN101418,2026-05-10,BNY Mellon,Barclays,Tokenised Deposit,Hybrid Network,EU,498054.71,Settled,22.0,43.0,2.07,103.1
TXN101419,2026-07-14,HSBC,Barclays,Tokenised Bond,Hybrid Network,APAC,64141.66,Settled,43.8,38.8,4.38,28.09
TXN101420,2026-04-29,HSBC,UBS,Tokenised Bond,Permissioned Ledger,MEA,15934.95,Settled,4.7,27.6,2.75,4.38
TXN101421,2026-05-20,Deutsche Bank,BNY Mellon,Tokenised Deposit,Hybrid Network,MEA,212985.7,Settled,12.7,40.8,2.67,56.87
TXN101422,2026-01-20,Standard Chartered,Barclays,Tokenised Deposit,Permissioned Ledger,EU,13159.85,Settled,12.4,20.1,3.2,4.21
TXN101423,2026-01-05,Barclays,Deutsche Bank,Regulated Stablecoin,Public Blockchain,UK,344529.31,Settled,92.7,35.5,2.58,88.89
TXN101424,2026-02-06,Citi,BNY Mellon,Tokenised Deposit,Permissioned Ledger,EU,14241.74,Settled,4.6,38.0,2.77,3.94
TXN101425,2026-06-15,JPMorgan,BNY Mellon,Tokenised Deposit,Public Blockchain,EU,35835.43,Settled,122.9,54.5,2.86,10.25
TXN101426,2026-05-17,Citi,Standard Chartered,Tokenised Deposit,Hybrid Network,UK,81027.83,Settled,21.6,46.8,3.83,31.03
TXN101427,2026-02-22,Standard Chartered,Barclays,Regulated Stablecoin,Public Blockchain,UK,32188.86,Settled,65.4,29.8,0.78,2.51
TXN101428,2026-06-21,BNY Mellon,UBS,Tokenised Bond,Permissioned Ledger,US,18935.84,Settled,6.9,38.3,4.17,7.9
TXN101429,2026-04-09,Standard Chartered,Deutsche Bank,Tokenised Equity,Hybrid Network,EU,44392.41,Settled,33.3,15.3,0.81,3.6
TXN101430,2026-03-27,JPMorgan,Citi,Tokenised Deposit,Permissioned Ledger,US,25126.98,Pending,,45.2,1.43,3.59
TXN101431,2026-04-18,UBS,BNY Mellon,Tokenised Real Estate Fund,Hybrid Network,US,141720.34,Settled,1.0,32.2,3.33,47.19
TXN101432,2026-01-24,HSBC,Citi,Tokenised Deposit,Public Blockchain,APAC,112746.22,Settled,93.5,47.9,3.57,40.25
TXN101433,2026-03-22,Standard Chartered,JPMorgan,Tokenised Equity,Hybrid Network,APAC,53858.05,Settled,18.7,17.6,3.31,17.83
TXN101434,2026-06-07,HSBC,Deutsche Bank,Tokenised Deposit,Hybrid Network,APAC,41326.33,Settled,34.6,30.3,2.45,10.12
TXN101435,2026-04-30,BNY Mellon,HSBC,Regulated Stablecoin,Hybrid Network,UK,25643.71,Failed,,40.1,2.89,7.41
TXN101436,2026-02-28,Deutsche Bank,JPMorgan,Regulated Stablecoin,Public Blockchain,US,6816.44,Settled,77.0,50.8,2.83,1.93
TXN101437,2026-05-08,JPMorgan,Deutsche Bank,Tokenised Deposit,Hybrid Network,MEA,23939.25,Settled,21.8,41.8,0.88,2.11
TXN101438,2026-04-24,Standard Chartered,HSBC,Tokenised Bond,Public Blockchain,EU,323348.77,Failed,,38.6,1.11,35.89
TXN101439,2026-04-25,Standard Chartered,HSBC,Tokenised Deposit,Permissioned Ledger,US,52822.89,Settled,5.2,44.9,1.17,6.18
TXN101440,2026-01-14,Deutsche Bank,Standard Chartered,Tokenised Equity,Permissioned Ledger,UK,1722.92,Settled,8.0,30.5,1.27,0.22
TXN101441,2026-01-09,JPMorgan,HSBC,Tokenised Deposit,Permissioned Ledger,US,15029.4,Settled,10.8,38.0,3.05,4.58
TXN101442,2026-02-09,BNY Mellon,JPMorgan,Regulated Stablecoin,Public Blockchain,EU,3783.56,Settled,71.1,28.4,1.23,0.47
TXN101443,2026-07-13,Deutsche Bank,BNY Mellon,Tokenised Deposit,Permissioned Ledger,UK,10737.49,Settled,13.7,36.1,1.12,1.2
TXN101444,2026-01-25,UBS,Deutsche Bank,Regulated Stablecoin,Permissioned Ledger,EU,17792.46,Settled,9.2,29.7,1.45,2.58
TXN101445,2026-04-13,JPMorgan,Deutsche Bank,Tokenised Deposit,Permissioned Ledger,EU,28971.09,Settled,10.2,47.1,1.01,2.93
TXN101446,2026-01-22,BNY Mellon,Barclays,Tokenised Deposit,Hybrid Network,MEA,64148.31,Settled,23.0,38.6,4.05,25.98
TXN101447,2026-01-04,Standard Chartered,HSBC,Tokenised Bond,Permissioned Ledger,EU,62840.66,Settled,5.6,23.3,4.35,27.34
TXN101448,2026-06-03,Standard Chartered,Deutsche Bank,Regulated Stablecoin,Hybrid Network,EU,132593.46,Settled,34.0,46.2,3.38,44.82
TXN101449,2026-07-05,Citi,UBS,Tokenised Bond,Hybrid Network,EU,567982.22,Settled,16.5,20.3,0.88,49.98
TXN101450,2026-01-29,Citi,UBS,Tokenised Bond,Hybrid Network,APAC,98357.63,Settled,36.6,44.2,1.19,11.7
TXN101451,2026-04-19,HSBC,Deutsche Bank,Tokenised Deposit,Public Blockchain,APAC,62790.59,Settled,49.5,48.2,0.88,5.53
TXN101452,2026-04-08,Citi,BNY Mellon,Tokenised Equity,Permissioned Ledger,MEA,71227.56,Settled,10.0,26.4,3.82,27.21
TXN101453,2026-02-06,UBS,Deutsche Bank,Tokenised Equity,Hybrid Network,UK,32994.04,Settled,33.6,44.8,3.74,12.34
TXN101454,2026-03-16,Citi,JPMorgan,Regulated Stablecoin,Permissioned Ledger,APAC,167159.27,Settled,8.1,27.7,3.66,61.18
TXN101455,2026-03-11,Standard Chartered,HSBC,Tokenised Bond,Permissioned Ledger,EU,51839.55,Settled,8.7,29.5,2.13,11.04
TXN101456,2026-05-26,BNY Mellon,Citi,Regulated Stablecoin,Permissioned Ledger,MEA,451606.8,Settled,12.1,44.8,4.38,197.8
TXN101457,2026-05-08,Deutsche Bank,BNY Mellon,Tokenised Deposit,Hybrid Network,MEA,380465.14,Settled,13.7,41.7,0.54,20.55
TXN101458,2026-03-26,UBS,HSBC,Tokenised Deposit,Permissioned Ledger,MEA,28908.15,Settled,2.0,50.8,0.67,1.94
TXN101459,2026-02-11,Standard Chartered,HSBC,Tokenised Deposit,Permissioned Ledger,US,8896.44,Settled,4.2,22.2,2.2,1.96
TXN101460,2026-04-10,Standard Chartered,HSBC,Tokenised Deposit,Hybrid Network,MEA,60740.2,Settled,13.4,23.2,3.94,23.93
TXN101461,2026-02-10,JPMorgan,BNY Mellon,Tokenised Bond,Permissioned Ledger,MEA,107602.59,Settled,10.6,45.1,4.38,47.13
TXN101462,2026-06-15,UBS,BNY Mellon,Tokenised Equity,Permissioned Ledger,MEA,94272.37,Failed,,44.2,0.64,6.03
TXN101463,2026-02-03,HSBC,Citi,Tokenised Equity,Public Blockchain,EU,77962.23,Settled,99.0,37.8,0.81,6.31
TXN101464,2026-01-17,Barclays,Citi,Tokenised Equity,Permissioned Ledger,APAC,69832.53,Settled,5.6,35.5,0.79,5.52
TXN101465,2026-06-14,Deutsche Bank,Citi,Tokenised Bond,Permissioned Ledger,UK,45538.1,Settled,5.9,29.1,1.92,8.74
TXN101466,2026-06-02,UBS,Deutsche Bank,Tokenised Deposit,Permissioned Ledger,US,357974.66,Settled,6.3,12.1,2.3,82.33
TXN101467,2026-05-02,BNY Mellon,Standard Chartered,Regulated Stablecoin,Hybrid Network,UK,23852.7,Settled,24.7,29.9,4.04,9.64
TXN101468,2026-03-17,JPMorgan,Standard Chartered,Tokenised Bond,Hybrid Network,US,38193.94,Settled,28.7,34.0,3.94,15.05
TXN101469,2026-03-28,Standard Chartered,Citi,Tokenised Deposit,Permissioned Ledger,MEA,27427.57,Pending,,18.2,2.38,6.53
TXN101470,2026-04-27,Deutsche Bank,JPMorgan,Tokenised Bond,Public Blockchain,US,46942.78,Settled,85.5,40.5,0.74,3.47
TXN101471,2026-04-16,BNY Mellon,JPMorgan,Tokenised Bond,Public Blockchain,MEA,61310.13,Settled,73.2,21.2,1.84,11.28
TXN101472,2026-03-27,BNY Mellon,Citi,Tokenised Real Estate Fund,Public Blockchain,EU,1430640.21,Settled,72.2,59.0,1.73,247.5
TXN101473,2026-01-27,HSBC,Citi,Tokenised Deposit,Public Blockchain,APAC,175927.63,Settled,59.2,4.9,2.63,46.27
TXN101474,2026-02-26,Standard Chartered,Deutsche Bank,Regulated Stablecoin,Permissioned Ledger,MEA,123947.85,Settled,12.3,23.0,1.89,23.43
TXN101475,2026-01-31,Standard Chartered,Barclays,Regulated Stablecoin,Permissioned Ledger,UK,30158.65,Settled,11.5,37.3,1.87,5.64
TXN101476,2026-05-14,Deutsche Bank,BNY Mellon,Tokenised Deposit,Hybrid Network,UK,52738.48,Settled,9.8,35.4,2.18,11.5
TXN101477,2026-06-17,Deutsche Bank,BNY Mellon,Tokenised Equity,Permissioned Ledger,EU,28074.42,Settled,10.1,37.8,4.0,11.23
TXN101478,2026-04-08,Standard Chartered,BNY Mellon,Regulated Stablecoin,Public Blockchain,APAC,37817.08,Pending,,46.8,3.91,14.79
TXN101479,2026-01-12,Standard Chartered,BNY Mellon,Tokenised Equity,Public Blockchain,EU,22049.5,Settled,83.7,48.7,2.64,5.82
TXN101480,2026-02-22,Barclays,Standard Chartered,Tokenised Equity,Permissioned Ledger,APAC,40322.4,Settled,9.9,56.7,1.06,4.27
TXN101481,2026-07-18,Citi,Deutsche Bank,Tokenised Bond,Permissioned Ledger,UK,178679.8,Settled,5.5,40.0,4.02,71.83
TXN101482,2026-05-18,JPMorgan,Barclays,Tokenised Equity,Permissioned Ledger,MEA,7070.27,Settled,8.3,31.1,1.48,1.05
TXN101483,2026-06-22,UBS,Citi,Tokenised Equity,Permissioned Ledger,EU,169391.98,Settled,7.8,57.9,3.06,51.83
TXN101484,2026-05-25,Citi,JPMorgan,Tokenised Bond,Permissioned Ledger,UK,44195.71,Settled,13.7,41.9,3.24,14.32
TXN101485,2026-06-03,Barclays,BNY Mellon,Tokenised Deposit,Hybrid Network,EU,199074.83,Settled,1.0,32.8,1.18,23.49
TXN101486,2026-07-09,Standard Chartered,Deutsche Bank,Tokenised Deposit,Hybrid Network,US,240453.4,Settled,25.0,38.2,1.18,28.37
TXN101487,2026-05-02,Citi,Standard Chartered,Tokenised Deposit,Permissioned Ledger,EU,43378.06,Settled,7.3,24.7,0.67,2.91
TXN101488,2026-02-15,Standard Chartered,Barclays,Regulated Stablecoin,Permissioned Ledger,EU,32444.15,Settled,5.0,49.2,1.26,4.09
TXN101489,2026-03-05,Barclays,Deutsche Bank,Tokenised Equity,Public Blockchain,MEA,34323.46,Settled,53.8,24.4,1.31,4.5
TXN101490,2026-05-10,BNY Mellon,JPMorgan,Regulated Stablecoin,Hybrid Network,EU,9130.93,Settled,12.2,23.4,1.52,1.39
TXN101491,2026-02-23,UBS,Deutsche Bank,Tokenised Bond,Hybrid Network,US,470754.45,Settled,6.4,41.8,2.63,123.81
TXN101492,2026-04-17,Citi,UBS,Tokenised Deposit,Hybrid Network,US,264979.04,Settled,9.2,32.8,1.5,39.75
TXN101493,2026-07-12,Deutsche Bank,Standard Chartered,Tokenised Real Estate Fund,Hybrid Network,UK,23097.53,Settled,29.8,25.0,2.67,6.17
TXN101494,2026-02-20,HSBC,Deutsche Bank,Tokenised Deposit,Permissioned Ledger,EU,5220.34,Settled,5.6,43.1,1.49,0.78
TXN101495,2026-06-30,Barclays,UBS,Tokenised Equity,Hybrid Network,US,79334.73,Settled,26.3,19.1,2.65,21.02
TXN101496,2026-02-05,JPMorgan,HSBC,Tokenised Bond,Public Blockchain,MEA,213297.33,Settled,63.6,35.4,4.2,89.58
TXN101497,2026-04-25,Standard Chartered,Barclays,Tokenised Bond,Permissioned Ledger,MEA,43160.79,Settled,8.6,17.8,4.28,18.47
TXN101498,2026-01-26,JPMorgan,Standard Chartered,Tokenised Bond,Public Blockchain,UK,265946.84,Settled,58.7,38.5,2.28,60.64
TXN101499,2026-01-29,HSBC,Deutsche Bank,Tokenised Equity,Public Blockchain,EU,215719.21,Settled,21.9,40.4,2.32,50.05
TXN101500,2026-05-29,BNY Mellon,HSBC,Regulated Stablecoin,Permissioned Ledger,US,165905.89,Settled,7.4,28.2,2.97,49.27
TXN101501,2026-01-11,Deutsche Bank,Standard Chartered,Tokenised Equity,Public Blockchain,MEA,28433.05,Settled,40.8,39.7,1.87,5.32
TXN101502,2026-02-09,UBS,BNY Mellon,Regulated Stablecoin,Permissioned Ledger,US,115204.53,Settled,3.6,13.6,1.95,22.46
TXN101503,2026-01-11,Deutsche Bank,HSBC,Tokenised Deposit,Public Blockchain,APAC,4516.08,Settled,70.4,42.7,3.79,1.71
TXN101504,2026-06-13,Deutsche Bank,Barclays,Tokenised Deposit,Permissioned Ledger,EU,99860.47,Settled,7.4,59.5,1.58,15.78
TXN101505,2026-04-23,Deutsche Bank,Citi,Tokenised Bond,Public Blockchain,US,28625.6,Pending,,55.5,4.05,11.59
TXN101506,2026-07-06,Deutsche Bank,HSBC,Regulated Stablecoin,Public Blockchain,MEA,28280.11,Settled,84.4,36.3,2.1,5.94
TXN101507,2026-02-08,JPMorgan,HSBC,Tokenised Equity,Public Blockchain,EU,71235.9,Settled,60.1,47.8,3.08,21.94
TXN101508,2026-02-23,Barclays,Standard Chartered,Tokenised Deposit,Permissioned Ledger,APAC,128178.36,Settled,3.0,40.5,3.43,43.97
TXN101509,2026-04-08,JPMorgan,Barclays,Tokenised Deposit,Public Blockchain,US,23029.53,Settled,60.5,31.0,1.5,3.45
TXN101510,2026-02-24,Citi,Deutsche Bank,Tokenised Deposit,Hybrid Network,US,44576.68,Settled,24.6,43.6,1.88,8.38
TXN101511,2026-04-21,JPMorgan,Citi,Tokenised Deposit,Permissioned Ledger,EU,437966.86,Settled,5.7,34.6,4.29,187.89
TXN101512,2026-06-01,HSBC,Citi,Tokenised Real Estate Fund,Public Blockchain,MEA,209630.15,Settled,59.1,29.3,2.08,43.6
TXN101513,2026-05-30,UBS,BNY Mellon,Regulated Stablecoin,Hybrid Network,APAC,15672.33,Settled,31.6,25.1,3.74,5.86
TXN101514,2026-03-10,HSBC,BNY Mellon,Tokenised Bond,Public Blockchain,MEA,88409.38,Settled,26.9,43.8,2.07,18.3
TXN101515,2026-02-25,HSBC,Deutsche Bank,Tokenised Deposit,Public Blockchain,APAC,407113.21,Settled,94.3,37.1,4.13,168.14
TXN101516,2026-02-02,Standard Chartered,UBS,Tokenised Real Estate Fund,Public Blockchain,APAC,54662.85,Settled,74.5,33.7,1.01,5.52
TXN101517,2026-02-05,UBS,Standard Chartered,Tokenised Bond,Public Blockchain,EU,15516.28,Settled,73.5,39.0,3.83,5.94
TXN101518,2026-05-28,Standard Chartered,Citi,Regulated Stablecoin,Permissioned Ledger,APAC,39698.59,Settled,7.2,25.2,4.49,17.82
TXN101519,2026-03-22,HSBC,JPMorgan,Tokenised Deposit,Permissioned Ledger,EU,36373.78,Settled,6.5,34.9,2.24,8.15
TXN101520,2026-07-09,Standard Chartered,UBS,Regulated Stablecoin,Permissioned Ledger,MEA,125011.91,Settled,11.0,38.7,2.11,26.38
TXN101521,2026-04-19,Barclays,Citi,Tokenised Real Estate Fund,Public Blockchain,MEA,7500.11,Settled,22.7,26.9,2.15,1.61
TXN101522,2026-06-03,UBS,Deutsche Bank,Regulated Stablecoin,Hybrid Network,UK,525500.12,Settled,47.0,43.8,3.46,181.82
TXN101523,2026-07-13,Standard Chartered,UBS,Tokenised Deposit,Permissioned Ledger,US,16720.32,Settled,7.1,39.9,1.76,2.94
TXN101524,2026-03-14,Barclays,Citi,Tokenised Equity,Public Blockchain,UK,8722.85,Pending,,53.1,3.1,2.7
TXN101525,2026-02-09,UBS,JPMorgan,Tokenised Deposit,Permissioned Ledger,EU,28886.67,Settled,13.0,36.0,2.75,7.94
TXN101526,2026-01-17,BNY Mellon,Standard Chartered,Tokenised Deposit,Permissioned Ledger,US,86342.11,Settled,8.3,42.4,4.46,38.51
TXN101527,2026-05-09,JPMorgan,BNY Mellon,Tokenised Deposit,Permissioned Ledger,UK,360766.48,Settled,9.3,48.9,4.12,148.64
TXN101528,2026-03-02,JPMorgan,Standard Chartered,Regulated Stablecoin,Permissioned Ledger,UK,68415.77,Settled,5.2,22.5,3.08,21.07
TXN101529,2026-06-20,HSBC,Deutsche Bank,Tokenised Deposit,Hybrid Network,MEA,18157.9,Pending,,41.2,2.04,3.7
TXN101530,2026-04-14,Citi,JPMorgan,Tokenised Bond,Hybrid Network,US,242970.19,Pending,,30.9,2.37,57.58
TXN101531,2026-02-11,Deutsche Bank,Barclays,Regulated Stablecoin,Public Blockchain,APAC,76275.75,Settled,93.5,33.7,1.06,8.09
TXN101532,2026-01-25,BNY Mellon,Citi,Regulated Stablecoin,Permissioned Ledger,UK,41161.84,Settled,5.5,20.3,3.71,15.27
TXN101533,2026-02-08,Deutsche Bank,BNY Mellon,Tokenised Equity,Public Blockchain,UK,93251.96,Settled,71.1,20.0,0.61,5.69
TXN101534,2026-02-04,Citi,BNY Mellon,Tokenised Real Estate Fund,Public Blockchain,APAC,76165.24,Settled,79.6,35.1,4.21,32.07
TXN101535,2026-05-11,Standard Chartered,BNY Mellon,Tokenised Deposit,Public Blockchain,APAC,251094.71,Settled,25.8,48.4,1.4,35.15
TXN101536,2026-04-18,Standard Chartered,BNY Mellon,Regulated Stablecoin,Permissioned Ledger,MEA,4871.94,Settled,7.7,58.9,0.61,0.3
TXN101537,2026-06-21,JPMorgan,HSBC,Tokenised Bond,Permissioned Ledger,UK,142331.86,Settled,6.3,43.8,2.6,37.01
TXN101538,2026-06-28,Citi,Standard Chartered,Tokenised Deposit,Permissioned Ledger,UK,163740.86,Settled,10.5,42.9,3.18,52.07
TXN101539,2026-04-12,Deutsche Bank,BNY Mellon,Tokenised Equity,Permissioned Ledger,MEA,31364.11,Settled,8.0,29.5,2.94,9.22
TXN101540,2026-04-08,HSBC,Standard Chartered,Tokenised Deposit,Permissioned Ledger,EU,142612.79,Pending,,35.8,4.09,58.33
TXN101541,2026-01-12,BNY Mellon,Deutsche Bank,Tokenised Real Estate Fund,Permissioned Ledger,MEA,547068.74,Settled,3.0,25.5,4.23,231.41
TXN101542,2026-01-19,JPMorgan,Citi,Tokenised Equity,Permissioned Ledger,UK,81796.65,Settled,6.4,34.0,0.81,6.63
TXN101543,2026-04-11,HSBC,Deutsche Bank,Regulated Stablecoin,Public Blockchain,MEA,28604.32,Settled,100.4,36.5,1.49,4.26
TXN101544,2026-02-13,JPMorgan,Deutsche Bank,Regulated Stablecoin,Permissioned Ledger,MEA,2208.04,Settled,12.4,13.1,1.14,0.25
TXN101545,2026-07-06,BNY Mellon,Barclays,Tokenised Deposit,Permissioned Ledger,EU,55067.53,Settled,12.2,35.0,3.72,20.49
TXN101546,2026-02-18,HSBC,Deutsche Bank,Tokenised Real Estate Fund,Permissioned Ledger,US,20483.47,Settled,8.1,36.9,0.54,1.11
TXN101547,2026-07-08,HSBC,BNY Mellon,Regulated Stablecoin,Permissioned Ledger,MEA,445663.95,Settled,8.8,19.3,1.79,79.77
TXN101548,2026-01-17,Standard Chartered,UBS,Tokenised Equity,Public Blockchain,US,957270.58,Settled,73.4,4.0,1.27,121.57
TXN101549,2026-03-15,HSBC,BNY Mellon,Tokenised Bond,Permissioned Ledger,UK,188760.96,Failed,,20.4,0.98,18.5
TXN101550,2026-02-26,Standard Chartered,UBS,Tokenised Real Estate Fund,Permissioned Ledger,UK,1639449.21,Settled,13.1,29.7,3.96,649.22
TXN101551,2026-02-24,HSBC,UBS,Tokenised Real Estate Fund,Hybrid Network,EU,9077.6,Settled,35.3,30.3,4.07,3.69
TXN101552,2026-02-16,HSBC,BNY Mellon,Tokenised Deposit,Public Blockchain,MEA,46374.95,Settled,78.3,28.7,0.76,3.52
TXN101553,2026-01-12,HSBC,UBS,Tokenised Equity,Hybrid Network,US,527823.58,Settled,25.2,29.7,1.29,68.09
TXN101554,2026-03-03,BNY Mellon,JPMorgan,Tokenised Equity,Public Blockchain,EU,126078.64,Settled,56.4,23.5,2.5,31.52
TXN101555,2026-03-21,HSBC,Deutsche Bank,Regulated Stablecoin,Hybrid Network,UK,76104.47,Settled,29.3,21.9,1.44,10.96
TXN101556,2026-03-24,Deutsche Bank,BNY Mellon,Tokenised Deposit,Permissioned Ledger,US,51838.26,Pending,,42.7,1.12,5.81
TXN101557,2026-01-08,Barclays,Standard Chartered,Tokenised Bond,Permissioned Ledger,MEA,317111.73,Pending,,7.9,3.47,110.04
TXN101558,2026-05-29,Citi,Barclays,Regulated Stablecoin,Hybrid Network,UK,224760.54,Failed,,48.9,1.8,40.46
TXN101559,2026-03-22,Deutsche Bank,JPMorgan,Tokenised Equity,Hybrid Network,MEA,253634.57,Settled,9.5,34.5,2.03,51.49
TXN101560,2026-04-28,UBS,Standard Chartered,Regulated Stablecoin,Permissioned Ledger,MEA,5122.45,Settled,5.7,42.3,1.27,0.65
TXN101561,2026-07-17,Standard Chartered,BNY Mellon,Tokenised Bond,Permissioned Ledger,APAC,4368.74,Settled,9.5,53.8,3.63,1.59
TXN101562,2026-07-19,Deutsche Bank,UBS,Regulated Stablecoin,Permissioned Ledger,US,845135.09,Settled,10.3,27.6,4.25,359.18
TXN101563,2026-01-25,Deutsche Bank,UBS,Regulated Stablecoin,Public Blockchain,EU,58435.58,Settled,43.9,35.3,3.32,19.4
TXN101564,2026-03-30,Deutsche Bank,UBS,Tokenised Bond,Permissioned Ledger,US,20727.31,Settled,14.4,38.8,1.05,2.18
TXN101565,2026-01-12,HSBC,Barclays,Regulated Stablecoin,Hybrid Network,UK,28333.91,Settled,27.4,64.0,2.63,7.45
TXN101566,2026-05-23,Barclays,Standard Chartered,Tokenised Bond,Public Blockchain,UK,51628.33,Settled,59.8,21.1,3.0,15.49
TXN101567,2026-02-28,UBS,HSBC,Regulated Stablecoin,Permissioned Ledger,UK,36124.19,Settled,10.2,34.4,1.37,4.95
TXN101568,2026-06-03,Barclays,HSBC,Regulated Stablecoin,Public Blockchain,UK,184342.29,Settled,63.6,42.4,0.63,11.61
TXN101569,2026-04-19,UBS,BNY Mellon,Tokenised Bond,Public Blockchain,UK,172692.79,Settled,78.0,28.7,4.18,72.19
TXN101570,2026-01-26,BNY Mellon,JPMorgan,Tokenised Bond,Permissioned Ledger,UK,219689.15,Settled,12.5,38.5,1.28,28.12
TXN101571,2026-02-16,Deutsche Bank,BNY Mellon,Tokenised Real Estate Fund,Permissioned Ledger,EU,45618.35,Settled,1.5,41.8,1.0,4.56
TXN101572,2026-02-01,Deutsche Bank,BNY Mellon,Tokenised Deposit,Public Blockchain,US,51829.3,Settled,49.8,31.7,3.66,18.97
TXN101573,2026-01-10,JPMorgan,BNY Mellon,Regulated Stablecoin,Permissioned Ledger,APAC,19062.09,Settled,9.9,39.1,2.34,4.46
TXN101574,2026-01-16,JPMorgan,HSBC,Tokenised Deposit,Hybrid Network,MEA,24404.98,Settled,24.1,35.1,2.56,6.25
TXN101575,2026-07-18,Citi,BNY Mellon,Regulated Stablecoin,Permissioned Ledger,UK,66463.98,Settled,8.0,38.7,2.79,18.54
TXN101576,2026-05-25,Barclays,Standard Chartered,Tokenised Deposit,Hybrid Network,EU,11673.32,Settled,26.8,30.4,1.68,1.96
TXN101577,2026-05-31,Deutsche Bank,BNY Mellon,Tokenised Equity,Public Blockchain,EU,261061.9,Settled,44.5,37.4,3.11,81.19
TXN101578,2026-01-26,UBS,Deutsche Bank,Tokenised Bond,Permissioned Ledger,US,131328.29,Settled,8.2,40.8,1.35,17.73
TXN101579,2026-03-27,JPMorgan,Citi,Regulated Stablecoin,Public Blockchain,EU,12514.6,Settled,49.3,23.9,2.65,3.32
TXN101580,2026-05-15,UBS,HSBC,Tokenised Real Estate Fund,Public Blockchain,MEA,3606.49,Settled,84.6,50.6,2.13,0.77
TXN101581,2026-01-14,Barclays,UBS,Tokenised Deposit,Permissioned Ledger,UK,34086.08,Settled,8.5,27.3,4.04,13.77
TXN101582,2026-03-20,BNY Mellon,HSBC,Tokenised Bond,Public Blockchain,APAC,10242.14,Settled,58.2,47.6,4.08,4.18
TXN101583,2026-04-27,JPMorgan,UBS,Regulated Stablecoin,Permissioned Ledger,APAC,23388.62,Settled,6.1,9.3,2.94,6.88
TXN101584,2026-01-07,JPMorgan,Standard Chartered,Tokenised Deposit,Hybrid Network,US,66521.4,Settled,26.1,29.5,1.57,10.44
TXN101585,2026-05-17,UBS,JPMorgan,Tokenised Real Estate Fund,Hybrid Network,APAC,10157.4,Settled,10.8,33.5,1.33,1.35
TXN101586,2026-04-25,Citi,Standard Chartered,Tokenised Deposit,Public Blockchain,EU,45898.18,Settled,58.2,46.3,3.18,14.6
TXN101587,2026-06-25,Standard Chartered,JPMorgan,Regulated Stablecoin,Permissioned Ledger,EU,181340.35,Settled,6.9,22.2,3.57,64.74
TXN101588,2026-03-13,HSBC,Standard Chartered,Tokenised Real Estate Fund,Permissioned Ledger,APAC,8442.22,Settled,8.4,28.7,1.57,1.33
TXN101589,2026-02-28,UBS,Standard Chartered,Tokenised Deposit,Public Blockchain,UK,135730.4,Pending,,46.9,0.79,10.72
TXN101590,2026-03-23,UBS,Standard Chartered,Tokenised Equity,Permissioned Ledger,MEA,13149.31,Settled,15.2,49.3,3.51,4.62
TXN101591,2026-04-26,Barclays,BNY Mellon,Tokenised Real Estate Fund,Permissioned Ledger,MEA,131247.91,Settled,1.0,39.2,0.8,10.5
TXN101592,2026-06-16,Citi,BNY Mellon,Tokenised Deposit,Public Blockchain,EU,213502.51,Settled,85.4,31.9,1.02,21.78
TXN101593,2026-05-26,BNY Mellon,Deutsche Bank,Tokenised Equity,Public Blockchain,EU,26183.01,Settled,56.1,37.8,0.84,2.2
TXN101594,2026-07-06,HSBC,Deutsche Bank,Tokenised Deposit,Public Blockchain,EU,122661.56,Settled,97.9,55.6,1.58,19.38
TXN101595,2026-04-13,BNY Mellon,HSBC,Tokenised Bond,Hybrid Network,UK,106228.38,Settled,6.1,9.2,2.21,23.48
TXN101596,2026-01-17,BNY Mellon,Standard Chartered,Tokenised Bond,Permissioned Ledger,EU,41938.13,Settled,13.2,47.8,4.0,16.78
TXN101597,2026-01-14,JPMorgan,Deutsche Bank,Tokenised Equity,Permissioned Ledger,APAC,7496.51,Settled,7.9,23.9,1.28,0.96
TXN101598,2026-06-08,Standard Chartered,Barclays,Tokenised Equity,Permissioned Ledger,APAC,115647.58,Settled,10.0,7.7,4.09,47.3
TXN101599,2026-06-01,BNY Mellon,Standard Chartered,Tokenised Deposit,Permissioned Ledger,US,10844.67,Settled,6.6,42.1,1.07,1.16
TXN101600,2026-04-18,HSBC,Citi,Tokenised Deposit,Permissioned Ledger,US,27029.77,Settled,3.7,18.2,0.94,2.54
TXN101601,2026-07-07,HSBC,JPMorgan,Tokenised Bond,Permissioned Ledger,APAC,18119.51,Settled,6.5,36.6,2.98,5.4
TXN101602,2026-02-14,HSBC,Citi,Tokenised Deposit,Public Blockchain,US,98543.17,Settled,102.8,23.1,3.96,39.02
TXN101603,2026-04-08,Citi,Standard Chartered,Tokenised Deposit,Permissioned Ledger,US,17256.38,Settled,10.4,45.3,3.66,6.32
TXN101604,2026-05-11,UBS,Standard Chartered,Tokenised Real Estate Fund,Permissioned Ledger,UK,399728.8,Settled,8.8,46.2,1.66,66.35
TXN101605,2026-02-06,Standard Chartered,UBS,Regulated Stablecoin,Public Blockchain,EU,11354.74,Settled,58.5,64.5,1.69,1.92
TXN101606,2026-06-20,HSBC,BNY Mellon,Tokenised Deposit,Permissioned Ledger,EU,29421.68,Settled,7.7,50.7,0.81,2.38
TXN101607,2026-06-17,BNY Mellon,Citi,Tokenised Real Estate Fund,Permissioned Ledger,APAC,1048547.32,Settled,5.9,51.5,3.45,361.75
TXN101608,2026-07-02,Standard Chartered,UBS,Tokenised Bond,Permissioned Ledger,UK,265071.72,Settled,8.4,47.0,2.8,74.22
TXN101609,2026-04-18,Deutsche Bank,Barclays,Tokenised Deposit,Permissioned Ledger,EU,20638.5,Settled,7.4,44.2,2.53,5.22
TXN101610,2026-02-08,JPMorgan,UBS,Tokenised Bond,Permissioned Ledger,EU,49421.41,Settled,9.3,38.0,3.32,16.41
TXN101611,2026-01-15,BNY Mellon,Citi,Regulated Stablecoin,Public Blockchain,US,10861.97,Settled,59.0,29.5,3.8,4.13
TXN101612,2026-04-30,Citi,UBS,Tokenised Deposit,Permissioned Ledger,UK,12238.15,Settled,10.6,32.2,2.71,3.32
TXN101613,2026-01-04,Deutsche Bank,HSBC,Tokenised Deposit,Permissioned Ledger,US,27179.62,Settled,7.1,55.7,0.83,2.26
TXN101614,2026-04-03,Barclays,Standard Chartered,Tokenised Equity,Permissioned Ledger,UK,80789.14,Settled,10.0,39.5,1.51,12.2
TXN101615,2026-06-02,JPMorgan,Citi,Tokenised Bond,Public Blockchain,APAC,25825.37,Settled,47.6,49.6,1.52,3.93
TXN101616,2026-05-21,Deutsche Bank,Citi,Tokenised Equity,Public Blockchain,UK,35071.73,Settled,67.5,29.2,4.02,14.1
TXN101617,2026-06-10,Citi,Standard Chartered,Tokenised Deposit,Permissioned Ledger,MEA,12312.42,Settled,6.7,41.2,3.3,4.06
TXN101618,2026-01-16,JPMorgan,Standard Chartered,Tokenised Deposit,Public Blockchain,APAC,41067.01,Settled,68.4,54.3,1.99,8.17
TXN101619,2026-06-19,Standard Chartered,JPMorgan,Regulated Stablecoin,Public Blockchain,UK,162390.92,Settled,66.2,40.7,2.8,45.47
TXN101620,2026-04-18,Standard Chartered,Deutsche Bank,Tokenised Deposit,Permissioned Ledger,APAC,34537.78,Settled,6.8,35.9,1.48,5.11
TXN101621,2026-05-06,UBS,Deutsche Bank,Regulated Stablecoin,Hybrid Network,US,261050.73,Settled,41.5,34.7,0.77,20.1
TXN101622,2026-07-13,BNY Mellon,HSBC,Tokenised Deposit,Permissioned Ledger,APAC,68765.47,Settled,6.4,47.0,1.1,7.56
TXN101623,2026-02-24,BNY Mellon,HSBC,Tokenised Bond,Permissioned Ledger,EU,157883.62,Settled,6.2,18.3,1.06,16.74
TXN101624,2026-06-19,HSBC,BNY Mellon,Tokenised Deposit,Permissioned Ledger,MEA,19562.21,Settled,8.0,36.5,1.53,2.99
TXN101625,2026-02-03,Deutsche Bank,Standard Chartered,Regulated Stablecoin,Permissioned Ledger,APAC,80629.69,Settled,4.3,34.2,3.82,30.8
TXN101626,2026-06-07,Citi,Deutsche Bank,Tokenised Deposit,Permissioned Ledger,APAC,60123.58,Settled,6.4,24.6,3.5,21.04
TXN101627,2026-01-13,Barclays,Deutsche Bank,Tokenised Deposit,Public Blockchain,US,29185.4,Settled,50.8,24.1,2.75,8.03
TXN101628,2026-05-21,JPMorgan,Citi,Regulated Stablecoin,Permissioned Ledger,MEA,499717.35,Settled,5.2,33.5,1.43,71.46
TXN101629,2026-01-18,Deutsche Bank,Barclays,Tokenised Deposit,Permissioned Ledger,EU,30660.45,Settled,8.5,29.5,1.49,4.57
TXN101630,2026-06-09,JPMorgan,Standard Chartered,Tokenised Deposit,Hybrid Network,APAC,203341.9,Settled,7.2,24.6,2.98,60.6
TXN101631,2026-04-06,HSBC,UBS,Regulated Stablecoin,Permissioned Ledger,US,50324.27,Settled,7.2,35.5,4.02,20.23
TXN101632,2026-05-03,Deutsche Bank,Barclays,Tokenised Deposit,Hybrid Network,UK,53432.82,Settled,22.7,31.0,1.98,10.58
TXN101633,2026-02-08,Standard Chartered,JPMorgan,Tokenised Deposit,Permissioned Ledger,US,53721.36,Settled,4.7,51.1,0.95,5.1
TXN101634,2026-02-15,HSBC,Citi,Tokenised Deposit,Permissioned Ledger,EU,34313.18,Settled,5.9,38.7,2.2,7.55
TXN101635,2026-01-29,BNY Mellon,JPMorgan,Tokenised Deposit,Permissioned Ledger,APAC,105103.0,Settled,5.5,71.6,2.02,21.23
TXN101636,2026-07-09,BNY Mellon,Barclays,Regulated Stablecoin,Hybrid Network,APAC,53171.04,Settled,20.6,33.3,1.79,9.52
TXN101637,2026-03-03,Citi,HSBC,Tokenised Deposit,Public Blockchain,UK,109313.33,Settled,67.7,62.2,1.83,20.0
TXN101638,2026-07-04,JPMorgan,HSBC,Tokenised Real Estate Fund,Permissioned Ledger,MEA,8207.76,Settled,12.7,36.9,4.25,3.49
TXN101639,2026-01-16,HSBC,Barclays,Tokenised Deposit,Public Blockchain,US,113061.41,Settled,64.8,57.1,1.36,15.38
TXN101640,2026-07-03,Standard Chartered,Citi,Tokenised Deposit,Permissioned Ledger,US,32349.27,Settled,7.6,23.3,4.46,14.43
TXN101641,2026-05-01,BNY Mellon,Citi,Tokenised Deposit,Public Blockchain,MEA,7380.62,Settled,51.9,37.3,3.78,2.79
TXN101642,2026-01-10,UBS,Deutsche Bank,Tokenised Deposit,Permissioned Ledger,UK,303555.05,Settled,11.9,29.9,1.49,45.23
TXN101643,2026-06-07,JPMorgan,Citi,Tokenised Real Estate Fund,Permissioned Ledger,APAC,24261.59,Settled,1.5,46.6,3.74,9.07
TXN101644,2026-06-02,JPMorgan,Barclays,Regulated Stablecoin,Permissioned Ledger,EU,12827.15,Settled,8.6,46.5,1.52,1.95
TXN101645,2026-04-13,UBS,Deutsche Bank,Regulated Stablecoin,Hybrid Network,EU,14831.87,Settled,38.4,43.8,3.86,5.73
TXN101646,2026-03-25,JPMorgan,Deutsche Bank,Tokenised Equity,Permissioned Ledger,UK,249663.1,Failed,,48.8,4.36,108.85
TXN101647,2026-05-13,UBS,BNY Mellon,Tokenised Bond,Public Blockchain,EU,36093.83,Settled,58.1,33.8,2.79,10.07
TXN101648,2026-03-06,Deutsche Bank,Barclays,Tokenised Real Estate Fund,Hybrid Network,APAC,858942.88,Settled,32.6,46.3,1.95,167.49
TXN101649,2026-06-26,Barclays,Citi,Tokenised Deposit,Permissioned Ledger,MEA,47268.23,Failed,,41.9,2.79,13.19
TXN101650,2026-01-03,Citi,Standard Chartered,Tokenised Equity,Public Blockchain,APAC,513443.04,Settled,76.6,47.2,4.42,226.94
TXN101651,2026-06-22,JPMorgan,Standard Chartered,Tokenised Bond,Permissioned Ledger,APAC,42469.18,Settled,12.3,59.4,0.97,4.12
TXN101652,2026-05-22,Standard Chartered,Citi,Regulated Stablecoin,Permissioned Ledger,MEA,380881.81,Settled,7.6,19.4,1.85,70.46
TXN101653,2026-04-30,HSBC,UBS,Tokenised Real Estate Fund,Hybrid Network,MEA,30303.06,Settled,24.2,37.6,1.77,5.36
TXN101654,2026-06-07,JPMorgan,Deutsche Bank,Tokenised Real Estate Fund,Hybrid Network,US,4279529.63,Settled,32.8,32.8,4.13,1767.45
TXN101655,2026-03-09,Standard Chartered,Barclays,Tokenised Bond,Public Blockchain,US,185301.71,Settled,59.1,41.2,0.95,17.6
TXN101656,2026-05-26,JPMorgan,Barclays,Regulated Stablecoin,Permissioned Ledger,EU,51058.71,Pending,,36.2,4.36,22.26
TXN101657,2026-07-09,Citi,HSBC,Tokenised Bond,Permissioned Ledger,UK,58765.59,Settled,9.5,36.5,1.13,6.64
TXN101658,2026-02-06,BNY Mellon,JPMorgan,Tokenised Deposit,Hybrid Network,APAC,5787.55,Settled,19.5,35.3,1.29,0.75
TXN101659,2026-06-02,Standard Chartered,Deutsche Bank,Tokenised Bond,Public Blockchain,APAC,52861.2,Settled,83.9,32.6,2.4,12.69
TXN101660,2026-06-25,HSBC,Citi,Tokenised Real Estate Fund,Permissioned Ledger,MEA,19524.44,Settled,5.9,39.7,3.34,6.52
TXN101661,2026-07-12,HSBC,Barclays,Tokenised Equity,Hybrid Network,UK,297027.31,Settled,7.6,31.2,1.06,31.48
TXN101662,2026-06-30,Barclays,BNY Mellon,Regulated Stablecoin,Permissioned Ledger,EU,172056.64,Settled,14.0,57.8,0.72,12.39
TXN101663,2026-03-14,HSBC,UBS,Regulated Stablecoin,Public Blockchain,MEA,91121.96,Settled,48.2,31.7,2.74,24.97
TXN101664,2026-05-23,Citi,Deutsche Bank,Tokenised Deposit,Public Blockchain,EU,14607.26,Settled,85.4,2.6,1.8,2.63
TXN101665,2026-02-18,UBS,Citi,Regulated Stablecoin,Permissioned Ledger,APAC,53460.97,Settled,8.3,38.5,2.97,15.88
TXN101666,2026-05-01,HSBC,UBS,Regulated Stablecoin,Permissioned Ledger,MEA,16825.43,Pending,,41.4,0.94,1.58
TXN101667,2026-03-29,Deutsche Bank,Standard Chartered,Tokenised Real Estate Fund,Permissioned Ledger,MEA,581040.79,Pending,,43.8,4.43,257.4
TXN101668,2026-07-15,UBS,Barclays,Tokenised Bond,Permissioned Ledger,US,50652.9,Settled,6.9,25.7,1.44,7.29
TXN101669,2026-05-20,JPMorgan,Deutsche Bank,Tokenised Deposit,Hybrid Network,UK,46929.13,Settled,36.3,26.2,1.76,8.26
TXN101670,2026-07-06,JPMorgan,BNY Mellon,Regulated Stablecoin,Public Blockchain,UK,5793.85,Settled,35.5,27.6,4.0,2.32
TXN101671,2026-02-06,Standard Chartered,HSBC,Tokenised Equity,Permissioned Ledger,UK,68517.66,Pending,,25.5,0.83,5.69
TXN101672,2026-03-02,Standard Chartered,HSBC,Tokenised Bond,Hybrid Network,MEA,84623.26,Settled,30.0,44.9,3.03,25.64
TXN101673,2026-06-20,HSBC,JPMorgan,Tokenised Equity,Hybrid Network,US,535549.45,Settled,30.3,29.8,3.88,207.79
TXN101674,2026-05-04,BNY Mellon,Citi,Tokenised Deposit,Permissioned Ledger,EU,306330.59,Settled,11.5,49.6,2.05,62.8
TXN101675,2026-07-17,JPMorgan,Deutsche Bank,Tokenised Deposit,Permissioned Ledger,MEA,15253.8,Settled,5.7,30.5,1.97,3.0
TXN101676,2026-02-08,BNY Mellon,Standard Chartered,Tokenised Bond,Public Blockchain,APAC,64629.45,Settled,20.4,20.0,0.66,4.27
TXN101677,2026-07-03,Barclays,Standard Chartered,Tokenised Bond,Permissioned Ledger,APAC,259177.24,Settled,8.7,38.0,1.44,37.32
TXN101678,2026-03-04,BNY Mellon,JPMorgan,Tokenised Deposit,Permissioned Ledger,MEA,113877.57,Pending,,38.4,3.09,35.19
TXN101679,2026-02-15,UBS,Citi,Tokenised Real Estate Fund,Permissioned Ledger,MEA,69416.86,Settled,4.0,56.6,1.76,12.22
TXN101680,2026-03-29,Standard Chartered,HSBC,Tokenised Real Estate Fund,Permissioned Ledger,MEA,15760.72,Settled,8.5,37.6,0.54,0.85
TXN101681,2026-01-11,Barclays,Standard Chartered,Tokenised Real Estate Fund,Public Blockchain,APAC,44820.79,Settled,29.0,28.5,0.89,3.99
TXN101682,2026-03-03,UBS,Deutsche Bank,Tokenised Equity,Hybrid Network,APAC,203027.84,Settled,21.9,21.7,0.51,10.35
TXN101683,2026-03-18,Standard Chartered,Barclays,Tokenised Deposit,Permissioned Ledger,UK,35856.47,Settled,7.8,21.4,2.62,9.39
TXN101684,2026-06-02,UBS,Deutsche Bank,Tokenised Real Estate Fund,Permissioned Ledger,UK,65625.72,Settled,4.7,40.6,1.48,9.71
TXN101685,2026-07-18,JPMorgan,BNY Mellon,Tokenised Bond,Public Blockchain,EU,523496.43,Settled,37.3,40.9,2.15,112.55
TXN101686,2026-02-21,Barclays,HSBC,Tokenised Bond,Permissioned Ledger,MEA,6142.0,Settled,3.9,20.8,3.97,2.44
TXN101687,2026-01-04,Citi,JPMorgan,Tokenised Bond,Permissioned Ledger,UK,15488.68,Settled,11.4,20.1,3.33,5.16
TXN101688,2026-02-28,Standard Chartered,Deutsche Bank,Tokenised Equity,Public Blockchain,MEA,413029.34,Settled,48.7,36.0,2.14,88.39
TXN101689,2026-03-13,Standard Chartered,HSBC,Tokenised Deposit,Hybrid Network,US,139616.57,Settled,37.0,37.5,2.13,29.74
TXN101690,2026-05-28,HSBC,Standard Chartered,Tokenised Equity,Hybrid Network,MEA,227707.8,Settled,12.3,49.1,3.23,73.55
TXN101691,2026-04-03,Deutsche Bank,Standard Chartered,Tokenised Bond,Permissioned Ledger,APAC,232925.66,Settled,6.9,45.6,1.01,23.53
TXN101692,2026-03-04,JPMorgan,Barclays,Tokenised Deposit,Permissioned Ledger,APAC,255205.82,Settled,7.1,26.2,3.2,81.67
TXN101693,2026-02-23,JPMorgan,Barclays,Tokenised Deposit,Hybrid Network,MEA,172266.85,Settled,33.9,31.0,4.0,68.91
TXN101694,2026-04-27,BNY Mellon,JPMorgan,Regulated Stablecoin,Public Blockchain,APAC,67719.88,Settled,57.1,39.2,4.07,27.56
TXN101695,2026-04-20,Barclays,Deutsche Bank,Tokenised Bond,Hybrid Network,APAC,268644.64,Settled,24.2,29.7,2.03,54.53
TXN101696,2026-03-15,Standard Chartered,BNY Mellon,Regulated Stablecoin,Hybrid Network,APAC,115584.71,Settled,26.3,44.9,4.31,49.82
TXN101697,2026-04-17,BNY Mellon,Citi,Regulated Stablecoin,Public Blockchain,EU,6285.98,Settled,81.6,24.0,2.95,1.85
TXN101698,2026-02-26,Standard Chartered,UBS,Tokenised Bond,Permissioned Ledger,APAC,70887.76,Settled,10.3,37.1,2.8,19.85
TXN101699,2026-06-18,Standard Chartered,Barclays,Tokenised Deposit,Permissioned Ledger,US,22604.08,Settled,9.6,17.3,1.46,3.3
TXN101700,2026-01-03,HSBC,Deutsche Bank,Tokenised Bond,Permissioned Ledger,MEA,25831.64,Settled,3.3,36.3,2.71,7.0
TXN101701,2026-04-30,JPMorgan,HSBC,Tokenised Real Estate Fund,Hybrid Network,EU,123617.87,Settled,10.5,48.4,1.14,14.09
TXN101702,2026-01-06,JPMorgan,BNY Mellon,Tokenised Bond,Public Blockchain,APAC,2709.21,Pending,,19.7,1.47,0.4
TXN101703,2026-01-05,UBS,Standard Chartered,Tokenised Deposit,Hybrid Network,APAC,5168.95,Settled,16.0,35.8,1.14,0.59
TXN101704,2026-01-05,HSBC,BNY Mellon,Tokenised Bond,Permissioned Ledger,MEA,38352.39,Settled,8.5,19.2,3.97,15.23
TXN101705,2026-02-23,Citi,UBS,Tokenised Deposit,Permissioned Ledger,UK,63977.41,Settled,15.2,42.4,4.49,28.73
TXN101706,2026-02-16,JPMorgan,HSBC,Tokenised Deposit,Permissioned Ledger,UK,32725.41,Settled,8.9,59.1,2.67,8.74
TXN101707,2026-06-26,Standard Chartered,Citi,Regulated Stablecoin,Hybrid Network,UK,63727.89,Settled,1.0,20.4,3.91,24.92
TXN101708,2026-01-09,UBS,Barclays,Regulated Stablecoin,Public Blockchain,APAC,21088.05,Settled,98.9,30.6,1.22,2.57
TXN101709,2026-04-09,UBS,Barclays,Regulated Stablecoin,Public Blockchain,EU,73100.24,Settled,50.8,18.6,1.36,9.94
TXN101710,2026-01-20,Standard Chartered,Barclays,Regulated Stablecoin,Permissioned Ledger,APAC,3722.06,Settled,9.0,17.2,0.69,0.26
TXN101711,2026-05-02,Deutsche Bank,BNY Mellon,Regulated Stablecoin,Permissioned Ledger,MEA,72903.0,Settled,11.2,50.4,1.52,11.08
TXN101712,2026-03-02,Barclays,HSBC,Tokenised Equity,Permissioned Ledger,US,1950345.91,Settled,6.2,56.9,2.77,540.25
TXN101713,2026-05-03,HSBC,Barclays,Tokenised Deposit,Permissioned Ledger,UK,55283.19,Settled,12.1,31.2,1.07,5.92
TXN101714,2026-06-12,Barclays,Citi,Tokenised Equity,Hybrid Network,US,166793.38,Settled,20.2,24.1,4.41,73.56
TXN101715,2026-06-27,HSBC,Citi,Tokenised Real Estate Fund,Permissioned Ledger,MEA,322.19,Settled,8.2,69.7,2.92,0.09
TXN101716,2026-03-23,Barclays,JPMorgan,Regulated Stablecoin,Permissioned Ledger,UK,27459.17,Settled,9.3,40.2,1.42,3.9
TXN101717,2026-03-03,Deutsche Bank,HSBC,Tokenised Deposit,Public Blockchain,EU,193108.54,Settled,99.5,31.8,2.99,57.74
TXN101718,2026-05-25,BNY Mellon,JPMorgan,Regulated Stablecoin,Public Blockchain,APAC,696618.05,Settled,35.5,34.2,2.08,144.9
TXN101719,2026-01-03,Citi,JPMorgan,Tokenised Real Estate Fund,Public Blockchain,APAC,56174.31,Settled,56.2,26.9,2.57,14.44
TXN101720,2026-06-09,BNY Mellon,Citi,Tokenised Equity,Public Blockchain,UK,236018.47,Settled,46.3,42.1,3.16,74.58
TXN101721,2026-01-13,JPMorgan,Standard Chartered,Regulated Stablecoin,Permissioned Ledger,UK,28030.72,Settled,7.6,18.6,2.56,7.18
TXN101722,2026-04-30,Barclays,HSBC,Tokenised Deposit,Public Blockchain,EU,66039.28,Settled,66.7,56.4,1.81,11.95
TXN101723,2026-05-05,Standard Chartered,HSBC,Tokenised Bond,Hybrid Network,US,50437.1,Settled,8.1,32.1,2.13,10.74
TXN101724,2026-03-30,JPMorgan,HSBC,Regulated Stablecoin,Hybrid Network,APAC,344427.02,Settled,31.2,45.4,0.63,21.7
TXN101725,2026-03-14,JPMorgan,UBS,Tokenised Deposit,Public Blockchain,UK,128731.17,Settled,79.1,40.4,4.17,53.68
TXN101726,2026-03-09,Deutsche Bank,BNY Mellon,Tokenised Bond,Public Blockchain,EU,44657.27,Settled,84.3,38.6,1.49,6.65
TXN101727,2026-05-22,Citi,Barclays,Tokenised Bond,Public Blockchain,MEA,84369.01,Settled,78.0,34.0,2.58,21.77
TXN101728,2026-04-11,Deutsche Bank,Standard Chartered,Tokenised Bond,Permissioned Ledger,MEA,27940.41,Settled,9.9,16.7,3.54,9.89
TXN101729,2026-04-08,HSBC,Deutsche Bank,Regulated Stablecoin,Hybrid Network,APAC,74624.49,Settled,23.0,25.3,4.35,32.46
TXN101730,2026-01-11,HSBC,Deutsche Bank,Tokenised Bond,Permissioned Ledger,UK,303.69,Settled,4.7,14.7,2.95,0.09
TXN101731,2026-04-15,JPMorgan,BNY Mellon,Tokenised Equity,Hybrid Network,APAC,265846.39,Settled,15.9,30.9,1.07,28.45
TXN101732,2026-07-03,JPMorgan,Deutsche Bank,Tokenised Deposit,Permissioned Ledger,UK,24345.39,Settled,8.4,34.1,2.65,6.45
TXN101733,2026-03-08,Barclays,Deutsche Bank,Tokenised Equity,Permissioned Ledger,US,1015152.22,Settled,8.6,30.2,3.25,329.92
TXN101734,2026-05-03,Barclays,JPMorgan,Tokenised Real Estate Fund,Permissioned Ledger,UK,168440.49,Settled,1.0,58.4,2.14,36.05
TXN101735,2026-01-29,Barclays,UBS,Tokenised Deposit,Public Blockchain,EU,65153.36,Settled,63.2,26.9,0.63,4.1
TXN101736,2026-05-17,Citi,UBS,Tokenised Deposit,Public Blockchain,APAC,108645.86,Settled,66.8,41.4,0.87,9.45
TXN101737,2026-07-14,HSBC,JPMorgan,Tokenised Deposit,Permissioned Ledger,US,10370.0,Settled,8.9,39.8,3.48,3.61
TXN101738,2026-06-02,Barclays,BNY Mellon,Regulated Stablecoin,Public Blockchain,UK,73440.31,Settled,61.4,29.5,2.28,16.74
TXN101739,2026-03-17,Standard Chartered,JPMorgan,Tokenised Deposit,Permissioned Ledger,EU,175186.86,Settled,8.1,48.2,3.37,59.04
TXN101740,2026-06-19,Citi,JPMorgan,Tokenised Deposit,Public Blockchain,APAC,65568.74,Settled,83.5,26.8,2.23,14.62
TXN101741,2026-01-09,Standard Chartered,Citi,Tokenised Deposit,Permissioned Ledger,APAC,80464.22,Failed,,54.0,3.53,28.4
TXN101742,2026-02-09,Citi,HSBC,Tokenised Deposit,Permissioned Ledger,EU,123904.04,Settled,3.9,33.1,3.82,47.33
TXN101743,2026-01-25,JPMorgan,BNY Mellon,Regulated Stablecoin,Public Blockchain,EU,60746.96,Settled,44.4,30.1,2.3,13.97
TXN101744,2026-01-05,Citi,Barclays,Tokenised Bond,Public Blockchain,MEA,108203.69,Settled,63.4,2.0,1.83,19.8
TXN101745,2026-05-19,Barclays,JPMorgan,Tokenised Real Estate Fund,Hybrid Network,US,24022.16,Settled,34.1,47.3,2.2,5.28
TXN101746,2026-07-06,UBS,Standard Chartered,Tokenised Real Estate Fund,Permissioned Ledger,US,32160.56,Settled,5.0,29.8,3.47,11.16
TXN101747,2026-05-04,Barclays,UBS,Tokenised Bond,Permissioned Ledger,UK,21190.72,Settled,9.7,31.6,2.56,5.42
TXN101748,2026-02-07,JPMorgan,UBS,Regulated Stablecoin,Permissioned Ledger,EU,97170.73,Pending,,49.9,2.9,28.18
TXN101749,2026-03-13,BNY Mellon,Standard Chartered,Tokenised Real Estate Fund,Public Blockchain,EU,104286.95,Settled,64.3,36.8,4.41,45.99
TXN101750,2026-05-13,BNY Mellon,HSBC,Tokenised Bond,Permissioned Ledger,US,152092.82,Settled,13.1,18.1,1.74,26.46
TXN101751,2026-06-25,JPMorgan,BNY Mellon,Regulated Stablecoin,Permissioned Ledger,APAC,41748.46,Settled,2.4,33.1,3.71,15.49
TXN101752,2026-03-31,Deutsche Bank,Barclays,Regulated Stablecoin,Hybrid Network,US,58247.68,Settled,38.1,20.2,3.95,23.01
TXN101753,2026-05-26,Citi,JPMorgan,Tokenised Deposit,Permissioned Ledger,EU,14043.02,Settled,4.8,24.3,4.06,5.7
TXN101754,2026-07-17,BNY Mellon,Deutsche Bank,Tokenised Real Estate Fund,Permissioned Ledger,US,104096.25,Settled,10.9,34.6,1.35,14.05
TXN101755,2026-02-06,BNY Mellon,Citi,Regulated Stablecoin,Public Blockchain,UK,90266.05,Settled,19.2,23.3,4.23,38.18
TXN101756,2026-03-01,UBS,Deutsche Bank,Regulated Stablecoin,Hybrid Network,US,60703.15,Settled,29.2,53.6,1.95,11.84
TXN101757,2026-06-25,Citi,BNY Mellon,Regulated Stablecoin,Hybrid Network,US,254140.21,Settled,22.1,13.6,0.59,14.99
TXN101758,2026-01-28,Deutsche Bank,Standard Chartered,Tokenised Equity,Permissioned Ledger,MEA,12932.83,Settled,9.2,50.9,1.71,2.21
TXN101759,2026-07-16,UBS,Citi,Tokenised Equity,Public Blockchain,UK,74831.9,Settled,61.2,40.1,2.54,19.01
TXN101760,2026-03-22,UBS,JPMorgan,Tokenised Bond,Permissioned Ledger,MEA,18127.17,Settled,9.7,33.4,1.64,2.97
TXN101761,2026-04-24,Barclays,UBS,Regulated Stablecoin,Permissioned Ledger,APAC,37684.24,Settled,5.4,36.3,2.38,8.97
TXN101762,2026-02-09,Barclays,JPMorgan,Tokenised Real Estate Fund,Public Blockchain,MEA,149571.38,Settled,66.2,55.6,4.33,64.76
TXN101763,2026-02-14,Citi,Deutsche Bank,Regulated Stablecoin,Hybrid Network,EU,1034949.48,Settled,30.1,45.1,1.91,197.68
TXN101764,2026-03-03,Barclays,HSBC,Tokenised Equity,Public Blockchain,MEA,930470.31,Settled,47.5,53.3,3.68,342.41
TXN101765,2026-04-03,Barclays,Standard Chartered,Tokenised Deposit,Public Blockchain,MEA,94669.75,Settled,58.2,42.6,1.66,15.72
TXN101766,2026-04-25,Standard Chartered,Deutsche Bank,Tokenised Bond,Hybrid Network,EU,1210715.36,Settled,25.0,31.0,1.51,182.82
TXN101767,2026-07-05,BNY Mellon,Barclays,Regulated Stablecoin,Permissioned Ledger,US,23738.03,Settled,7.2,27.6,0.52,1.23
TXN101768,2026-03-08,UBS,BNY Mellon,Tokenised Bond,Permissioned Ledger,US,22240.15,Settled,7.4,40.5,1.6,3.56
TXN101769,2026-02-25,UBS,Deutsche Bank,Tokenised Deposit,Public Blockchain,APAC,5734.58,Settled,113.8,29.2,1.09,0.63
TXN101770,2026-02-09,Deutsche Bank,Barclays,Tokenised Deposit,Permissioned Ledger,MEA,9952.12,Settled,9.9,57.4,3.71,3.69
TXN101771,2026-04-08,HSBC,Citi,Regulated Stablecoin,Public Blockchain,US,125065.16,Settled,74.7,34.8,1.08,13.51
TXN101772,2026-02-09,BNY Mellon,Barclays,Tokenised Deposit,Permissioned Ledger,MEA,61395.99,Settled,4.5,37.0,2.94,18.05
TXN101773,2026-04-01,Barclays,JPMorgan,Tokenised Equity,Permissioned Ledger,US,59300.73,Settled,4.7,48.5,2.69,15.95
TXN101774,2026-02-02,Standard Chartered,Citi,Regulated Stablecoin,Public Blockchain,UK,84388.02,Settled,35.2,50.7,2.68,22.62
TXN101775,2026-01-06,Citi,UBS,Tokenised Bond,Hybrid Network,MEA,25992.03,Settled,29.8,50.1,3.29,8.55
TXN101776,2026-05-27,JPMorgan,BNY Mellon,Tokenised Bond,Permissioned Ledger,US,5158.37,Settled,6.9,27.8,2.14,1.1
TXN101777,2026-03-21,JPMorgan,BNY Mellon,Tokenised Real Estate Fund,Permissioned Ledger,US,25418.24,Settled,4.9,23.4,0.97,2.47
TXN101778,2026-06-17,HSBC,Citi,Tokenised Bond,Permissioned Ledger,APAC,90935.16,Settled,12.2,28.9,2.03,18.46
TXN101779,2026-04-02,Standard Chartered,Barclays,Tokenised Deposit,Public Blockchain,MEA,490497.15,Settled,74.4,42.3,3.5,171.67
TXN101780,2026-04-07,Barclays,UBS,Tokenised Deposit,Public Blockchain,US,8002.31,Settled,53.3,25.5,1.28,1.02
TXN101781,2026-02-28,HSBC,JPMorgan,Tokenised Equity,Permissioned Ledger,MEA,21137.07,Settled,12.1,39.8,2.6,5.5
TXN101782,2026-02-28,BNY Mellon,HSBC,Tokenised Deposit,Public Blockchain,MEA,162415.98,Settled,74.8,22.5,2.12,34.43
TXN101783,2026-02-17,Citi,Standard Chartered,Tokenised Equity,Hybrid Network,UK,138988.5,Settled,20.9,30.3,2.1,29.19
TXN101784,2026-06-18,Standard Chartered,Citi,Regulated Stablecoin,Permissioned Ledger,MEA,41148.58,Settled,9.2,25.1,1.84,7.57
TXN101785,2026-01-13,Citi,HSBC,Tokenised Bond,Public Blockchain,MEA,51883.93,Settled,76.4,45.5,2.06,10.69
TXN101786,2026-04-17,Deutsche Bank,HSBC,Tokenised Equity,Permissioned Ledger,MEA,106403.4,Settled,2.6,27.0,2.47,26.28
TXN101787,2026-02-14,UBS,Barclays,Tokenised Equity,Public Blockchain,EU,5881.58,Settled,55.6,28.0,1.23,0.72
TXN101788,2026-03-30,UBS,JPMorgan,Tokenised Real Estate Fund,Public Blockchain,UK,11788.56,Settled,27.8,28.4,2.51,2.96
TXN101789,2026-06-30,JPMorgan,Deutsche Bank,Regulated Stablecoin,Permissioned Ledger,EU,236489.84,Settled,7.4,16.9,1.3,30.74
TXN101790,2026-06-19,JPMorgan,Deutsche Bank,Regulated Stablecoin,Permissioned Ledger,EU,35150.68,Settled,12.7,27.5,0.86,3.02
TXN101791,2026-04-10,Deutsche Bank,UBS,Tokenised Equity,Permissioned Ledger,US,66141.65,Settled,10.4,32.4,2.08,13.76
TXN101792,2026-07-10,Citi,UBS,Regulated Stablecoin,Hybrid Network,APAC,608072.18,Settled,25.7,65.7,4.09,248.7
TXN101793,2026-06-04,JPMorgan,BNY Mellon,Tokenised Bond,Permissioned Ledger,US,57483.69,Settled,8.9,31.0,3.96,22.76
TXN101794,2026-06-15,Citi,Standard Chartered,Tokenised Real Estate Fund,Public Blockchain,UK,199275.84,Settled,41.7,22.3,4.12,82.1
TXN101795,2026-07-07,UBS,Deutsche Bank,Tokenised Deposit,Hybrid Network,MEA,98334.3,Settled,34.1,49.1,3.67,36.09
TXN101796,2026-01-07,BNY Mellon,UBS,Tokenised Deposit,Permissioned Ledger,UK,210344.63,Settled,12.3,39.1,3.38,71.1
TXN101797,2026-05-13,BNY Mellon,Standard Chartered,Regulated Stablecoin,Permissioned Ledger,UK,37935.3,Settled,8.3,37.4,3.02,11.46
TXN101798,2026-02-14,JPMorgan,Barclays,Regulated Stablecoin,Permissioned Ledger,EU,12968.68,Settled,9.9,28.5,0.53,0.69
TXN101799,2026-02-27,HSBC,Standard Chartered,Regulated Stablecoin,Permissioned Ledger,EU,15264.3,Settled,5.4,31.2,1.57,2.4
TXN101800,2026-01-31,BNY Mellon,Standard Chartered,Tokenised Deposit,Public Blockchain,EU,129011.01,Settled,86.2,54.2,1.44,18.58
TXN101801,2026-01-23,Barclays,JPMorgan,Tokenised Equity,Hybrid Network,MEA,50545.43,Settled,24.5,21.8,1.07,5.41
TXN101802,2026-06-19,Citi,JPMorgan,Tokenised Bond,Permissioned Ledger,APAC,225910.81,Failed,,44.4,1.67,37.73
TXN101803,2026-05-18,JPMorgan,Citi,Tokenised Bond,Permissioned Ledger,EU,255780.07,Settled,1.1,42.4,2.05,52.43
TXN101804,2026-06-09,UBS,HSBC,Regulated Stablecoin,Permissioned Ledger,US,167841.36,Settled,1.0,44.1,1.21,20.31
TXN101805,2026-04-17,Standard Chartered,BNY Mellon,Tokenised Deposit,Hybrid Network,UK,78288.76,Settled,13.7,36.2,3.33,26.07
TXN101806,2026-06-30,Barclays,Citi,Tokenised Deposit,Public Blockchain,EU,162326.04,Settled,47.7,46.0,4.33,70.29
TXN101807,2026-06-07,BNY Mellon,HSBC,Tokenised Bond,Public Blockchain,EU,179341.22,Settled,20.0,33.5,3.62,64.92
TXN101808,2026-02-08,HSBC,Barclays,Regulated Stablecoin,Permissioned Ledger,UK,60852.55,Settled,7.4,52.1,2.67,16.25
TXN101809,2026-06-08,Standard Chartered,Deutsche Bank,Tokenised Real Estate Fund,Permissioned Ledger,MEA,36791.27,Settled,4.9,32.1,1.42,5.22
TXN101810,2026-03-23,Deutsche Bank,BNY Mellon,Regulated Stablecoin,Permissioned Ledger,APAC,102982.65,Settled,7.7,34.0,1.75,18.02
TXN101811,2026-04-10,UBS,Barclays,Tokenised Equity,Public Blockchain,US,50875.27,Settled,76.4,32.5,3.26,16.59
TXN101812,2026-01-02,Deutsche Bank,Barclays,Tokenised Deposit,Public Blockchain,UK,3987.33,Settled,60.2,51.8,0.85,0.34
TXN101813,2026-03-18,HSBC,Barclays,Tokenised Bond,Permissioned Ledger,APAC,40351.43,Settled,8.3,15.2,2.42,9.77
TXN101814,2026-01-12,Barclays,Deutsche Bank,Regulated Stablecoin,Permissioned Ledger,MEA,97789.62,Settled,7.4,38.2,3.23,31.59
TXN101815,2026-02-08,UBS,JPMorgan,Tokenised Bond,Public Blockchain,UK,23812.04,Settled,65.0,45.3,1.55,3.69
TXN101816,2026-07-13,UBS,Standard Chartered,Tokenised Deposit,Public Blockchain,EU,157846.07,Settled,61.4,68.3,2.88,45.46
TXN101817,2026-01-13,Standard Chartered,HSBC,Tokenised Bond,Hybrid Network,APAC,17421.66,Settled,30.0,39.3,4.04,7.04
TXN101818,2026-02-15,JPMorgan,BNY Mellon,Tokenised Bond,Public Blockchain,US,376137.91,Settled,86.4,33.7,3.28,123.37
TXN101819,2026-06-04,BNY Mellon,Standard Chartered,Tokenised Real Estate Fund,Permissioned Ledger,MEA,2084.23,Settled,9.0,53.5,4.47,0.93
TXN101820,2026-04-23,JPMorgan,Barclays,Tokenised Bond,Public Blockchain,UK,26836.15,Settled,38.0,53.4,2.62,7.03
TXN101821,2026-01-17,JPMorgan,Deutsche Bank,Tokenised Bond,Permissioned Ledger,MEA,14619.25,Settled,5.0,31.0,3.26,4.77
TXN101822,2026-04-14,Deutsche Bank,Standard Chartered,Tokenised Real Estate Fund,Public Blockchain,UK,65299.73,Settled,73.6,43.6,4.09,26.71
TXN101823,2026-04-08,HSBC,Barclays,Tokenised Deposit,Public Blockchain,US,86498.54,Settled,60.2,57.1,1.98,17.13
TXN101824,2026-07-07,Citi,Barclays,Tokenised Deposit,Public Blockchain,MEA,161691.25,Settled,99.5,52.6,1.58,25.55
TXN101825,2026-07-11,Barclays,UBS,Tokenised Equity,Permissioned Ledger,UK,10429.05,Settled,11.4,30.2,3.76,3.92
TXN101826,2026-03-29,Barclays,JPMorgan,Tokenised Equity,Permissioned Ledger,UK,24410.12,Settled,10.3,32.2,4.45,10.86
TXN101827,2026-04-19,Standard Chartered,Deutsche Bank,Regulated Stablecoin,Public Blockchain,UK,527549.27,Settled,46.5,51.9,3.36,177.26
TXN101828,2026-06-12,Standard Chartered,UBS,Tokenised Bond,Permissioned Ledger,US,122002.53,Pending,,35.9,2.37,28.91
TXN101829,2026-03-11,Barclays,UBS,Regulated Stablecoin,Public Blockchain,APAC,86660.27,Settled,57.0,20.8,2.93,25.39
TXN101830,2026-06-07,Standard Chartered,JPMorgan,Tokenised Deposit,Public Blockchain,EU,37897.22,Settled,68.5,22.5,1.55,5.87
TXN101831,2026-07-18,Citi,JPMorgan,Tokenised Bond,Permissioned Ledger,UK,81907.43,Settled,5.3,51.6,4.48,36.69
TXN101832,2026-03-15,HSBC,Deutsche Bank,Tokenised Deposit,Permissioned Ledger,EU,79375.84,Settled,8.1,34.0,0.67,5.32
TXN101833,2026-03-04,BNY Mellon,UBS,Tokenised Deposit,Hybrid Network,UK,23828.62,Failed,,40.2,2.52,6.0
TXN101834,2026-06-05,HSBC,Barclays,Tokenised Bond,Public Blockchain,APAC,347816.76,Settled,63.7,46.2,2.02,70.26
TXN101835,2026-03-01,UBS,Citi,Regulated Stablecoin,Hybrid Network,EU,92632.88,Settled,25.6,14.2,3.59,33.26
TXN101836,2026-03-20,BNY Mellon,UBS,Regulated Stablecoin,Permissioned Ledger,EU,68359.59,Pending,,19.8,0.99,6.77
TXN101837,2026-02-06,Standard Chartered,BNY Mellon,Tokenised Deposit,Permissioned Ledger,APAC,63133.27,Settled,6.6,61.0,1.11,7.01
TXN101838,2026-01-22,Deutsche Bank,Barclays,Tokenised Bond,Permissioned Ledger,MEA,136530.76,Settled,9.2,14.2,1.91,26.08
TXN101839,2026-07-15,JPMorgan,HSBC,Tokenised Deposit,Permissioned Ledger,US,89918.35,Settled,7.1,52.8,1.03,9.26
TXN101840,2026-05-28,Standard Chartered,JPMorgan,Tokenised Deposit,Public Blockchain,UK,35021.45,Settled,107.6,21.5,2.42,8.48
TXN101841,2026-04-06,Standard Chartered,JPMorgan,Regulated Stablecoin,Permissioned Ledger,APAC,97481.0,Settled,11.7,42.7,3.29,32.07
TXN101842,2026-03-09,UBS,Citi,Tokenised Deposit,Permissioned Ledger,UK,39545.94,Settled,5.3,25.3,2.8,11.07
TXN101843,2026-07-11,Barclays,UBS,Tokenised Bond,Permissioned Ledger,UK,227805.86,Settled,12.2,18.8,0.55,12.53
TXN101844,2026-01-17,Citi,UBS,Tokenised Equity,Public Blockchain,US,12912.98,Settled,66.8,29.8,3.76,4.86
TXN101845,2026-01-12,Deutsche Bank,HSBC,Regulated Stablecoin,Hybrid Network,US,370776.91,Settled,28.1,17.8,3.73,138.3
TXN101846,2026-05-30,Citi,UBS,Tokenised Deposit,Public Blockchain,MEA,70426.71,Settled,44.3,32.2,1.44,10.14
TXN101847,2026-05-25,BNY Mellon,JPMorgan,Tokenised Deposit,Permissioned Ledger,US,56386.75,Settled,9.6,32.5,2.37,13.36
TXN101848,2026-05-18,Barclays,HSBC,Tokenised Bond,Public Blockchain,US,980094.26,Settled,39.9,49.0,4.39,430.26
TXN101849,2026-04-28,UBS,Barclays,Tokenised Real Estate Fund,Permissioned Ledger,EU,23430.52,Pending,,33.5,3.33,7.8
TXN101850,2026-07-12,BNY Mellon,Barclays,Tokenised Deposit,Permissioned Ledger,APAC,6412.32,Settled,5.2,35.4,3.11,1.99
TXN101851,2026-01-22,Deutsche Bank,BNY Mellon,Tokenised Equity,Permissioned Ledger,US,33126.62,Settled,5.8,58.0,0.96,3.18
TXN101852,2026-04-30,Citi,Standard Chartered,Regulated Stablecoin,Permissioned Ledger,UK,10227.93,Pending,,32.4,0.61,0.62
TXN101853,2026-02-19,UBS,JPMorgan,Tokenised Real Estate Fund,Permissioned Ledger,UK,512945.49,Settled,10.1,47.0,3.94,202.1
TXN101854,2026-01-14,JPMorgan,Deutsche Bank,Tokenised Deposit,Hybrid Network,EU,464812.22,Settled,38.7,39.7,1.41,65.54
TXN101855,2026-07-11,UBS,HSBC,Tokenised Bond,Hybrid Network,MEA,191941.27,Settled,25.1,36.9,3.3,63.34
TXN101856,2026-06-24,Barclays,Standard Chartered,Tokenised Bond,Public Blockchain,EU,100434.76,Settled,50.5,37.6,2.13,21.39
TXN101857,2026-01-29,UBS,BNY Mellon,Tokenised Deposit,Hybrid Network,UK,5068.98,Settled,23.1,19.6,0.58,0.29
TXN101858,2026-06-13,Standard Chartered,HSBC,Tokenised Deposit,Public Blockchain,UK,32349.58,Settled,40.8,36.8,1.8,5.82
TXN101859,2026-06-29,HSBC,JPMorgan,Tokenised Deposit,Public Blockchain,APAC,68126.32,Pending,,40.4,3.22,21.94
TXN101860,2026-05-05,UBS,BNY Mellon,Tokenised Deposit,Hybrid Network,APAC,596295.13,Settled,38.5,43.5,0.85,50.69
TXN101861,2026-01-07,Citi,Standard Chartered,Tokenised Deposit,Permissioned Ledger,UK,95003.22,Settled,4.6,64.7,1.17,11.12
TXN101862,2026-01-29,Citi,BNY Mellon,Tokenised Deposit,Public Blockchain,MEA,29165.39,Settled,35.4,28.7,4.03,11.75
TXN101863,2026-05-19,Barclays,Citi,Tokenised Deposit,Hybrid Network,UK,173235.57,Settled,16.3,22.0,1.74,30.14
TXN101864,2026-02-02,Citi,BNY Mellon,Regulated Stablecoin,Permissioned Ledger,UK,69081.71,Settled,12.9,23.5,3.86,26.67
TXN101865,2026-05-14,HSBC,BNY Mellon,Tokenised Equity,Public Blockchain,APAC,77981.12,Pending,,46.3,1.99,15.52
TXN101866,2026-04-21,UBS,Standard Chartered,Regulated Stablecoin,Public Blockchain,US,416451.79,Settled,22.5,16.7,3.54,147.42
TXN101867,2026-03-20,Deutsche Bank,BNY Mellon,Tokenised Bond,Permissioned Ledger,APAC,31735.78,Settled,5.6,49.6,4.25,13.49
TXN101868,2026-06-09,BNY Mellon,JPMorgan,Tokenised Deposit,Hybrid Network,MEA,934.78,Settled,16.6,33.9,4.31,0.4
TXN101869,2026-06-28,Deutsche Bank,Barclays,Tokenised Deposit,Permissioned Ledger,US,40209.61,Settled,8.3,33.7,2.66,10.7
TXN101870,2026-02-27,JPMorgan,Barclays,Tokenised Deposit,Public Blockchain,UK,81131.73,Settled,47.5,35.8,1.11,9.01
TXN101871,2026-01-26,UBS,BNY Mellon,Tokenised Deposit,Permissioned Ledger,MEA,13887.0,Settled,13.2,40.1,2.99,4.15
TXN101872,2026-06-23,UBS,Barclays,Tokenised Equity,Public Blockchain,EU,47090.22,Settled,60.1,44.8,1.84,8.66
TXN101873,2026-01-29,Deutsche Bank,Barclays,Tokenised Real Estate Fund,Permissioned Ledger,UK,67609.69,Settled,9.6,23.8,4.46,30.15
TXN101874,2026-01-04,Citi,BNY Mellon,Tokenised Equity,Public Blockchain,APAC,130610.76,Settled,53.8,28.9,1.49,19.46
TXN101875,2026-04-09,UBS,Standard Chartered,Tokenised Deposit,Hybrid Network,US,41246.8,Pending,,50.3,3.2,13.2
TXN101876,2026-05-21,HSBC,Deutsche Bank,Regulated Stablecoin,Public Blockchain,UK,32919.28,Settled,61.8,49.7,2.47,8.13
TXN101877,2026-02-08,HSBC,Standard Chartered,Regulated Stablecoin,Permissioned Ledger,EU,55771.26,Settled,9.3,34.1,3.72,20.75
TXN101878,2026-01-15,Citi,Barclays,Tokenised Real Estate Fund,Public Blockchain,APAC,47295.58,Settled,79.0,19.4,0.83,3.93
TXN101879,2026-04-29,Barclays,JPMorgan,Tokenised Equity,Hybrid Network,APAC,3939.73,Settled,31.1,23.1,3.1,1.22
TXN101880,2026-01-29,HSBC,Standard Chartered,Tokenised Real Estate Fund,Hybrid Network,APAC,92767.78,Settled,35.8,29.2,3.21,29.78
TXN101881,2026-06-06,JPMorgan,Standard Chartered,Tokenised Deposit,Permissioned Ledger,UK,49160.72,Settled,7.4,51.3,2.05,10.08
TXN101882,2026-03-16,Citi,Barclays,Tokenised Deposit,Permissioned Ledger,MEA,15687.2,Pending,,43.9,2.63,4.13
TXN101883,2026-04-26,Citi,Deutsche Bank,Tokenised Deposit,Hybrid Network,UK,4089.97,Settled,10.7,35.6,3.34,1.37
TXN101884,2026-02-01,Standard Chartered,BNY Mellon,Tokenised Bond,Hybrid Network,EU,38746.46,Settled,18.0,22.1,2.52,9.76
TXN101885,2026-05-10,JPMorgan,HSBC,Tokenised Deposit,Permissioned Ledger,EU,41604.7,Settled,6.5,49.8,3.93,16.35
TXN101886,2026-06-24,BNY Mellon,HSBC,Tokenised Equity,Permissioned Ledger,MEA,7427.93,Settled,11.9,42.7,4.48,3.33
TXN101887,2026-03-25,HSBC,JPMorgan,Tokenised Bond,Public Blockchain,UK,17395.59,Settled,62.7,4.6,1.97,3.43
TXN101888,2026-01-22,Standard Chartered,Deutsche Bank,Regulated Stablecoin,Hybrid Network,APAC,21963.09,Pending,,35.8,2.99,6.57
TXN101889,2026-01-27,Deutsche Bank,Citi,Tokenised Bond,Public Blockchain,APAC,311721.78,Settled,84.9,46.2,4.09,127.49
TXN101890,2026-07-14,Citi,JPMorgan,Tokenised Bond,Permissioned Ledger,MEA,236607.15,Settled,5.9,50.4,3.75,88.73
TXN101891,2026-03-22,Citi,JPMorgan,Tokenised Equity,Public Blockchain,UK,188390.14,Pending,,40.4,2.86,53.88
TXN101892,2026-05-06,HSBC,UBS,Tokenised Deposit,Permissioned Ledger,APAC,5470.5,Settled,13.3,42.2,3.43,1.88
TXN101893,2026-07-03,BNY Mellon,Citi,Tokenised Deposit,Public Blockchain,APAC,123144.83,Settled,47.7,31.9,0.76,9.36
TXN101894,2026-04-02,BNY Mellon,JPMorgan,Tokenised Equity,Permissioned Ledger,MEA,13927.16,Settled,10.1,41.2,2.74,3.82
TXN101895,2026-01-21,HSBC,Citi,Tokenised Equity,Public Blockchain,APAC,8432.64,Pending,,29.7,1.92,1.62
TXN101896,2026-02-16,Barclays,Citi,Tokenised Deposit,Hybrid Network,MEA,395058.09,Settled,27.6,25.8,0.72,28.44
TXN101897,2026-04-11,Standard Chartered,Deutsche Bank,Regulated Stablecoin,Public Blockchain,MEA,28047.48,Settled,41.4,31.1,2.82,7.91
TXN101898,2026-07-06,Barclays,JPMorgan,Tokenised Bond,Permissioned Ledger,MEA,573544.49,Settled,7.7,44.4,1.41,80.87
TXN101899,2026-03-25,Citi,Standard Chartered,Tokenised Deposit,Public Blockchain,APAC,143612.5,Settled,66.2,29.2,1.7,24.41
TXN101900,2026-01-06,UBS,Citi,Tokenised Deposit,Permissioned Ledger,APAC,10699.74,Failed,,43.0,1.84,1.97
TXN101901,2026-05-27,JPMorgan,UBS,Tokenised Deposit,Permissioned Ledger,US,158208.21,Settled,8.6,30.0,2.35,37.18
TXN101902,2026-07-04,HSBC,Deutsche Bank,Tokenised Equity,Permissioned Ledger,MEA,529874.36,Settled,6.4,37.9,2.2,116.57
TXN101903,2026-07-16,JPMorgan,Deutsche Bank,Tokenised Deposit,Permissioned Ledger,MEA,61398.25,Settled,8.6,61.6,0.86,5.28
TXN101904,2026-05-11,Citi,HSBC,Regulated Stablecoin,Permissioned Ledger,MEA,23819.63,Settled,10.1,36.9,3.27,7.79
TXN101905,2026-01-01,HSBC,Citi,Tokenised Deposit,Public Blockchain,EU,24023.41,Pending,,33.3,2.4,5.77
TXN101906,2026-02-27,JPMorgan,Standard Chartered,Tokenised Equity,Public Blockchain,MEA,9312.49,Settled,68.0,36.8,1.03,0.96
TXN101907,2026-05-04,Citi,UBS,Tokenised Deposit,Public Blockchain,EU,29251.52,Settled,74.7,51.9,1.25,3.66
TXN101908,2026-06-15,Barclays,HSBC,Tokenised Deposit,Hybrid Network,MEA,217901.46,Settled,25.9,56.5,1.69,36.83
TXN101909,2026-01-15,UBS,JPMorgan,Tokenised Bond,Permissioned Ledger,EU,68683.97,Settled,5.4,41.9,1.45,9.96
TXN101910,2026-06-11,JPMorgan,HSBC,Regulated Stablecoin,Public Blockchain,MEA,118964.5,Settled,66.5,33.9,1.76,20.94
TXN101911,2026-07-08,BNY Mellon,Standard Chartered,Regulated Stablecoin,Permissioned Ledger,US,51621.79,Settled,2.1,21.5,4.34,22.4
TXN101912,2026-06-12,JPMorgan,Citi,Tokenised Equity,Permissioned Ledger,US,176636.77,Settled,11.1,29.5,4.22,74.54
TXN101913,2026-03-05,Barclays,Deutsche Bank,Tokenised Deposit,Permissioned Ledger,MEA,242072.03,Settled,9.6,32.1,3.59,86.9
TXN101914,2026-01-25,Standard Chartered,UBS,Tokenised Real Estate Fund,Permissioned Ledger,APAC,12232.23,Settled,8.0,18.8,0.92,1.13
TXN101915,2026-01-24,Standard Chartered,JPMorgan,Tokenised Deposit,Permissioned Ledger,US,336511.55,Settled,10.8,30.4,3.09,103.98
TXN101916,2026-01-12,Standard Chartered,UBS,Regulated Stablecoin,Public Blockchain,APAC,104676.36,Settled,56.1,44.6,2.57,26.9
TXN101917,2026-01-18,Standard Chartered,HSBC,Tokenised Deposit,Public Blockchain,US,19501.93,Settled,86.9,28.5,2.6,5.07
TXN101918,2026-01-15,Standard Chartered,Barclays,Tokenised Deposit,Public Blockchain,US,65633.68,Settled,76.3,29.8,0.66,4.33
TXN101919,2026-01-27,Deutsche Bank,Standard Chartered,Tokenised Deposit,Permissioned Ledger,APAC,82304.84,Settled,8.8,36.5,2.86,23.54
TXN101920,2026-03-13,UBS,JPMorgan,Tokenised Deposit,Permissioned Ledger,US,24013.6,Settled,7.4,39.3,0.83,1.99
TXN101921,2026-03-01,Deutsche Bank,Barclays,Tokenised Equity,Permissioned Ledger,UK,240099.86,Settled,9.7,30.2,3.34,80.19
TXN101922,2026-06-23,Barclays,HSBC,Tokenised Real Estate Fund,Public Blockchain,MEA,15327.51,Settled,74.0,54.2,2.0,3.07
TXN101923,2026-05-25,Barclays,HSBC,Tokenised Bond,Permissioned Ledger,EU,7185.07,Settled,8.4,21.1,2.53,1.82
TXN101924,2026-04-03,BNY Mellon,Barclays,Tokenised Deposit,Permissioned Ledger,UK,416625.85,Settled,7.2,22.2,4.41,183.73
TXN101925,2026-02-22,JPMorgan,HSBC,Tokenised Deposit,Public Blockchain,US,43409.94,Settled,19.9,36.7,4.09,17.75
TXN101926,2026-01-08,HSBC,UBS,Tokenised Deposit,Permissioned Ledger,APAC,29019.73,Settled,6.1,31.2,2.5,7.25
TXN101927,2026-03-20,HSBC,Citi,Tokenised Deposit,Hybrid Network,APAC,884229.9,Pending,,22.4,4.18,369.61
TXN101928,2026-01-27,JPMorgan,BNY Mellon,Tokenised Real Estate Fund,Permissioned Ledger,EU,293350.32,Settled,8.2,13.4,4.12,120.86
TXN101929,2026-06-23,JPMorgan,HSBC,Regulated Stablecoin,Public Blockchain,US,5790.13,Settled,22.4,52.6,4.46,2.58
TXN101930,2026-02-19,Deutsche Bank,Citi,Tokenised Equity,Public Blockchain,US,27577.96,Settled,78.5,21.5,1.31,3.61
TXN101931,2026-07-18,Barclays,UBS,Tokenised Bond,Permissioned Ledger,APAC,179823.72,Settled,9.2,26.5,1.99,35.78
TXN101932,2026-05-11,HSBC,BNY Mellon,Regulated Stablecoin,Permissioned Ledger,UK,84651.17,Settled,7.8,41.6,1.45,12.27
TXN101933,2026-04-03,Standard Chartered,JPMorgan,Tokenised Bond,Hybrid Network,EU,17983.94,Settled,20.6,49.6,3.37,6.06
TXN101934,2026-07-11,Barclays,Deutsche Bank,Tokenised Bond,Permissioned Ledger,UK,50174.49,Settled,11.6,49.4,3.75,18.82
TXN101935,2026-06-21,Citi,JPMorgan,Regulated Stablecoin,Hybrid Network,UK,89116.9,Settled,22.0,37.4,1.38,12.3
TXN101936,2026-06-30,UBS,Deutsche Bank,Tokenised Bond,Permissioned Ledger,APAC,93958.62,Settled,9.1,43.6,1.44,13.53
TXN101937,2026-01-24,BNY Mellon,Citi,Tokenised Bond,Public Blockchain,APAC,41098.87,Settled,12.0,19.1,3.92,16.11
TXN101938,2026-03-01,BNY Mellon,HSBC,Tokenised Deposit,Hybrid Network,UK,43265.18,Settled,18.1,37.4,1.56,6.75
TXN101939,2026-05-02,UBS,Barclays,Tokenised Real Estate Fund,Permissioned Ledger,APAC,181659.2,Settled,5.5,39.8,1.99,36.15
TXN101940,2026-05-11,Barclays,UBS,Tokenised Deposit,Hybrid Network,MEA,195021.07,Settled,22.7,49.3,3.01,58.7
TXN101941,2026-05-28,Deutsche Bank,JPMorgan,Regulated Stablecoin,Permissioned Ledger,APAC,65965.49,Settled,6.8,58.7,1.04,6.86
TXN101942,2026-02-15,Barclays,HSBC,Tokenised Deposit,Permissioned Ledger,EU,32532.82,Settled,8.4,15.1,2.02,6.57
TXN101943,2026-01-15,Barclays,UBS,Tokenised Bond,Permissioned Ledger,MEA,49344.31,Settled,6.0,20.5,3.67,18.11
TXN101944,2026-06-02,JPMorgan,HSBC,Regulated Stablecoin,Hybrid Network,UK,23703.54,Settled,34.1,31.0,2.84,6.73
TXN101945,2026-07-18,Deutsche Bank,JPMorgan,Regulated Stablecoin,Permissioned Ledger,MEA,18984.05,Settled,12.6,58.9,3.5,6.64
TXN101946,2026-01-17,JPMorgan,Barclays,Regulated Stablecoin,Permissioned Ledger,MEA,50643.13,Settled,15.5,33.4,1.38,6.99
TXN101947,2026-05-06,UBS,JPMorgan,Regulated Stablecoin,Public Blockchain,US,156564.35,Settled,55.7,32.5,4.4,68.89
TXN101948,2026-03-25,BNY Mellon,Barclays,Regulated Stablecoin,Hybrid Network,UK,5205.46,Settled,18.5,49.1,3.49,1.82
TXN101949,2026-01-09,Deutsche Bank,Standard Chartered,Tokenised Bond,Public Blockchain,EU,20165.31,Settled,58.9,52.9,2.03,4.09
TXN101950,2026-06-15,JPMorgan,HSBC,Tokenised Equity,Permissioned Ledger,MEA,136144.47,Settled,6.3,31.2,3.34,45.47
TXN101951,2026-06-25,Standard Chartered,UBS,Regulated Stablecoin,Permissioned Ledger,MEA,111035.76,Settled,9.4,43.6,2.9,32.2
TXN101952,2026-07-07,Deutsche Bank,Citi,Tokenised Real Estate Fund,Permissioned Ledger,EU,15228.44,Settled,8.2,63.1,4.49,6.84
TXN101953,2026-03-04,BNY Mellon,Barclays,Tokenised Real Estate Fund,Hybrid Network,MEA,172693.39,Settled,35.5,20.7,1.62,27.98
TXN101954,2026-04-27,Standard Chartered,JPMorgan,Tokenised Equity,Permissioned Ledger,US,30169.42,Settled,9.5,45.4,0.87,2.62
TXN101955,2026-05-10,Citi,UBS,Tokenised Deposit,Permissioned Ledger,APAC,402047.67,Settled,10.8,25.4,4.19,168.46
TXN101956,2026-03-29,Citi,JPMorgan,Tokenised Deposit,Permissioned Ledger,MEA,23895.78,Settled,11.5,45.4,2.29,5.47
TXN101957,2026-03-13,Deutsche Bank,Barclays,Regulated Stablecoin,Hybrid Network,UK,20107.26,Settled,9.3,22.2,3.77,7.58
TXN101958,2026-05-19,BNY Mellon,UBS,Tokenised Real Estate Fund,Permissioned Ledger,UK,48635.42,Settled,6.4,30.8,1.91,9.29
TXN101959,2026-03-05,Deutsche Bank,HSBC,Tokenised Deposit,Public Blockchain,MEA,37001.52,Settled,60.4,17.8,3.89,14.39
TXN101960,2026-03-13,UBS,Standard Chartered,Tokenised Equity,Public Blockchain,APAC,93867.45,Settled,57.5,38.3,3.61,33.89
TXN101961,2026-01-21,BNY Mellon,Deutsche Bank,Tokenised Bond,Public Blockchain,APAC,27741.06,Settled,38.6,30.7,3.53,9.79
TXN101962,2026-01-18,Barclays,JPMorgan,Tokenised Deposit,Public Blockchain,US,449681.69,Settled,62.6,54.4,0.63,28.33
TXN101963,2026-03-05,JPMorgan,Barclays,Tokenised Deposit,Permissioned Ledger,MEA,127783.16,Settled,6.3,23.0,3.68,47.02
TXN101964,2026-03-23,Citi,Standard Chartered,Tokenised Equity,Hybrid Network,US,21358.16,Settled,31.6,43.7,3.79,8.09
TXN101965,2026-04-20,Standard Chartered,Deutsche Bank,Tokenised Bond,Permissioned Ledger,UK,128912.92,Settled,7.6,23.6,3.77,48.6
TXN101966,2026-04-05,UBS,BNY Mellon,Tokenised Equity,Permissioned Ledger,EU,361656.92,Settled,9.4,38.4,3.27,118.26
TXN101967,2026-06-15,Barclays,Standard Chartered,Tokenised Equity,Hybrid Network,EU,17231.54,Settled,22.3,50.6,2.19,3.77
TXN101968,2026-02-01,Standard Chartered,Deutsche Bank,Tokenised Deposit,Hybrid Network,US,105640.6,Settled,26.1,34.0,2.47,26.09
TXN101969,2026-01-11,Standard Chartered,BNY Mellon,Tokenised Deposit,Permissioned Ledger,MEA,52824.5,Settled,6.7,15.4,4.09,21.61
TXN101970,2026-02-14,Deutsche Bank,BNY Mellon,Regulated Stablecoin,Public Blockchain,UK,45957.55,Settled,57.8,12.4,3.33,15.3
TXN101971,2026-02-02,UBS,Deutsche Bank,Regulated Stablecoin,Permissioned Ledger,UK,77978.15,Settled,6.6,28.6,3.59,27.99
TXN101972,2026-04-12,BNY Mellon,Barclays,Tokenised Deposit,Permissioned Ledger,US,93136.74,Settled,9.4,36.7,3.24,30.18
TXN101973,2026-06-18,Standard Chartered,Deutsche Bank,Tokenised Real Estate Fund,Permissioned Ledger,UK,61172.67,Settled,12.0,41.2,0.63,3.85
TXN101974,2026-05-16,Barclays,BNY Mellon,Regulated Stablecoin,Permissioned Ledger,APAC,53337.39,Settled,6.7,43.8,2.9,15.47
TXN101975,2026-01-11,HSBC,Barclays,Tokenised Deposit,Permissioned Ledger,EU,6338.18,Settled,7.8,54.7,1.74,1.1
TXN101976,2026-06-28,Deutsche Bank,JPMorgan,Tokenised Deposit,Public Blockchain,EU,583088.0,Settled,35.3,47.5,3.37,196.5
TXN101977,2026-03-29,HSBC,JPMorgan,Tokenised Bond,Public Blockchain,UK,32256.19,Settled,46.6,34.3,3.99,12.87
TXN101978,2026-02-10,UBS,JPMorgan,Tokenised Bond,Public Blockchain,APAC,431200.68,Settled,52.1,42.4,2.47,106.51
TXN101979,2026-05-25,Barclays,UBS,Tokenised Equity,Permissioned Ledger,UK,217352.41,Settled,11.8,33.1,3.62,78.68
TXN101980,2026-03-17,JPMorgan,Citi,Tokenised Bond,Permissioned Ledger,EU,113395.64,Settled,5.9,41.2,2.76,31.3
TXN101981,2026-05-01,Standard Chartered,JPMorgan,Tokenised Deposit,Permissioned Ledger,US,702348.55,Settled,8.5,46.7,3.47,243.71
TXN101982,2026-02-15,HSBC,Standard Chartered,Regulated Stablecoin,Permissioned Ledger,US,31853.97,Settled,8.0,19.9,4.19,13.35
TXN101983,2026-06-09,BNY Mellon,HSBC,Tokenised Bond,Public Blockchain,US,594236.09,Settled,64.6,40.2,3.89,231.16
TXN101984,2026-03-21,JPMorgan,Barclays,Tokenised Real Estate Fund,Hybrid Network,UK,59918.7,Settled,24.6,52.5,1.14,6.83
TXN101985,2026-02-23,Standard Chartered,BNY Mellon,Tokenised Deposit,Permissioned Ledger,MEA,336597.36,Settled,16.1,9.9,1.04,35.01
TXN101986,2026-03-27,Standard Chartered,BNY Mellon,Tokenised Bond,Permissioned Ledger,EU,17189.19,Settled,9.1,22.7,2.15,3.7
TXN101987,2026-04-02,Citi,Standard Chartered,Tokenised Deposit,Permissioned Ledger,US,120130.3,Settled,7.5,37.4,3.14,37.72
TXN101988,2026-05-28,BNY Mellon,Deutsche Bank,Tokenised Deposit,Permissioned Ledger,US,12325.55,Settled,10.8,10.1,1.78,2.19
TXN101989,2026-06-10,Deutsche Bank,Standard Chartered,Tokenised Deposit,Permissioned Ledger,MEA,92029.86,Settled,7.4,22.9,0.89,8.19
TXN101990,2026-06-17,Barclays,Standard Chartered,Tokenised Bond,Permissioned Ledger,MEA,22665.91,Settled,5.5,50.8,2.05,4.65
TXN101991,2026-06-09,Standard Chartered,Barclays,Tokenised Deposit,Permissioned Ledger,UK,32812.4,Settled,4.7,21.5,0.8,2.62
TXN101992,2026-04-07,Standard Chartered,JPMorgan,Tokenised Equity,Permissioned Ledger,UK,34102.24,Settled,3.6,38.3,4.24,14.46
TXN101993,2026-01-02,HSBC,BNY Mellon,Tokenised Deposit,Public Blockchain,MEA,191562.41,Settled,25.6,37.4,3.15,60.34
TXN101994,2026-02-02,JPMorgan,Barclays,Tokenised Real Estate Fund,Permissioned Ledger,APAC,17194.55,Settled,3.0,42.7,4.2,7.22
TXN101995,2026-06-07,JPMorgan,Standard Chartered,Tokenised Deposit,Public Blockchain,MEA,577933.05,Pending,,29.9,2.93,169.33
TXN101996,2026-06-10,BNY Mellon,Standard Chartered,Tokenised Real Estate Fund,Hybrid Network,MEA,19644.89,Settled,20.5,35.7,4.48,8.8
TXN101997,2026-03-18,Citi,UBS,Regulated Stablecoin,Permissioned Ledger,EU,146851.02,Settled,8.2,61.8,0.62,9.1
TXN101998,2026-04-26,BNY Mellon,UBS,Tokenised Real Estate Fund,Public Blockchain,UK,17191.92,Settled,55.5,33.6,1.86,3.2
TXN101999,2026-06-03,Deutsche Bank,BNY Mellon,Tokenised Bond,Permissioned Ledger,EU,11991.59,Settled,7.8,42.9,3.38,4.05
TXN102000,2026-05-30,Deutsche Bank,Barclays,Regulated Stablecoin,Permissioned Ledger,US,20968.0,Settled,8.8,37.8,3.5,7.34
TXN102001,2026-04-13,HSBC,Deutsche Bank,Tokenised Deposit,Public Blockchain,EU,78415.39,Settled,37.9,24.1,1.72,13.49
TXN102002,2026-07-13,Standard Chartered,JPMorgan,Regulated Stablecoin,Hybrid Network,APAC,6593.07,Settled,35.4,14.4,1.92,1.27
TXN102003,2026-06-15,Standard Chartered,Barclays,Tokenised Deposit,Hybrid Network,APAC,38453.87,Failed,,53.8,3.81,14.65
TXN102004,2026-04-13,Standard Chartered,HSBC,Tokenised Bond,Permissioned Ledger,EU,80610.34,Settled,4.1,33.3,0.63,5.08
TXN102005,2026-03-31,UBS,Barclays,Tokenised Deposit,Hybrid Network,EU,79720.11,Settled,17.7,8.5,1.69,13.47
TXN102006,2026-06-23,Deutsche Bank,HSBC,Regulated Stablecoin,Hybrid Network,EU,197318.93,Settled,9.8,43.2,1.0,19.73
TXN102007,2026-05-02,Citi,Barclays,Tokenised Deposit,Permissioned Ledger,MEA,673665.75,Settled,8.1,45.8,3.36,226.35
TXN102008,2026-05-23,Citi,Standard Chartered,Tokenised Deposit,Permissioned Ledger,US,104358.94,Settled,4.4,29.9,2.88,30.06
TXN102009,2026-04-16,BNY Mellon,HSBC,Tokenised Deposit,Permissioned Ledger,US,78500.36,Settled,9.4,49.2,4.3,33.76
TXN102010,2026-04-29,BNY Mellon,Standard Chartered,Tokenised Deposit,Public Blockchain,APAC,38782.11,Settled,95.6,29.5,1.84,7.14
TXN102011,2026-06-21,Deutsche Bank,Standard Chartered,Tokenised Bond,Hybrid Network,UK,666667.1,Settled,31.3,42.7,2.79,186.0
TXN102012,2026-02-18,JPMorgan,Standard Chartered,Tokenised Deposit,Public Blockchain,MEA,159842.81,Settled,70.6,46.3,2.0,31.97
TXN102013,2026-04-14,UBS,JPMorgan,Tokenised Deposit,Hybrid Network,EU,763662.14,Settled,40.1,31.1,4.31,329.14
TXN102014,2026-03-02,BNY Mellon,Citi,Tokenised Real Estate Fund,Permissioned Ledger,US,159629.08,Settled,11.9,36.6,1.02,16.28
TXN102015,2026-07-14,Deutsche Bank,Standard Chartered,Tokenised Equity,Permissioned Ledger,UK,6904.53,Settled,5.5,29.9,2.51,1.73
TXN102016,2026-05-03,Citi,HSBC,Tokenised Bond,Permissioned Ledger,EU,40408.04,Settled,10.9,42.1,3.67,14.83
TXN102017,2026-05-14,Standard Chartered,BNY Mellon,Tokenised Deposit,Public Blockchain,US,152904.6,Settled,62.5,42.1,3.7,56.57
TXN102018,2026-01-09,JPMorgan,Deutsche Bank,Tokenised Bond,Permissioned Ledger,EU,207415.24,Settled,7.5,33.7,3.1,64.3
TXN102019,2026-01-06,Deutsche Bank,JPMorgan,Regulated Stablecoin,Public Blockchain,MEA,54070.96,Settled,75.2,50.8,3.57,19.3
TXN102020,2026-03-14,Standard Chartered,Citi,Tokenised Bond,Hybrid Network,US,15115.63,Settled,3.2,37.4,0.68,1.03
TXN102021,2026-04-13,Deutsche Bank,Standard Chartered,Tokenised Bond,Permissioned Ledger,US,168220.95,Settled,12.2,46.6,3.58,60.22
TXN102022,2026-06-09,Citi,Standard Chartered,Regulated Stablecoin,Permissioned Ledger,US,14940.5,Settled,6.7,57.4,0.83,1.24
TXN102023,2026-02-10,Barclays,BNY Mellon,Regulated Stablecoin,Hybrid Network,UK,59564.42,Settled,32.9,47.3,4.49,26.74
TXN102024,2026-04-24,HSBC,Barclays,Tokenised Deposit,Public Blockchain,APAC,524073.64,Settled,51.0,31.3,3.8,199.15
TXN102025,2026-01-08,BNY Mellon,Citi,Tokenised Deposit,Permissioned Ledger,EU,65320.47,Settled,5.7,33.5,3.05,19.92
TXN102026,2026-03-13,Standard Chartered,JPMorgan,Tokenised Deposit,Hybrid Network,UK,31857.98,Settled,22.5,39.2,4.11,13.09
TXN102027,2026-06-27,Barclays,JPMorgan,Regulated Stablecoin,Hybrid Network,MEA,237406.63,Settled,23.0,23.2,2.9,68.85
TXN102028,2026-04-02,UBS,Standard Chartered,Tokenised Deposit,Permissioned Ledger,MEA,96547.25,Settled,4.0,33.9,3.79,36.59
TXN102029,2026-03-03,UBS,Standard Chartered,Tokenised Equity,Public Blockchain,APAC,23311.39,Settled,73.2,15.9,4.01,9.35
TXN102030,2026-03-25,Barclays,JPMorgan,Tokenised Deposit,Permissioned Ledger,US,52986.06,Pending,,26.1,3.39,17.96
TXN102031,2026-03-03,Barclays,UBS,Regulated Stablecoin,Public Blockchain,EU,280943.26,Settled,47.4,41.4,3.7,103.95
TXN102032,2026-04-21,Barclays,HSBC,Regulated Stablecoin,Hybrid Network,APAC,15518.19,Settled,36.7,45.9,4.11,6.38
TXN102033,2026-05-07,UBS,HSBC,Tokenised Equity,Hybrid Network,UK,35038.87,Settled,31.7,44.6,1.9,6.66
TXN102034,2026-01-07,Citi,Standard Chartered,Tokenised Bond,Public Blockchain,EU,43626.0,Settled,28.0,20.2,4.0,17.45
TXN102035,2026-03-25,Deutsche Bank,BNY Mellon,Tokenised Bond,Hybrid Network,APAC,53465.65,Settled,25.1,27.9,1.97,10.53
TXN102036,2026-05-12,Standard Chartered,Citi,Tokenised Bond,Permissioned Ledger,US,3916959.29,Settled,5.4,42.3,3.64,1425.77
TXN102037,2026-05-14,JPMorgan,Citi,Tokenised Equity,Permissioned Ledger,APAC,100998.38,Settled,6.1,13.0,2.32,23.43
TXN102038,2026-02-27,Barclays,JPMorgan,Tokenised Equity,Permissioned Ledger,MEA,62816.74,Settled,11.1,21.9,1.38,8.67
TXN102039,2026-01-22,Citi,UBS,Tokenised Deposit,Permissioned Ledger,APAC,86516.84,Settled,6.2,26.3,2.04,17.65
TXN102040,2026-06-03,Deutsche Bank,JPMorgan,Regulated Stablecoin,Permissioned Ledger,EU,46869.59,Settled,7.7,32.8,3.59,16.83
TXN102041,2026-05-07,Deutsche Bank,BNY Mellon,Regulated Stablecoin,Public Blockchain,APAC,25259.15,Settled,72.4,40.0,1.63,4.12
TXN102042,2026-01-03,Citi,HSBC,Tokenised Deposit,Public Blockchain,UK,36002.8,Pending,,29.8,1.11,4.0
TXN102043,2026-05-07,HSBC,Standard Chartered,Tokenised Deposit,Permissioned Ledger,US,45008.9,Settled,12.2,49.7,4.49,20.21
TXN102044,2026-02-10,BNY Mellon,Citi,Tokenised Deposit,Permissioned Ledger,MEA,63595.54,Pending,,25.6,1.47,9.35
TXN102045,2026-07-07,JPMorgan,HSBC,Tokenised Equity,Hybrid Network,MEA,6944.26,Settled,10.2,22.5,4.23,2.94
TXN102046,2026-04-16,Barclays,UBS,Tokenised Equity,Permissioned Ledger,MEA,6599.76,Settled,9.1,49.9,3.88,2.56
TXN102047,2026-01-14,Barclays,JPMorgan,Tokenised Deposit,Permissioned Ledger,MEA,266817.5,Settled,5.0,43.6,0.72,19.21
TXN102048,2026-01-12,UBS,Standard Chartered,Regulated Stablecoin,Public Blockchain,US,384096.82,Settled,65.1,28.5,4.0,153.64
TXN102049,2026-03-28,UBS,Citi,Tokenised Deposit,Public Blockchain,US,13423.75,Settled,54.9,21.8,0.94,1.26
TXN102050,2026-01-12,UBS,Citi,Tokenised Bond,Public Blockchain,US,10545.19,Settled,97.0,39.7,2.89,3.05
TXN102051,2026-05-21,UBS,HSBC,Tokenised Deposit,Hybrid Network,MEA,109797.47,Settled,24.3,29.1,3.14,34.48
TXN102052,2026-01-25,Standard Chartered,BNY Mellon,Tokenised Real Estate Fund,Hybrid Network,EU,29130.38,Settled,14.9,32.7,3.4,9.9
TXN102053,2026-02-14,Barclays,Standard Chartered,Tokenised Deposit,Public Blockchain,MEA,175257.29,Settled,40.5,48.2,3.23,56.61
TXN102054,2026-05-02,Barclays,UBS,Regulated Stablecoin,Permissioned Ledger,EU,104796.72,Settled,7.1,23.4,3.36,35.21
TXN102055,2026-05-27,HSBC,Citi,Tokenised Deposit,Permissioned Ledger,MEA,28615.74,Settled,7.2,32.6,0.78,2.23
TXN102056,2026-02-24,HSBC,BNY Mellon,Tokenised Deposit,Permissioned Ledger,UK,202149.97,Settled,11.3,58.1,4.49,90.77
TXN102057,2026-04-10,Barclays,JPMorgan,Tokenised Bond,Hybrid Network,MEA,103651.21,Settled,29.9,16.4,4.29,44.47
TXN102058,2026-06-22,BNY Mellon,Deutsche Bank,Tokenised Deposit,Permissioned Ledger,MEA,197154.37,Settled,6.0,43.4,2.6,51.26
TXN102059,2026-05-16,BNY Mellon,Citi,Tokenised Deposit,Hybrid Network,APAC,143132.65,Settled,30.5,24.0,3.24,46.37
TXN102060,2026-04-29,BNY Mellon,UBS,Regulated Stablecoin,Permissioned Ledger,UK,3062.84,Failed,,19.7,1.6,0.49
TXN102061,2026-02-22,Standard Chartered,Deutsche Bank,Tokenised Real Estate Fund,Hybrid Network,EU,10046.48,Settled,35.9,12.9,4.1,4.12
TXN102062,2026-07-02,Citi,UBS,Tokenised Bond,Hybrid Network,EU,48364.54,Settled,6.1,23.2,2.64,12.77
TXN102063,2026-02-01,BNY Mellon,JPMorgan,Regulated Stablecoin,Permissioned Ledger,US,168283.25,Settled,11.4,30.6,1.96,32.98
TXN102064,2026-02-20,Deutsche Bank,HSBC,Tokenised Bond,Public Blockchain,APAC,8942.92,Settled,70.2,23.8,3.12,2.79
TXN102065,2026-02-13,Standard Chartered,BNY Mellon,Tokenised Deposit,Permissioned Ledger,UK,25618.78,Settled,7.7,33.0,1.39,3.56
TXN102066,2026-03-23,JPMorgan,Barclays,Tokenised Deposit,Permissioned Ledger,UK,1047.03,Settled,8.6,50.0,2.02,0.21
TXN102067,2026-07-17,Citi,BNY Mellon,Tokenised Deposit,Permissioned Ledger,MEA,39912.82,Settled,5.3,43.9,3.09,12.33
TXN102068,2026-05-26,BNY Mellon,HSBC,Regulated Stablecoin,Permissioned Ledger,EU,4146.51,Settled,6.7,38.9,2.21,0.92
TXN102069,2026-05-30,JPMorgan,UBS,Tokenised Bond,Permissioned Ledger,APAC,64695.46,Settled,8.8,65.3,2.05,13.26
TXN102070,2026-02-06,JPMorgan,HSBC,Tokenised Bond,Hybrid Network,APAC,6095.77,Settled,28.1,2.0,1.58,0.96
TXN102071,2026-04-06,BNY Mellon,Citi,Regulated Stablecoin,Permissioned Ledger,APAC,41095.87,Settled,5.7,42.6,1.45,5.96
TXN102072,2026-02-25,Citi,Standard Chartered,Regulated Stablecoin,Permissioned Ledger,MEA,252986.41,Settled,11.0,20.8,1.99,50.34
TXN102073,2026-04-15,BNY Mellon,HSBC,Tokenised Bond,Permissioned Ledger,APAC,5819.31,Settled,3.8,22.2,0.87,0.51
TXN102074,2026-02-28,BNY Mellon,JPMorgan,Regulated Stablecoin,Public Blockchain,UK,1005204.91,Settled,66.3,49.7,4.4,442.29
TXN102075,2026-05-11,HSBC,BNY Mellon,Tokenised Equity,Permissioned Ledger,EU,16679.14,Settled,8.0,33.9,1.52,2.54
TXN102076,2026-06-05,UBS,Barclays,Tokenised Deposit,Hybrid Network,EU,2632.76,Settled,29.4,11.6,2.99,0.79
TXN102077,2026-02-04,Standard Chartered,Citi,Tokenised Deposit,Public Blockchain,US,79119.34,Settled,26.1,57.7,0.79,6.25
TXN102078,2026-07-08,Citi,Deutsche Bank,Tokenised Equity,Public Blockchain,APAC,67109.12,Settled,35.7,56.5,3.48,23.35
TXN102079,2026-04-03,HSBC,Citi,Tokenised Deposit,Public Blockchain,MEA,301633.77,Settled,110.5,31.7,1.49,44.94
TXN102080,2026-07-01,Barclays,Citi,Tokenised Equity,Public Blockchain,UK,28364.96,Settled,95.9,45.7,1.0,2.84
TXN102081,2026-07-10,Deutsche Bank,HSBC,Tokenised Equity,Permissioned Ledger,MEA,13534.03,Settled,9.9,34.2,2.54,3.44
TXN102082,2026-04-07,BNY Mellon,UBS,Tokenised Bond,Public Blockchain,US,71672.78,Pending,,42.7,3.38,24.23
TXN102083,2026-05-15,Standard Chartered,UBS,Tokenised Equity,Hybrid Network,US,34733.6,Settled,17.4,17.1,3.0,10.42
TXN102084,2026-03-17,Barclays,BNY Mellon,Tokenised Equity,Permissioned Ledger,MEA,104888.06,Settled,10.3,25.5,1.46,15.31
TXN102085,2026-02-18,UBS,HSBC,Tokenised Deposit,Public Blockchain,US,7713.04,Settled,76.6,14.5,2.91,2.24
TXN102086,2026-04-04,UBS,Citi,Regulated Stablecoin,Permissioned Ledger,US,157970.07,Pending,,44.3,3.12,49.29
TXN102087,2026-06-08,Deutsche Bank,Citi,Regulated Stablecoin,Public Blockchain,MEA,3874.58,Settled,27.7,30.7,1.19,0.46
TXN102088,2026-07-05,Citi,BNY Mellon,Tokenised Deposit,Permissioned Ledger,EU,28683.5,Pending,,36.1,4.2,12.05
TXN102089,2026-07-08,BNY Mellon,Standard Chartered,Tokenised Deposit,Hybrid Network,EU,11800.76,Settled,36.3,38.9,1.12,1.32
TXN102090,2026-01-24,HSBC,Standard Chartered,Tokenised Deposit,Public Blockchain,MEA,60663.43,Settled,38.6,44.4,2.55,15.47
TXN102091,2026-05-28,HSBC,Deutsche Bank,Tokenised Deposit,Public Blockchain,APAC,8503.67,Settled,23.4,27.7,3.33,2.83
TXN102092,2026-02-06,JPMorgan,UBS,Tokenised Equity,Public Blockchain,US,43973.61,Failed,,33.2,0.87,3.83
TXN102093,2026-01-04,HSBC,Citi,Tokenised Bond,Permissioned Ledger,EU,34578.85,Settled,4.3,19.7,2.82,9.75
TXN102094,2026-04-18,BNY Mellon,Citi,Regulated Stablecoin,Permissioned Ledger,APAC,288440.41,Settled,6.9,46.1,4.1,118.26
TXN102095,2026-05-06,HSBC,Citi,Regulated Stablecoin,Permissioned Ledger,EU,26986.27,Settled,4.7,28.5,0.94,2.54
TXN102096,2026-01-20,Citi,Deutsche Bank,Tokenised Bond,Public Blockchain,APAC,489741.77,Settled,6.2,37.5,2.92,143.0
TXN102097,2026-07-07,JPMorgan,Deutsche Bank,Tokenised Deposit,Hybrid Network,APAC,119014.48,Settled,30.6,24.8,0.82,9.76
TXN102098,2026-06-01,Citi,JPMorgan,Tokenised Deposit,Permissioned Ledger,EU,18765.88,Settled,10.8,53.8,1.79,3.36
TXN102099,2026-02-19,BNY Mellon,UBS,Tokenised Equity,Public Blockchain,MEA,202680.57,Settled,53.8,33.7,2.27,46.01
TXN102100,2026-06-26,Citi,HSBC,Tokenised Equity,Permissioned Ledger,APAC,288750.76,Settled,10.7,34.8,1.87,54.0
TXN102101,2026-06-28,BNY Mellon,Deutsche Bank,Regulated Stablecoin,Hybrid Network,UK,132140.61,Settled,34.4,35.8,4.01,52.99
TXN102102,2026-04-06,BNY Mellon,UBS,Tokenised Deposit,Permissioned Ledger,APAC,33420.81,Settled,9.6,36.4,3.59,12.0
TXN102103,2026-04-15,JPMorgan,UBS,Regulated Stablecoin,Public Blockchain,MEA,16941.1,Settled,38.4,55.4,0.78,1.32
TXN102104,2026-06-13,Barclays,Standard Chartered,Tokenised Deposit,Public Blockchain,US,9249.76,Pending,,21.5,1.81,1.67
TXN102105,2026-04-27,JPMorgan,UBS,Regulated Stablecoin,Public Blockchain,APAC,13369.91,Settled,51.3,29.2,3.16,4.22
TXN102106,2026-04-08,UBS,BNY Mellon,Tokenised Bond,Permissioned Ledger,MEA,8785.87,Settled,9.3,43.7,3.34,2.93
TXN102107,2026-03-07,JPMorgan,Standard Chartered,Tokenised Deposit,Permissioned Ledger,EU,22302.47,Settled,9.5,32.3,1.72,3.84
TXN102108,2026-03-20,Standard Chartered,BNY Mellon,Regulated Stablecoin,Public Blockchain,APAC,460092.46,Settled,50.4,27.6,2.79,128.37
TXN102109,2026-06-11,BNY Mellon,UBS,Regulated Stablecoin,Public Blockchain,EU,705899.74,Pending,,24.5,2.79,196.95
TXN102110,2026-06-13,Barclays,Standard Chartered,Tokenised Deposit,Public Blockchain,US,731185.65,Settled,53.8,35.6,1.16,84.82
TXN102111,2026-01-06,HSBC,JPMorgan,Tokenised Bond,Public Blockchain,US,385270.97,Settled,68.7,37.1,3.67,141.39
TXN102112,2026-02-08,UBS,HSBC,Tokenised Deposit,Permissioned Ledger,EU,60275.81,Settled,5.7,58.5,3.48,20.98
TXN102113,2026-06-19,Standard Chartered,BNY Mellon,Regulated Stablecoin,Permissioned Ledger,US,59565.49,Settled,9.7,37.5,1.27,7.56
TXN102114,2026-04-25,Deutsche Bank,JPMorgan,Tokenised Real Estate Fund,Permissioned Ledger,EU,500602.68,Settled,10.8,39.5,2.8,140.17
TXN102115,2026-07-05,Citi,Standard Chartered,Tokenised Equity,Hybrid Network,US,103410.78,Settled,44.0,35.9,2.77,28.64
TXN102116,2026-05-05,HSBC,Standard Chartered,Regulated Stablecoin,Permissioned Ledger,US,59759.45,Settled,10.0,45.9,1.03,6.16
TXN102117,2026-01-12,JPMorgan,UBS,Tokenised Equity,Permissioned Ledger,MEA,47147.04,Settled,9.7,37.8,4.3,20.27
TXN102118,2026-05-11,Citi,Deutsche Bank,Tokenised Equity,Permissioned Ledger,MEA,23470.4,Settled,6.3,27.5,3.72,8.73
TXN102119,2026-01-18,HSBC,Deutsche Bank,Tokenised Deposit,Permissioned Ledger,APAC,247625.31,Settled,8.7,27.7,1.37,33.92
TXN102120,2026-02-09,Barclays,Deutsche Bank,Tokenised Deposit,Hybrid Network,MEA,10289.05,Settled,32.5,33.8,2.95,3.04
TXN102121,2026-01-21,Deutsche Bank,HSBC,Tokenised Deposit,Permissioned Ledger,US,10229.26,Settled,9.7,7.2,2.72,2.78
TXN102122,2026-05-23,UBS,Standard Chartered,Tokenised Bond,Permissioned Ledger,MEA,17018.34,Settled,7.1,24.4,4.23,7.2
TXN102123,2026-04-09,HSBC,BNY Mellon,Regulated Stablecoin,Hybrid Network,APAC,28703.7,Settled,20.7,45.6,2.63,7.55
TXN102124,2026-01-26,HSBC,UBS,Tokenised Deposit,Hybrid Network,MEA,488638.24,Settled,37.3,22.3,3.72,181.77
TXN102125,2026-01-08,JPMorgan,Deutsche Bank,Tokenised Bond,Permissioned Ledger,UK,407808.32,Failed,,47.0,2.62,106.85
TXN102126,2026-04-10,Standard Chartered,Citi,Tokenised Real Estate Fund,Public Blockchain,US,109066.08,Settled,53.5,64.4,0.86,9.38
TXN102127,2026-03-28,Standard Chartered,UBS,Tokenised Deposit,Permissioned Ledger,EU,152417.65,Settled,12.0,27.7,2.26,34.45
TXN102128,2026-02-11,Standard Chartered,UBS,Tokenised Equity,Hybrid Network,APAC,45086.71,Settled,33.6,23.1,3.8,17.13
TXN102129,2026-06-21,Standard Chartered,Barclays,Tokenised Deposit,Permissioned Ledger,MEA,118255.86,Settled,9.6,43.6,1.63,19.28
TXN102130,2026-01-14,Barclays,BNY Mellon,Tokenised Deposit,Permissioned Ledger,MEA,15227.36,Settled,6.9,42.4,2.13,3.24
TXN102131,2026-03-19,UBS,Citi,Tokenised Deposit,Permissioned Ledger,MEA,16282.07,Settled,6.7,50.6,3.83,6.24
TXN102132,2026-01-02,Citi,Barclays,Tokenised Bond,Hybrid Network,APAC,10415.9,Settled,32.2,36.4,2.02,2.1
TXN102133,2026-04-29,Citi,Standard Chartered,Regulated Stablecoin,Public Blockchain,UK,262579.61,Settled,77.9,39.6,2.85,74.84
TXN102134,2026-02-06,UBS,Barclays,Tokenised Deposit,Public Blockchain,MEA,287694.22,Settled,52.9,27.7,1.56,44.88
TXN102135,2026-03-10,Barclays,Citi,Tokenised Deposit,Hybrid Network,MEA,187783.14,Settled,12.6,43.6,1.38,25.91
TXN102136,2026-06-15,UBS,JPMorgan,Tokenised Equity,Hybrid Network,UK,72351.27,Settled,26.6,47.3,1.97,14.25
TXN102137,2026-02-10,Citi,HSBC,Tokenised Deposit,Public Blockchain,US,484645.45,Settled,50.3,45.7,3.12,151.21
TXN102138,2026-03-03,HSBC,Barclays,Tokenised Deposit,Public Blockchain,MEA,57967.7,Settled,64.6,37.6,1.82,10.55
TXN102139,2026-03-01,Standard Chartered,BNY Mellon,Tokenised Bond,Permissioned Ledger,US,78839.29,Settled,5.8,40.7,4.44,35.0
TXN102140,2026-05-05,BNY Mellon,JPMorgan,Regulated Stablecoin,Public Blockchain,EU,20735.08,Settled,40.5,40.0,2.88,5.97
TXN102141,2026-04-21,JPMorgan,Standard Chartered,Regulated Stablecoin,Permissioned Ledger,US,31716.42,Settled,11.5,29.5,1.9,6.03
TXN102142,2026-01-14,Barclays,HSBC,Tokenised Equity,Permissioned Ledger,UK,24012.2,Pending,,38.3,2.04,4.9
TXN102143,2026-03-25,BNY Mellon,UBS,Tokenised Deposit,Hybrid Network,US,229188.61,Pending,,42.3,1.56,35.75
TXN102144,2026-05-10,Citi,UBS,Tokenised Equity,Permissioned Ledger,APAC,14909.04,Settled,4.4,34.3,2.0,2.98
TXN102145,2026-03-11,HSBC,Deutsche Bank,Tokenised Deposit,Permissioned Ledger,EU,60129.67,Settled,13.1,11.8,2.83,17.02
TXN102146,2026-05-25,Deutsche Bank,HSBC,Tokenised Equity,Permissioned Ledger,EU,22061.47,Pending,,42.0,3.89,8.58
TXN102147,2026-05-03,UBS,JPMorgan,Tokenised Deposit,Public Blockchain,US,15023.07,Settled,73.4,30.9,0.65,0.98
TXN102148,2026-03-30,Standard Chartered,Barclays,Tokenised Bond,Permissioned Ledger,APAC,53802.27,Settled,12.7,27.0,4.31,23.19
TXN102149,2026-01-28,UBS,JPMorgan,Tokenised Equity,Permissioned Ledger,APAC,143329.47,Settled,13.1,43.5,2.17,31.1
TXN102150,2026-03-07,HSBC,JPMorgan,Tokenised Deposit,Public Blockchain,MEA,281917.37,Settled,48.5,31.7,2.36,66.53
TXN102151,2026-06-12,Barclays,BNY Mellon,Tokenised Bond,Permissioned Ledger,EU,17677.12,Settled,10.3,37.0,2.64,4.67
TXN102152,2026-01-05,HSBC,Barclays,Tokenised Bond,Permissioned Ledger,EU,47587.36,Settled,10.4,50.5,2.94,13.99
TXN102153,2026-07-12,Citi,Deutsche Bank,Regulated Stablecoin,Permissioned Ledger,APAC,51919.45,Settled,8.3,64.8,1.79,9.29
TXN102154,2026-06-17,Barclays,UBS,Tokenised Deposit,Public Blockchain,EU,26592.42,Settled,65.4,36.4,4.19,11.14
TXN102155,2026-07-03,BNY Mellon,Standard Chartered,Tokenised Equity,Hybrid Network,EU,12910.75,Settled,39.4,53.5,1.09,1.41
TXN102156,2026-06-13,Barclays,BNY Mellon,Tokenised Bond,Permissioned Ledger,UK,227389.28,Settled,7.7,39.3,3.43,77.99
TXN102157,2026-02-14,Barclays,Citi,Tokenised Deposit,Public Blockchain,MEA,148987.34,Settled,42.0,32.8,1.3,19.37
TXN102158,2026-05-31,JPMorgan,Citi,Tokenised Deposit,Permissioned Ledger,UK,11502.38,Settled,9.4,47.5,0.85,0.98
TXN102159,2026-02-16,Barclays,Deutsche Bank,Tokenised Equity,Permissioned Ledger,APAC,34059.28,Settled,9.1,39.3,4.21,14.34
TXN102160,2026-01-31,JPMorgan,UBS,Tokenised Equity,Hybrid Network,MEA,34349.08,Settled,28.3,29.0,4.1,14.08
TXN102161,2026-05-19,Deutsche Bank,UBS,Regulated Stablecoin,Hybrid Network,UK,805934.93,Settled,1.0,29.8,3.35,269.99
TXN102162,2026-01-10,JPMorgan,BNY Mellon,Regulated Stablecoin,Permissioned Ledger,APAC,116116.79,Settled,4.9,18.5,1.75,20.32
TXN102163,2026-07-14,BNY Mellon,UBS,Tokenised Real Estate Fund,Hybrid Network,US,564557.44,Settled,37.3,37.2,1.1,62.1
TXN102164,2026-04-28,HSBC,JPMorgan,Regulated Stablecoin,Hybrid Network,APAC,112782.06,Settled,9.9,19.7,2.19,24.7
TXN102165,2026-01-14,Barclays,HSBC,Regulated Stablecoin,Permissioned Ledger,APAC,37025.73,Settled,9.9,40.0,1.66,6.15
TXN102166,2026-03-21,Standard Chartered,Citi,Tokenised Bond,Permissioned Ledger,EU,197729.31,Settled,11.4,56.6,4.31,85.22
TXN102167,2026-04-03,JPMorgan,Citi,Tokenised Deposit,Permissioned Ledger,APAC,16352.62,Settled,6.0,39.6,1.03,1.68
TXN102168,2026-01-10,BNY Mellon,Deutsche Bank,Tokenised Deposit,Permissioned Ledger,APAC,122672.14,Settled,7.2,14.8,2.85,34.96
TXN102169,2026-03-17,HSBC,UBS,Tokenised Deposit,Public Blockchain,UK,31297.36,Settled,96.7,68.0,3.24,10.14
TXN102170,2026-04-04,JPMorgan,BNY Mellon,Tokenised Deposit,Permissioned Ledger,UK,20019.96,Settled,12.9,55.2,1.13,2.26
TXN102171,2026-04-15,JPMorgan,HSBC,Tokenised Equity,Permissioned Ledger,US,65718.53,Settled,11.4,37.3,2.46,16.17
TXN102172,2026-01-01,JPMorgan,Standard Chartered,Regulated Stablecoin,Permissioned Ledger,MEA,48011.55,Settled,10.3,42.0,1.15,5.52
TXN102173,2026-05-13,JPMorgan,UBS,Regulated Stablecoin,Hybrid Network,EU,37232.44,Settled,27.5,32.8,3.08,11.47
TXN102174,2026-01-20,UBS,BNY Mellon,Tokenised Bond,Public Blockchain,EU,42287.07,Settled,70.6,14.4,1.53,6.47
TXN102175,2026-01-08,UBS,Standard Chartered,Regulated Stablecoin,Hybrid Network,APAC,157591.5,Settled,41.0,46.3,2.06,32.46
TXN102176,2026-06-20,BNY Mellon,Standard Chartered,Tokenised Deposit,Hybrid Network,US,186713.78,Pending,,23.8,2.06,38.46
TXN102177,2026-01-01,UBS,HSBC,Tokenised Real Estate Fund,Permissioned Ledger,MEA,86036.68,Settled,12.4,30.4,0.83,7.14
TXN102178,2026-02-26,Standard Chartered,HSBC,Tokenised Deposit,Permissioned Ledger,US,313655.91,Settled,7.0,44.7,2.34,73.4
TXN102179,2026-03-05,HSBC,Barclays,Tokenised Deposit,Permissioned Ledger,EU,144179.61,Settled,9.6,27.1,2.65,38.21
TXN102180,2026-04-28,Deutsche Bank,JPMorgan,Tokenised Deposit,Permissioned Ledger,US,65378.02,Settled,9.1,60.4,0.8,5.23
TXN102181,2026-01-28,Deutsche Bank,HSBC,Tokenised Equity,Public Blockchain,APAC,84614.19,Settled,56.6,38.0,1.97,16.67
TXN102182,2026-05-01,UBS,Barclays,Tokenised Deposit,Permissioned Ledger,UK,857535.47,Settled,6.9,37.4,2.83,242.68
TXN102183,2026-04-17,Barclays,Citi,Tokenised Equity,Public Blockchain,EU,93412.87,Settled,68.0,34.2,3.88,36.24
TXN102184,2026-06-14,JPMorgan,Barclays,Tokenised Real Estate Fund,Public Blockchain,UK,168563.15,Settled,62.5,26.6,1.9,32.03
TXN102185,2026-06-24,Deutsche Bank,JPMorgan,Tokenised Equity,Permissioned Ledger,MEA,32057.13,Settled,7.8,30.3,2.81,9.01
TXN102186,2026-06-14,JPMorgan,Standard Chartered,Tokenised Deposit,Public Blockchain,EU,31789.75,Settled,66.1,51.4,2.37,7.53
TXN102187,2026-02-18,JPMorgan,Citi,Tokenised Equity,Permissioned Ledger,US,35627.59,Settled,12.3,5.8,2.68,9.55
TXN102188,2026-04-30,JPMorgan,HSBC,Tokenised Deposit,Public Blockchain,EU,22204.13,Settled,89.0,13.8,1.79,3.97
TXN102189,2026-02-13,UBS,Deutsche Bank,Tokenised Deposit,Public Blockchain,MEA,77695.52,Settled,62.5,40.7,4.43,34.42
TXN102190,2026-02-25,BNY Mellon,HSBC,Tokenised Deposit,Permissioned Ledger,EU,190920.79,Settled,8.3,30.0,1.82,34.75
TXN102191,2026-06-05,Deutsche Bank,Barclays,Tokenised Bond,Permissioned Ledger,APAC,14713.33,Settled,5.8,33.4,2.38,3.5
TXN102192,2026-04-21,JPMorgan,Standard Chartered,Tokenised Equity,Permissioned Ledger,MEA,110564.22,Pending,,38.9,0.96,10.61
TXN102193,2026-05-14,HSBC,Standard Chartered,Tokenised Equity,Hybrid Network,UK,20178.86,Settled,27.3,24.2,1.69,3.41
TXN102194,2026-04-18,Barclays,Standard Chartered,Tokenised Real Estate Fund,Permissioned Ledger,EU,21733.11,Settled,9.2,54.2,1.38,3.0
TXN102195,2026-07-08,BNY Mellon,HSBC,Tokenised Equity,Permissioned Ledger,APAC,60749.76,Settled,4.4,40.0,3.22,19.56
TXN102196,2026-05-28,Citi,UBS,Tokenised Bond,Permissioned Ledger,US,17160.47,Settled,7.0,46.7,1.0,1.72
TXN102197,2026-04-24,JPMorgan,Barclays,Tokenised Bond,Permissioned Ledger,EU,128744.14,Settled,7.4,51.9,2.73,35.15
TXN102198,2026-03-19,Barclays,Deutsche Bank,Tokenised Deposit,Permissioned Ledger,EU,5017.12,Settled,7.4,18.5,4.2,2.11
TXN102199,2026-05-10,HSBC,Citi,Tokenised Deposit,Hybrid Network,US,48540.01,Settled,33.3,35.2,3.66,17.77
TXN102200,2026-02-06,HSBC,Deutsche Bank,Tokenised Deposit,Hybrid Network,UK,7344.74,Settled,36.1,50.6,3.9,2.86
TXN102201,2026-01-20,Citi,UBS,Tokenised Deposit,Permissioned Ledger,EU,14126.5,Settled,6.3,43.5,2.63,3.72
TXN102202,2026-01-26,BNY Mellon,Citi,Tokenised Deposit,Permissioned Ledger,UK,14747.61,Settled,10.2,34.6,4.21,6.21
TXN102203,2026-01-29,JPMorgan,HSBC,Tokenised Deposit,Public Blockchain,APAC,153359.36,Settled,102.6,37.8,2.75,42.17
TXN102204,2026-01-01,Citi,JPMorgan,Tokenised Deposit,Public Blockchain,EU,22285.15,Settled,87.0,48.7,2.2,4.9
TXN102205,2026-04-29,JPMorgan,UBS,Tokenised Deposit,Permissioned Ledger,UK,13953.05,Settled,8.7,33.9,2.1,2.93
TXN102206,2026-02-04,Standard Chartered,UBS,Tokenised Equity,Public Blockchain,APAC,20895.96,Settled,43.9,36.2,3.82,7.98
TXN102207,2026-07-17,BNY Mellon,Standard Chartered,Tokenised Deposit,Public Blockchain,UK,8169.08,Pending,,50.0,2.23,1.82
TXN102208,2026-02-28,Standard Chartered,Citi,Tokenised Deposit,Public Blockchain,US,80449.47,Settled,92.7,27.5,4.33,34.83
TXN102209,2026-03-10,Deutsche Bank,Standard Chartered,Tokenised Bond,Permissioned Ledger,APAC,5078.47,Settled,5.6,8.3,1.71,0.87
TXN102210,2026-06-10,Standard Chartered,Citi,Regulated Stablecoin,Hybrid Network,UK,367903.96,Settled,33.6,23.9,0.8,29.43
TXN102211,2026-06-28,HSBC,Barclays,Regulated Stablecoin,Hybrid Network,MEA,35187.11,Settled,1.0,40.6,2.87,10.1
TXN102212,2026-01-12,HSBC,Citi,Tokenised Bond,Hybrid Network,UK,83028.39,Settled,18.5,45.8,1.08,8.97
TXN102213,2026-01-20,Barclays,Standard Chartered,Tokenised Bond,Permissioned Ledger,APAC,11883.52,Settled,7.8,40.5,4.1,4.87
TXN102214,2026-06-30,HSBC,Barclays,Tokenised Real Estate Fund,Hybrid Network,APAC,14653.12,Settled,22.6,41.7,3.34,4.89
TXN102215,2026-02-12,Standard Chartered,BNY Mellon,Tokenised Bond,Permissioned Ledger,APAC,536335.4,Settled,11.6,25.2,3.0,160.9
TXN102216,2026-05-06,Deutsche Bank,Standard Chartered,Tokenised Deposit,Public Blockchain,EU,12983.64,Settled,57.0,29.5,2.32,3.01
TXN102217,2026-02-19,Deutsche Bank,JPMorgan,Tokenised Bond,Public Blockchain,APAC,202290.2,Settled,81.1,16.4,4.12,83.34
TXN102218,2026-01-29,Standard Chartered,Deutsche Bank,Tokenised Deposit,Public Blockchain,UK,4899.53,Settled,56.4,32.5,3.84,1.88
TXN102219,2026-07-04,Citi,BNY Mellon,Tokenised Deposit,Permissioned Ledger,MEA,21272.76,Settled,5.6,28.7,2.53,5.38
TXN102220,2026-02-08,Barclays,Standard Chartered,Tokenised Deposit,Public Blockchain,UK,96396.55,Settled,70.4,52.8,4.33,41.74
TXN102221,2026-07-03,HSBC,UBS,Tokenised Deposit,Public Blockchain,EU,26477.18,Settled,25.7,58.7,4.4,11.65
TXN102222,2026-06-20,Deutsche Bank,Barclays,Tokenised Deposit,Permissioned Ledger,UK,21419.91,Settled,3.6,53.7,3.05,6.53
TXN102223,2026-06-27,Standard Chartered,UBS,Tokenised Bond,Permissioned Ledger,UK,634365.58,Settled,9.2,25.4,3.6,228.37
TXN102224,2026-05-31,Barclays,Deutsche Bank,Regulated Stablecoin,Permissioned Ledger,UK,177774.83,Settled,7.6,28.0,4.2,74.67
TXN102225,2026-06-21,BNY Mellon,Citi,Tokenised Deposit,Permissioned Ledger,UK,217453.36,Settled,14.1,31.0,3.18,69.15
TXN102226,2026-02-07,Citi,Barclays,Tokenised Deposit,Permissioned Ledger,APAC,154329.85,Settled,10.4,20.3,3.46,53.4
TXN102227,2026-03-25,UBS,Citi,Tokenised Bond,Public Blockchain,EU,110154.32,Settled,65.5,61.0,1.15,12.67
TXN102228,2026-05-31,Citi,BNY Mellon,Tokenised Bond,Hybrid Network,UK,11752.1,Settled,28.2,45.7,1.05,1.23
TXN102229,2026-05-08,JPMorgan,UBS,Tokenised Deposit,Public Blockchain,UK,8768.98,Settled,70.1,41.4,3.89,3.41
TXN102230,2026-05-06,UBS,Deutsche Bank,Tokenised Deposit,Public Blockchain,APAC,101773.44,Settled,58.0,25.7,1.82,18.52
TXN102231,2026-02-14,Citi,Deutsche Bank,Tokenised Bond,Hybrid Network,EU,12175.63,Settled,27.3,22.9,2.91,3.54
TXN102232,2026-02-21,Standard Chartered,JPMorgan,Regulated Stablecoin,Permissioned Ledger,APAC,3950.49,Settled,7.9,30.7,0.64,0.25
TXN102233,2026-03-21,Barclays,Deutsche Bank,Tokenised Bond,Hybrid Network,US,70495.84,Settled,26.6,32.6,1.05,7.4
TXN102234,2026-06-27,HSBC,BNY Mellon,Regulated Stablecoin,Permissioned Ledger,APAC,82272.38,Settled,11.1,37.3,1.0,8.23
TXN102235,2026-05-04,Deutsche Bank,Standard Chartered,Tokenised Deposit,Hybrid Network,APAC,136687.38,Settled,35.2,36.2,3.31,45.24
TXN102236,2026-04-29,Deutsche Bank,Standard Chartered,Regulated Stablecoin,Public Blockchain,UK,19483.48,Settled,50.1,32.3,1.7,3.31
TXN102237,2026-01-08,HSBC,Barclays,Tokenised Real Estate Fund,Permissioned Ledger,MEA,60275.81,Settled,12.0,39.2,1.26,7.59
TXN102238,2026-03-26,Deutsche Bank,HSBC,Tokenised Equity,Public Blockchain,APAC,64844.46,Settled,53.8,38.9,1.35,8.75
TXN102239,2026-05-09,UBS,HSBC,Tokenised Deposit,Public Blockchain,UK,236091.62,Settled,58.5,31.3,2.83,66.81
TXN102240,2026-01-08,BNY Mellon,Barclays,Regulated Stablecoin,Hybrid Network,EU,12401.97,Settled,19.4,35.4,2.78,3.45
TXN102241,2026-06-06,UBS,BNY Mellon,Tokenised Bond,Permissioned Ledger,APAC,123873.58,Settled,10.5,55.9,1.08,13.38
TXN102242,2026-04-06,Standard Chartered,UBS,Tokenised Deposit,Public Blockchain,EU,82598.32,Settled,51.6,43.8,1.31,10.82
TXN102243,2026-04-12,UBS,Barclays,Regulated Stablecoin,Permissioned Ledger,APAC,182677.15,Settled,6.9,49.5,0.55,10.05
TXN102244,2026-01-05,Deutsche Bank,UBS,Tokenised Bond,Permissioned Ledger,MEA,32752.49,Pending,,41.4,0.52,1.7
TXN102245,2026-03-27,Deutsche Bank,Barclays,Tokenised Deposit,Public Blockchain,EU,30257.66,Settled,33.0,25.9,2.54,7.69
TXN102246,2026-06-24,Deutsche Bank,UBS,Tokenised Real Estate Fund,Permissioned Ledger,MEA,394395.21,Settled,11.9,22.1,3.51,138.43
TXN102247,2026-02-03,Citi,Barclays,Regulated Stablecoin,Permissioned Ledger,APAC,61132.47,Settled,9.5,22.3,2.86,17.48
TXN102248,2026-07-12,Deutsche Bank,Citi,Regulated Stablecoin,Permissioned Ledger,MEA,139834.42,Settled,10.0,28.7,4.03,56.35
TXN102249,2026-02-24,Barclays,Deutsche Bank,Tokenised Deposit,Permissioned Ledger,US,295851.81,Settled,4.9,29.2,3.73,110.35
TXN102250,2026-04-29,Standard Chartered,UBS,Tokenised Deposit,Permissioned Ledger,UK,17395.46,Settled,4.5,27.8,3.51,6.11
TXN102251,2026-06-20,Barclays,BNY Mellon,Tokenised Deposit,Permissioned Ledger,APAC,35931.22,Settled,8.6,51.6,4.0,14.37
TXN102252,2026-06-07,Barclays,Standard Chartered,Tokenised Real Estate Fund,Public Blockchain,US,137455.14,Settled,74.2,36.0,4.34,59.66
TXN102253,2026-04-24,JPMorgan,Standard Chartered,Tokenised Deposit,Hybrid Network,MEA,9037.84,Settled,35.6,42.3,2.08,1.88
TXN102254,2026-05-25,BNY Mellon,Deutsche Bank,Tokenised Deposit,Public Blockchain,MEA,22910.04,Settled,45.1,36.2,3.14,7.19
TXN102255,2026-01-26,UBS,Citi,Regulated Stablecoin,Permissioned Ledger,US,943838.84,Settled,14.5,51.8,1.71,161.4
TXN102256,2026-05-16,Deutsche Bank,HSBC,Regulated Stablecoin,Hybrid Network,APAC,38801.44,Settled,32.3,45.9,2.91,11.29
TXN102257,2026-02-16,Citi,Standard Chartered,Regulated Stablecoin,Permissioned Ledger,MEA,20137.8,Settled,2.2,43.9,1.88,3.79
TXN102258,2026-04-23,Barclays,Standard Chartered,Tokenised Deposit,Permissioned Ledger,UK,28438.04,Settled,3.2,30.9,4.16,11.83
TXN102259,2026-03-17,UBS,Standard Chartered,Tokenised Bond,Public Blockchain,APAC,149897.05,Settled,65.0,31.7,2.82,42.27
TXN102260,2026-03-13,Deutsche Bank,HSBC,Tokenised Equity,Public Blockchain,MEA,8492.12,Settled,62.1,40.0,3.83,3.25
TXN102261,2026-03-30,Deutsche Bank,Citi,Tokenised Deposit,Public Blockchain,MEA,91540.06,Settled,80.7,33.7,4.42,40.46
TXN102262,2026-02-15,Citi,Deutsche Bank,Tokenised Deposit,Hybrid Network,MEA,79343.36,Settled,26.2,44.8,1.8,14.28
TXN102263,2026-07-15,Deutsche Bank,Barclays,Regulated Stablecoin,Public Blockchain,APAC,41658.15,Settled,40.3,31.9,1.34,5.58
TXN102264,2026-02-02,JPMorgan,Standard Chartered,Regulated Stablecoin,Permissioned Ledger,MEA,14148.89,Settled,9.1,27.4,1.34,1.9
TXN102265,2026-01-01,UBS,Barclays,Regulated Stablecoin,Permissioned Ledger,APAC,218287.56,Settled,1.3,32.8,1.8,39.29
TXN102266,2026-05-27,Citi,HSBC,Tokenised Deposit,Public Blockchain,APAC,85653.14,Settled,36.0,37.7,4.35,37.26
TXN102267,2026-01-31,BNY Mellon,Deutsche Bank,Tokenised Deposit,Permissioned Ledger,EU,76318.14,Settled,10.7,32.5,3.42,26.1
TXN102268,2026-05-22,Citi,Deutsche Bank,Tokenised Deposit,Hybrid Network,APAC,93771.11,Settled,15.7,50.5,3.38,31.69
TXN102269,2026-02-22,JPMorgan,Barclays,Regulated Stablecoin,Public Blockchain,UK,169068.02,Settled,46.1,29.5,3.9,65.94
TXN102270,2026-02-17,HSBC,UBS,Tokenised Deposit,Public Blockchain,APAC,76660.0,Settled,48.9,36.7,2.53,19.39
TXN102271,2026-03-10,HSBC,Standard Chartered,Tokenised Deposit,Permissioned Ledger,EU,116684.38,Settled,8.5,22.8,3.16,36.87
TXN102272,2026-04-15,Standard Chartered,Barclays,Tokenised Real Estate Fund,Hybrid Network,EU,31171.51,Settled,28.1,49.4,3.4,10.6
TXN102273,2026-03-31,BNY Mellon,Deutsche Bank,Tokenised Real Estate Fund,Public Blockchain,APAC,144370.7,Settled,28.6,29.1,1.29,18.62
TXN102274,2026-07-09,UBS,JPMorgan,Tokenised Equity,Public Blockchain,EU,120689.11,Settled,53.3,49.0,1.96,23.66
TXN102275,2026-07-13,JPMorgan,Standard Chartered,Tokenised Deposit,Hybrid Network,APAC,301990.4,Settled,17.4,39.3,4.39,132.57
TXN102276,2026-07-11,Standard Chartered,JPMorgan,Tokenised Deposit,Public Blockchain,EU,75732.47,Settled,45.2,30.6,1.14,8.63
TXN102277,2026-07-17,Deutsche Bank,Standard Chartered,Tokenised Deposit,Hybrid Network,APAC,311924.98,Settled,25.7,9.2,2.84,88.59
TXN102278,2026-03-04,UBS,Citi,Tokenised Real Estate Fund,Public Blockchain,EU,187038.13,Settled,71.5,59.5,2.74,51.25
TXN102279,2026-03-14,Citi,Barclays,Tokenised Bond,Public Blockchain,EU,113182.25,Pending,,44.6,1.7,19.24
TXN102280,2026-06-10,Standard Chartered,Barclays,Tokenised Real Estate Fund,Permissioned Ledger,US,42190.47,Settled,6.0,19.7,1.7,7.17
TXN102281,2026-06-18,JPMorgan,Standard Chartered,Regulated Stablecoin,Permissioned Ledger,EU,143254.8,Settled,8.2,38.9,2.38,34.09
TXN102282,2026-03-30,Deutsche Bank,UBS,Tokenised Bond,Public Blockchain,UK,49194.17,Settled,83.2,32.1,3.67,18.05
TXN102283,2026-06-25,HSBC,UBS,Tokenised Deposit,Hybrid Network,APAC,105453.14,Settled,35.5,61.6,3.12,32.9
TXN102284,2026-01-13,Barclays,BNY Mellon,Tokenised Equity,Hybrid Network,UK,668665.18,Settled,28.1,23.9,2.04,136.41
TXN102285,2026-03-14,Barclays,BNY Mellon,Regulated Stablecoin,Hybrid Network,EU,359051.67,Settled,16.1,16.6,3.3,118.49
TXN102286,2026-03-18,Standard Chartered,Deutsche Bank,Tokenised Real Estate Fund,Permissioned Ledger,UK,62726.54,Settled,5.8,41.4,3.16,19.82
TXN102287,2026-06-08,Deutsche Bank,BNY Mellon,Tokenised Deposit,Permissioned Ledger,UK,27173.23,Settled,8.2,49.2,4.15,11.28
TXN102288,2026-03-09,HSBC,Citi,Tokenised Equity,Public Blockchain,MEA,43216.43,Settled,57.3,32.1,4.38,18.93
TXN102289,2026-04-08,HSBC,Citi,Regulated Stablecoin,Permissioned Ledger,MEA,110459.53,Settled,4.8,31.9,2.96,32.7
TXN102290,2026-05-05,HSBC,Barclays,Regulated Stablecoin,Permissioned Ledger,EU,5594.59,Settled,11.6,40.0,1.32,0.74
TXN102291,2026-04-12,Standard Chartered,Citi,Tokenised Deposit,Public Blockchain,APAC,162921.24,Settled,75.1,11.3,1.62,26.39
TXN102292,2026-05-12,Citi,BNY Mellon,Tokenised Real Estate Fund,Hybrid Network,APAC,27921.25,Settled,13.0,65.1,3.17,8.85
TXN102293,2026-04-12,Standard Chartered,UBS,Regulated Stablecoin,Permissioned Ledger,UK,30148.68,Settled,12.6,33.8,0.74,2.23
TXN102294,2026-01-19,UBS,HSBC,Regulated Stablecoin,Hybrid Network,APAC,67370.86,Settled,6.5,41.3,0.96,6.47
TXN102295,2026-07-17,Standard Chartered,HSBC,Regulated Stablecoin,Permissioned Ledger,UK,15173.42,Settled,5.5,18.4,1.3,1.97
TXN102296,2026-03-23,BNY Mellon,UBS,Tokenised Real Estate Fund,Public Blockchain,US,20548.5,Settled,54.3,29.3,3.94,8.1
TXN102297,2026-05-21,HSBC,JPMorgan,Tokenised Equity,Permissioned Ledger,APAC,70545.88,Settled,9.1,41.6,2.07,14.6
TXN102298,2026-01-23,Standard Chartered,BNY Mellon,Tokenised Equity,Permissioned Ledger,MEA,55495.15,Settled,2.5,49.5,2.68,14.87
TXN102299,2026-03-24,BNY Mellon,Standard Chartered,Tokenised Deposit,Permissioned Ledger,MEA,1660.36,Settled,6.0,44.8,2.24,0.37
TXN102300,2026-04-19,Citi,Deutsche Bank,Tokenised Real Estate Fund,Public Blockchain,US,63743.68,Settled,69.6,12.0,3.13,19.95
TXN102301,2026-03-16,UBS,JPMorgan,Tokenised Deposit,Permissioned Ledger,MEA,32102.06,Settled,2.6,41.4,4.44,14.25
TXN102302,2026-05-09,UBS,BNY Mellon,Tokenised Deposit,Permissioned Ledger,US,82553.48,Settled,8.0,13.7,3.01,24.85
TXN102303,2026-03-29,BNY Mellon,Citi,Tokenised Deposit,Permissioned Ledger,MEA,207077.4,Settled,9.3,34.5,2.07,42.87
TXN102304,2026-02-23,Citi,Deutsche Bank,Tokenised Bond,Permissioned Ledger,APAC,49310.51,Pending,,30.7,0.55,2.71
TXN102305,2026-07-18,HSBC,Citi,Tokenised Bond,Hybrid Network,EU,613092.02,Settled,27.6,16.3,2.61,160.02
TXN102306,2026-03-30,HSBC,BNY Mellon,Tokenised Bond,Permissioned Ledger,UK,901492.26,Settled,12.0,57.9,2.18,196.53
TXN102307,2026-05-23,Citi,Deutsche Bank,Regulated Stablecoin,Permissioned Ledger,US,93650.29,Settled,4.2,34.6,0.57,5.34
TXN102308,2026-03-06,JPMorgan,Standard Chartered,Regulated Stablecoin,Public Blockchain,MEA,9897.37,Settled,98.8,48.0,1.14,1.13
TXN102309,2026-03-17,Citi,BNY Mellon,Tokenised Deposit,Permissioned Ledger,APAC,53282.15,Settled,6.4,49.1,3.37,17.96
TXN102310,2026-07-18,Deutsche Bank,BNY Mellon,Tokenised Bond,Public Blockchain,MEA,18955.41,Settled,63.0,29.1,0.75,1.42
TXN102311,2026-05-23,Standard Chartered,Citi,Tokenised Deposit,Permissioned Ledger,UK,269274.48,Settled,13.2,26.3,4.0,107.71
TXN102312,2026-05-29,BNY Mellon,Standard Chartered,Tokenised Deposit,Permissioned Ledger,US,78191.59,Settled,6.4,51.5,1.39,10.87
TXN102313,2026-05-27,Standard Chartered,Deutsche Bank,Tokenised Deposit,Public Blockchain,MEA,69123.53,Settled,54.5,38.3,1.61,11.13
TXN102314,2026-03-01,Barclays,BNY Mellon,Tokenised Deposit,Hybrid Network,APAC,66755.82,Settled,21.5,48.8,4.08,27.24
TXN102315,2026-04-03,JPMorgan,Barclays,Tokenised Deposit,Public Blockchain,EU,19465.52,Settled,76.4,38.5,1.03,2.0
TXN102316,2026-06-10,Standard Chartered,JPMorgan,Tokenised Real Estate Fund,Permissioned Ledger,MEA,10558.91,Settled,7.6,55.6,2.37,2.5
TXN102317,2026-02-18,Barclays,Citi,Tokenised Deposit,Permissioned Ledger,MEA,174506.45,Settled,8.3,21.9,2.77,48.34
TXN102318,2026-02-04,Barclays,JPMorgan,Tokenised Real Estate Fund,Public Blockchain,US,79887.08,Settled,58.2,20.5,2.55,20.37
TXN102319,2026-06-21,BNY Mellon,Standard Chartered,Tokenised Deposit,Public Blockchain,UK,40293.43,Settled,49.4,40.6,4.01,16.16
TXN102320,2026-04-12,HSBC,Deutsche Bank,Tokenised Real Estate Fund,Permissioned Ledger,MEA,108709.75,Settled,6.9,58.0,3.11,33.81
TXN102321,2026-01-11,BNY Mellon,JPMorgan,Tokenised Deposit,Permissioned Ledger,US,30939.3,Settled,8.4,44.7,1.47,4.55
TXN102322,2026-04-09,Barclays,Citi,Tokenised Bond,Permissioned Ledger,UK,87995.41,Settled,8.5,31.6,1.1,9.68
TXN102323,2026-07-19,BNY Mellon,JPMorgan,Tokenised Equity,Permissioned Ledger,UK,473584.64,Settled,7.5,37.3,1.22,57.78
TXN102324,2026-04-20,Barclays,HSBC,Tokenised Real Estate Fund,Permissioned Ledger,UK,23565.34,Settled,10.0,25.4,3.49,8.22
TXN102325,2026-03-15,Deutsche Bank,Barclays,Tokenised Equity,Permissioned Ledger,MEA,58156.91,Settled,10.8,21.7,1.98,11.52
TXN102326,2026-07-13,UBS,Citi,Tokenised Deposit,Permissioned Ledger,UK,51032.95,Settled,6.0,47.4,1.62,8.27
TXN102327,2026-06-23,Standard Chartered,JPMorgan,Regulated Stablecoin,Public Blockchain,MEA,550397.58,Failed,,26.9,1.46,80.36
TXN102328,2026-01-09,BNY Mellon,Citi,Regulated Stablecoin,Hybrid Network,US,363154.34,Settled,39.3,27.9,1.01,36.68
TXN102329,2026-01-03,Barclays,UBS,Tokenised Deposit,Permissioned Ledger,UK,94868.43,Settled,7.0,20.4,2.86,27.13
TXN102330,2026-03-26,Standard Chartered,UBS,Regulated Stablecoin,Permissioned Ledger,APAC,4915.4,Settled,7.8,43.3,4.05,1.99
TXN102331,2026-01-26,Citi,BNY Mellon,Tokenised Equity,Permissioned Ledger,APAC,69265.13,Settled,13.7,30.8,3.47,24.04
TXN102332,2026-03-13,Barclays,Deutsche Bank,Tokenised Equity,Permissioned Ledger,MEA,122979.63,Settled,9.4,35.1,2.5,30.74
TXN102333,2026-02-17,BNY Mellon,JPMorgan,Tokenised Real Estate Fund,Permissioned Ledger,APAC,144214.79,Failed,,56.6,0.65,9.37
TXN102334,2026-07-13,Deutsche Bank,Standard Chartered,Tokenised Bond,Public Blockchain,EU,124013.61,Settled,60.5,47.5,2.8,34.72
TXN102335,2026-07-17,UBS,Citi,Regulated Stablecoin,Permissioned Ledger,UK,21363.95,Settled,4.1,29.0,3.86,8.25
TXN102336,2026-06-05,Citi,Standard Chartered,Tokenised Bond,Hybrid Network,US,69713.78,Failed,,21.1,2.04,14.22
TXN102337,2026-04-27,UBS,Standard Chartered,Regulated Stablecoin,Public Blockchain,US,66439.94,Settled,92.9,29.9,1.07,7.11
TXN102338,2026-06-03,UBS,HSBC,Tokenised Deposit,Permissioned Ledger,EU,155724.5,Settled,5.7,26.0,1.26,19.62
TXN102339,2026-06-02,Deutsche Bank,JPMorgan,Regulated Stablecoin,Permissioned Ledger,EU,11932.39,Settled,13.6,17.2,2.34,2.79
TXN102340,2026-01-12,JPMorgan,Deutsche Bank,Tokenised Bond,Permissioned Ledger,APAC,53665.92,Settled,10.4,31.2,3.07,16.48
TXN102341,2026-05-13,HSBC,Citi,Tokenised Real Estate Fund,Permissioned Ledger,EU,79011.99,Settled,6.9,45.7,2.16,17.07
TXN102342,2026-02-17,JPMorgan,UBS,Tokenised Bond,Hybrid Network,UK,55917.31,Pending,,32.5,1.15,6.43
TXN102343,2026-02-06,Barclays,UBS,Tokenised Deposit,Hybrid Network,UK,22136.9,Settled,19.4,17.4,4.01,8.88
TXN102344,2026-02-13,BNY Mellon,Deutsche Bank,Tokenised Equity,Hybrid Network,EU,99575.4,Settled,18.5,33.5,0.75,7.47
TXN102345,2026-01-15,BNY Mellon,JPMorgan,Tokenised Bond,Public Blockchain,MEA,23794.38,Settled,63.6,36.5,1.26,3.0
TXN102346,2026-02-12,HSBC,BNY Mellon,Tokenised Bond,Hybrid Network,EU,71518.89,Settled,24.5,41.1,0.56,4.01
TXN102347,2026-06-25,BNY Mellon,Barclays,Tokenised Real Estate Fund,Public Blockchain,UK,99965.1,Settled,52.3,31.0,2.25,22.49
TXN102348,2026-03-28,Citi,UBS,Tokenised Bond,Permissioned Ledger,EU,5567.19,Settled,4.3,20.0,1.34,0.75
TXN102349,2026-03-11,HSBC,Barclays,Tokenised Deposit,Public Blockchain,US,15438.84,Settled,39.8,33.3,1.99,3.07
TXN102350,2026-02-15,HSBC,Deutsche Bank,Regulated Stablecoin,Public Blockchain,EU,43581.49,Settled,90.2,53.0,4.34,18.91
TXN102351,2026-04-18,Barclays,Standard Chartered,Tokenised Deposit,Hybrid Network,US,180993.79,Settled,13.8,41.1,0.97,17.56
TXN102352,2026-05-03,BNY Mellon,UBS,Tokenised Bond,Permissioned Ledger,US,13897.12,Settled,7.1,13.1,2.46,3.42
TXN102353,2026-06-20,Citi,Barclays,Tokenised Deposit,Permissioned Ledger,US,94914.9,Settled,4.2,35.3,4.22,40.05
TXN102354,2026-01-21,Citi,BNY Mellon,Tokenised Deposit,Public Blockchain,EU,297434.96,Settled,43.7,32.3,2.13,63.35
TXN102355,2026-05-31,UBS,JPMorgan,Tokenised Bond,Hybrid Network,EU,193320.61,Settled,9.7,17.7,1.42,27.45
TXN102356,2026-04-17,JPMorgan,Standard Chartered,Tokenised Deposit,Permissioned Ledger,APAC,38433.75,Settled,7.5,41.6,0.76,2.92
TXN102357,2026-03-21,HSBC,UBS,Tokenised Bond,Permissioned Ledger,MEA,216386.2,Settled,5.9,49.0,2.22,48.04
TXN102358,2026-02-16,Standard Chartered,Barclays,Tokenised Bond,Hybrid Network,UK,180661.17,Settled,16.3,37.8,1.9,34.33
TXN102359,2026-04-27,Citi,JPMorgan,Tokenised Equity,Hybrid Network,APAC,30372.91,Settled,22.9,24.4,1.94,5.89
TXN102360,2026-05-04,UBS,Citi,Tokenised Deposit,Hybrid Network,MEA,29497.33,Settled,29.9,29.0,4.19,12.36
TXN102361,2026-05-23,Citi,HSBC,Regulated Stablecoin,Public Blockchain,MEA,174502.56,Settled,65.5,38.9,0.61,10.64
TXN102362,2026-01-25,Citi,HSBC,Tokenised Real Estate Fund,Permissioned Ledger,MEA,20007.92,Failed,,28.3,1.65,3.3
TXN102363,2026-02-05,UBS,Standard Chartered,Tokenised Bond,Public Blockchain,APAC,62045.99,Settled,69.1,57.9,3.1,19.23
TXN102364,2026-02-20,Deutsche Bank,BNY Mellon,Tokenised Equity,Permissioned Ledger,EU,1044390.95,Pending,,15.2,4.49,468.93
TXN102365,2026-01-15,Barclays,Deutsche Bank,Regulated Stablecoin,Permissioned Ledger,UK,133500.03,Settled,7.9,48.0,3.79,50.6
TXN102366,2026-03-09,Citi,UBS,Tokenised Equity,Hybrid Network,EU,40970.02,Settled,34.9,39.0,3.45,14.13
TXN102367,2026-01-21,UBS,Citi,Tokenised Deposit,Public Blockchain,EU,123596.16,Settled,58.4,39.1,1.82,22.49
TXN102368,2026-05-21,UBS,Barclays,Tokenised Bond,Permissioned Ledger,US,33868.22,Settled,11.8,61.2,3.55,12.02
TXN102369,2026-01-19,Citi,UBS,Tokenised Deposit,Hybrid Network,UK,27659.74,Failed,,24.8,2.24,6.2
TXN102370,2026-02-03,JPMorgan,UBS,Regulated Stablecoin,Permissioned Ledger,UK,233268.88,Settled,13.7,60.1,2.51,58.55
TXN102371,2026-03-19,BNY Mellon,Deutsche Bank,Tokenised Deposit,Hybrid Network,US,261747.96,Settled,33.3,34.2,2.51,65.7
TXN102372,2026-05-05,BNY Mellon,Barclays,Tokenised Deposit,Permissioned Ledger,APAC,9936.66,Settled,3.2,60.7,1.54,1.53
TXN102373,2026-07-15,Citi,BNY Mellon,Tokenised Deposit,Permissioned Ledger,EU,30099.62,Settled,8.8,32.8,3.98,11.98
TXN102374,2026-04-27,Deutsche Bank,UBS,Tokenised Deposit,Hybrid Network,MEA,49351.19,Settled,15.6,46.8,3.62,17.87
TXN102375,2026-02-21,Barclays,HSBC,Tokenised Real Estate Fund,Public Blockchain,UK,6046.04,Settled,59.4,26.4,2.44,1.48
TXN102376,2026-01-27,UBS,HSBC,Tokenised Deposit,Hybrid Network,EU,251230.5,Settled,24.7,39.5,0.75,18.84
TXN102377,2026-06-06,JPMorgan,Barclays,Tokenised Deposit,Hybrid Network,MEA,91775.0,Settled,22.9,45.2,1.29,11.84
TXN102378,2026-06-05,HSBC,Standard Chartered,Regulated Stablecoin,Public Blockchain,UK,11695.95,Settled,59.1,4.5,4.06,4.75
TXN102379,2026-02-04,Barclays,Citi,Tokenised Deposit,Hybrid Network,US,48443.66,Settled,25.5,28.6,1.44,6.98
TXN102380,2026-05-16,JPMorgan,Deutsche Bank,Tokenised Deposit,Permissioned Ledger,US,63132.41,Settled,8.0,47.2,2.8,17.68
TXN102381,2026-05-24,UBS,Standard Chartered,Tokenised Bond,Public Blockchain,US,60924.85,Settled,72.4,68.9,0.59,3.59
TXN102382,2026-04-16,Standard Chartered,Deutsche Bank,Tokenised Real Estate Fund,Public Blockchain,MEA,245344.7,Settled,83.6,32.2,1.77,43.43
TXN102383,2026-06-13,JPMorgan,Deutsche Bank,Tokenised Bond,Permissioned Ledger,APAC,927150.4,Settled,8.9,42.1,4.48,415.36
TXN102384,2026-06-07,Standard Chartered,Citi,Tokenised Deposit,Hybrid Network,EU,7976.12,Settled,34.3,33.4,2.78,2.22
TXN102385,2026-05-26,JPMorgan,Citi,Tokenised Deposit,Public Blockchain,EU,74483.19,Settled,47.7,16.2,2.04,15.19
TXN102386,2026-01-02,HSBC,Barclays,Tokenised Equity,Public Blockchain,APAC,76315.55,Settled,38.3,30.5,3.09,23.58
TXN102387,2026-06-26,Deutsche Bank,Citi,Tokenised Deposit,Permissioned Ledger,EU,23274.57,Settled,7.8,38.8,3.09,7.19
TXN102388,2026-03-18,Citi,Barclays,Regulated Stablecoin,Public Blockchain,MEA,876837.57,Settled,55.9,39.9,0.75,65.76
TXN102389,2026-05-12,JPMorgan,Barclays,Tokenised Bond,Permissioned Ledger,EU,319510.62,Failed,,42.2,1.57,50.16
TXN102390,2026-03-31,Barclays,JPMorgan,Tokenised Deposit,Hybrid Network,MEA,32343.82,Settled,40.5,44.5,4.4,14.23
TXN102391,2026-03-30,BNY Mellon,Deutsche Bank,Tokenised Real Estate Fund,Permissioned Ledger,EU,101287.61,Settled,10.4,27.6,3.47,35.15
TXN102392,2026-04-04,JPMorgan,BNY Mellon,Tokenised Deposit,Hybrid Network,APAC,25259.74,Failed,,31.4,1.27,3.21
TXN102393,2026-01-07,UBS,HSBC,Regulated Stablecoin,Permissioned Ledger,EU,21247.94,Settled,10.1,27.4,2.33,4.95
TXN102394,2026-04-05,Standard Chartered,UBS,Tokenised Deposit,Permissioned Ledger,UK,78958.87,Settled,6.3,47.1,3.54,27.95
TXN102395,2026-04-18,Deutsche Bank,Citi,Tokenised Deposit,Public Blockchain,US,323173.16,Settled,89.1,44.2,1.83,59.14
TXN102396,2026-03-15,Standard Chartered,UBS,Regulated Stablecoin,Hybrid Network,US,619642.41,Settled,23.4,34.0,3.78,234.22
TXN102397,2026-02-08,Citi,Barclays,Regulated Stablecoin,Permissioned Ledger,APAC,99387.41,Settled,3.2,21.8,2.23,22.16
TXN102398,2026-05-21,Standard Chartered,Citi,Regulated Stablecoin,Public Blockchain,US,63183.69,Settled,57.0,17.5,3.77,23.82
TXN102399,2026-06-08,JPMorgan,BNY Mellon,Tokenised Bond,Hybrid Network,US,3174.16,Settled,48.9,32.6,1.66,0.53
TXN102400,2026-03-12,Barclays,Citi,Tokenised Equity,Public Blockchain,APAC,11810.07,Settled,78.3,22.2,3.29,3.89
TXN102401,2026-07-10,JPMorgan,Standard Chartered,Tokenised Bond,Public Blockchain,US,11792.92,Settled,44.8,49.6,2.26,2.67
TXN102402,2026-02-25,Barclays,Citi,Tokenised Deposit,Permissioned Ledger,US,75394.26,Settled,8.0,17.8,2.53,19.07
TXN102403,2026-06-19,JPMorgan,HSBC,Tokenised Deposit,Hybrid Network,US,55714.09,Pending,,27.7,2.34,13.04
TXN102404,2026-07-08,JPMorgan,HSBC,Tokenised Deposit,Hybrid Network,UK,50299.17,Settled,1.0,40.4,3.57,17.96
TXN102405,2026-02-11,BNY Mellon,Deutsche Bank,Regulated Stablecoin,Public Blockchain,APAC,7157.22,Settled,35.7,46.4,1.93,1.38
TXN102406,2026-07-03,JPMorgan,HSBC,Tokenised Real Estate Fund,Permissioned Ledger,US,29057.75,Settled,6.1,41.9,2.49,7.24
TXN102407,2026-02-05,Deutsche Bank,UBS,Tokenised Equity,Permissioned Ledger,EU,15174.35,Settled,6.8,26.5,0.97,1.47
TXN102408,2026-03-25,Standard Chartered,Deutsche Bank,Tokenised Bond,Public Blockchain,MEA,3193.49,Settled,63.4,44.6,2.53,0.81
TXN102409,2026-07-15,Barclays,UBS,Tokenised Real Estate Fund,Hybrid Network,UK,455578.53,Settled,36.7,36.7,3.43,156.26
TXN102410,2026-04-28,HSBC,BNY Mellon,Tokenised Deposit,Permissioned Ledger,MEA,23337.25,Settled,5.6,28.3,2.79,6.51
TXN102411,2026-01-07,UBS,JPMorgan,Tokenised Equity,Public Blockchain,EU,78751.26,Settled,50.4,23.7,4.38,34.49
TXN102412,2026-02-23,Standard Chartered,Deutsche Bank,Tokenised Equity,Permissioned Ledger,MEA,3346.33,Settled,7.5,47.3,3.61,1.21
TXN102413,2026-05-09,BNY Mellon,Citi,Tokenised Equity,Permissioned Ledger,MEA,12773.19,Settled,5.7,50.8,2.24,2.86
TXN102414,2026-06-21,HSBC,Deutsche Bank,Regulated Stablecoin,Hybrid Network,EU,96486.74,Settled,27.8,41.3,0.81,7.82
TXN102415,2026-04-30,Citi,Barclays,Tokenised Real Estate Fund,Permissioned Ledger,UK,86042.79,Settled,12.6,23.2,1.95,16.78
TXN102416,2026-06-22,HSBC,Barclays,Regulated Stablecoin,Public Blockchain,EU,26723.45,Settled,45.0,39.1,4.12,11.01
TXN102417,2026-04-16,Barclays,Deutsche Bank,Tokenised Real Estate Fund,Permissioned Ledger,UK,8634.38,Settled,6.8,33.1,2.05,1.77
TXN102418,2026-02-16,Standard Chartered,BNY Mellon,Regulated Stablecoin,Public Blockchain,APAC,24953.76,Settled,80.5,30.1,3.36,8.38
TXN102419,2026-05-03,JPMorgan,HSBC,Tokenised Bond,Public Blockchain,APAC,67776.45,Settled,61.0,30.7,1.18,8.0
TXN102420,2026-05-21,UBS,Citi,Tokenised Deposit,Hybrid Network,MEA,34745.8,Pending,,29.6,2.17,7.54
TXN102421,2026-04-29,Citi,JPMorgan,Tokenised Deposit,Permissioned Ledger,MEA,46117.97,Pending,,37.4,2.35,10.84
TXN102422,2026-05-30,Standard Chartered,Citi,Tokenised Real Estate Fund,Permissioned Ledger,US,64373.78,Settled,10.0,9.1,2.3,14.81
TXN102423,2026-04-28,HSBC,JPMorgan,Tokenised Bond,Hybrid Network,EU,445803.49,Settled,1.0,35.7,3.54,157.81
TXN102424,2026-01-21,HSBC,JPMorgan,Regulated Stablecoin,Permissioned Ledger,EU,6206.68,Settled,4.7,57.6,2.23,1.38
TXN102425,2026-05-17,BNY Mellon,JPMorgan,Tokenised Deposit,Public Blockchain,US,21234.92,Settled,75.1,40.9,1.46,3.1
TXN102426,2026-01-26,JPMorgan,Deutsche Bank,Tokenised Deposit,Public Blockchain,MEA,25056.34,Settled,78.2,59.8,4.16,10.42
TXN102427,2026-01-09,Barclays,Standard Chartered,Tokenised Bond,Public Blockchain,MEA,76268.14,Settled,56.7,29.7,1.09,8.31
TXN102428,2026-01-15,Deutsche Bank,Citi,Tokenised Deposit,Hybrid Network,MEA,35609.0,Settled,46.2,36.3,4.13,14.71
TXN102429,2026-01-10,JPMorgan,HSBC,Tokenised Deposit,Public Blockchain,UK,13211.66,Settled,63.1,42.9,3.89,5.14
TXN102430,2026-05-02,JPMorgan,HSBC,Tokenised Deposit,Public Blockchain,APAC,28457.51,Settled,53.8,41.2,0.92,2.62
TXN102431,2026-05-01,JPMorgan,Deutsche Bank,Tokenised Bond,Permissioned Ledger,US,34349.79,Settled,11.4,41.4,4.05,13.91
TXN102432,2026-05-05,Deutsche Bank,HSBC,Tokenised Deposit,Hybrid Network,EU,575170.13,Settled,29.7,16.7,3.6,207.06
TXN102433,2026-06-19,Citi,JPMorgan,Regulated Stablecoin,Permissioned Ledger,US,294973.26,Settled,6.5,24.5,1.71,50.44
TXN102434,2026-03-13,UBS,Barclays,Tokenised Deposit,Public Blockchain,US,49359.13,Settled,62.6,60.2,3.2,15.79
TXN102435,2026-06-01,BNY Mellon,Deutsche Bank,Regulated Stablecoin,Public Blockchain,MEA,12786.16,Settled,110.1,31.8,4.24,5.42
TXN102436,2026-02-18,JPMorgan,Deutsche Bank,Tokenised Deposit,Permissioned Ledger,MEA,119715.17,Failed,,38.4,3.33,39.87
TXN102437,2026-06-03,Citi,UBS,Tokenised Equity,Permissioned Ledger,EU,36932.26,Settled,9.3,37.6,4.42,16.32
TXN102438,2026-04-01,Deutsche Bank,HSBC,Tokenised Deposit,Permissioned Ledger,EU,90979.16,Settled,5.7,44.3,1.91,17.38
TXN102439,2026-02-06,BNY Mellon,Citi,Tokenised Real Estate Fund,Public Blockchain,MEA,27792.73,Settled,82.5,28.3,2.14,5.95
TXN102440,2026-03-09,HSBC,BNY Mellon,Regulated Stablecoin,Public Blockchain,APAC,27672.93,Settled,52.0,17.2,2.96,8.19
TXN102441,2026-02-19,Citi,Standard Chartered,Tokenised Deposit,Permissioned Ledger,APAC,147384.16,Settled,10.3,29.5,1.25,18.42
TXN102442,2026-06-01,Citi,UBS,Tokenised Bond,Public Blockchain,MEA,387881.55,Settled,23.4,49.8,1.49,57.79
TXN102443,2026-01-19,HSBC,Barclays,Tokenised Equity,Permissioned Ledger,APAC,16117.22,Settled,5.6,27.2,3.9,6.29
TXN102444,2026-04-10,Citi,JPMorgan,Tokenised Deposit,Permissioned Ledger,EU,936183.88,Settled,9.5,20.2,2.4,224.68
TXN102445,2026-03-01,UBS,Citi,Tokenised Deposit,Permissioned Ledger,US,16924.75,Settled,8.5,35.2,2.86,4.84
TXN102446,2026-06-16,Standard Chartered,HSBC,Tokenised Equity,Permissioned Ledger,EU,12832.14,Settled,9.4,47.4,3.87,4.97
TXN102447,2026-03-30,Citi,JPMorgan,Tokenised Deposit,Public Blockchain,MEA,2892.84,Pending,,46.2,3.34,0.97
TXN102448,2026-05-26,Citi,UBS,Tokenised Equity,Public Blockchain,MEA,40022.84,Settled,40.5,57.0,0.81,3.24
TXN102449,2026-05-27,Deutsche Bank,UBS,Tokenised Deposit,Hybrid Network,US,14692.56,Settled,22.0,26.5,0.83,1.22
TXN102450,2026-06-13,Citi,Standard Chartered,Tokenised Equity,Hybrid Network,UK,119721.53,Settled,12.4,37.7,4.31,51.6
TXN102451,2026-07-02,BNY Mellon,UBS,Tokenised Bond,Hybrid Network,APAC,1795.93,Settled,31.8,34.7,4.47,0.8
TXN102452,2026-03-10,JPMorgan,Deutsche Bank,Tokenised Bond,Permissioned Ledger,UK,169199.18,Settled,5.9,19.6,3.1,52.45
TXN102453,2026-06-24,JPMorgan,Standard Chartered,Regulated Stablecoin,Permissioned Ledger,MEA,40306.93,Settled,4.1,27.8,1.85,7.46
TXN102454,2026-02-18,BNY Mellon,Standard Chartered,Tokenised Real Estate Fund,Hybrid Network,MEA,23074.87,Settled,16.1,32.7,0.8,1.85
TXN102455,2026-04-18,HSBC,BNY Mellon,Tokenised Equity,Public Blockchain,MEA,14541.82,Settled,73.7,45.6,0.52,0.76
TXN102456,2026-06-10,UBS,HSBC,Tokenised Deposit,Public Blockchain,APAC,562089.27,Settled,1.0,44.3,3.48,195.61
TXN102457,2026-04-29,JPMorgan,Citi,Tokenised Deposit,Public Blockchain,EU,48670.77,Settled,74.7,32.9,2.77,13.48
TXN102458,2026-05-29,JPMorgan,Barclays,Tokenised Deposit,Permissioned Ledger,APAC,218530.9,Settled,7.2,36.4,3.99,87.19
TXN102459,2026-05-30,Barclays,Standard Chartered,Tokenised Deposit,Hybrid Network,US,32101.91,Settled,15.0,55.2,2.1,6.74
TXN102460,2026-06-25,Standard Chartered,Deutsche Bank,Tokenised Equity,Permissioned Ledger,UK,393748.78,Settled,9.5,54.9,3.66,144.11
TXN102461,2026-02-06,UBS,Barclays,Tokenised Real Estate Fund,Permissioned Ledger,UK,400225.57,Settled,9.9,38.6,0.52,20.81
TXN102462,2026-05-23,BNY Mellon,Deutsche Bank,Tokenised Equity,Public Blockchain,APAC,47098.7,Settled,65.4,35.2,3.32,15.64
TXN102463,2026-06-12,Deutsche Bank,Citi,Tokenised Bond,Permissioned Ledger,US,32717.62,Settled,8.3,48.6,1.48,4.84
TXN102464,2026-07-18,HSBC,Deutsche Bank,Tokenised Deposit,Hybrid Network,APAC,19556.06,Settled,38.5,32.5,3.96,7.74
TXN102465,2026-06-09,Standard Chartered,JPMorgan,Tokenised Equity,Hybrid Network,APAC,36356.24,Settled,52.3,17.2,2.68,9.74
TXN102466,2026-01-11,BNY Mellon,JPMorgan,Tokenised Deposit,Permissioned Ledger,UK,541858.52,Settled,7.7,26.8,0.69,37.39
TXN102467,2026-05-18,Deutsche Bank,BNY Mellon,Regulated Stablecoin,Public Blockchain,APAC,10183.39,Pending,,38.5,3.86,3.93
TXN102468,2026-03-19,JPMorgan,UBS,Tokenised Bond,Hybrid Network,EU,57271.21,Settled,17.5,40.0,2.91,16.67
TXN102469,2026-03-18,Citi,BNY Mellon,Tokenised Deposit,Permissioned Ledger,MEA,20480.46,Settled,7.8,33.9,3.67,7.52
TXN102470,2026-07-04,Barclays,Citi,Tokenised Bond,Permissioned Ledger,APAC,3830.71,Settled,7.2,48.1,3.36,1.29
TXN102471,2026-06-02,UBS,Standard Chartered,Tokenised Equity,Hybrid Network,MEA,26845.01,Settled,29.2,22.9,3.59,9.64
TXN102472,2026-01-02,HSBC,Standard Chartered,Tokenised Deposit,Public Blockchain,MEA,51267.13,Settled,75.7,31.8,1.81,9.28
TXN102473,2026-03-05,HSBC,UBS,Tokenised Bond,Permissioned Ledger,MEA,628822.05,Settled,11.1,40.3,0.58,36.47
TXN102474,2026-02-04,HSBC,JPMorgan,Tokenised Deposit,Permissioned Ledger,MEA,77609.09,Settled,8.4,38.1,1.87,14.51
TXN102475,2026-01-07,HSBC,Citi,Tokenised Deposit,Permissioned Ledger,UK,7848.28,Settled,7.5,40.0,3.4,2.67
TXN102476,2026-03-26,Deutsche Bank,HSBC,Regulated Stablecoin,Permissioned Ledger,EU,26741.06,Settled,9.2,30.9,1.49,3.98
TXN102477,2026-05-26,Barclays,JPMorgan,Tokenised Equity,Permissioned Ledger,MEA,40350.86,Settled,5.9,32.8,1.38,5.57
TXN102478,2026-03-08,Deutsche Bank,JPMorgan,Tokenised Deposit,Hybrid Network,EU,73730.4,Settled,17.4,35.9,1.98,14.6
TXN102479,2026-02-11,JPMorgan,HSBC,Tokenised Equity,Permissioned Ledger,EU,10126.32,Settled,2.5,56.0,0.73,0.74
TXN102480,2026-04-28,Citi,JPMorgan,Tokenised Real Estate Fund,Hybrid Network,MEA,146287.73,Pending,,35.2,4.13,60.42
TXN102481,2026-05-05,Barclays,Citi,Tokenised Deposit,Hybrid Network,MEA,10674.73,Settled,25.4,65.9,1.69,1.8
TXN102482,2026-06-16,UBS,BNY Mellon,Tokenised Equity,Hybrid Network,MEA,52782.68,Settled,15.1,42.8,0.97,5.12
TXN102483,2026-06-18,Citi,UBS,Tokenised Deposit,Permissioned Ledger,MEA,22913.59,Settled,8.4,42.3,4.11,9.42
TXN102484,2026-01-24,Deutsche Bank,UBS,Tokenised Deposit,Public Blockchain,UK,129422.31,Settled,45.0,48.3,1.5,19.41
TXN102485,2026-07-07,Barclays,Deutsche Bank,Tokenised Deposit,Hybrid Network,US,1218989.68,Settled,45.4,53.1,3.15,383.98
TXN102486,2026-02-15,Citi,Barclays,Regulated Stablecoin,Public Blockchain,APAC,272154.18,Settled,64.8,35.7,3.06,83.28
TXN102487,2026-01-19,BNY Mellon,Standard Chartered,Tokenised Deposit,Permissioned Ledger,EU,175983.78,Settled,3.9,42.4,3.25,57.19
TXN102488,2026-03-09,BNY Mellon,Deutsche Bank,Tokenised Equity,Permissioned Ledger,EU,53743.91,Failed,,30.2,3.37,18.11
TXN102489,2026-04-12,HSBC,UBS,Tokenised Deposit,Permissioned Ledger,MEA,73840.08,Settled,11.3,51.7,2.72,20.08
TXN102490,2026-02-11,Standard Chartered,HSBC,Tokenised Deposit,Public Blockchain,EU,22208.0,Settled,67.8,42.0,3.14,6.97
TXN102491,2026-02-01,JPMorgan,BNY Mellon,Regulated Stablecoin,Permissioned Ledger,UK,31934.23,Settled,9.5,42.6,2.29,7.31
TXN102492,2026-06-16,BNY Mellon,UBS,Tokenised Deposit,Public Blockchain,EU,68645.3,Settled,47.3,38.1,3.65,25.06
TXN102493,2026-04-19,UBS,BNY Mellon,Tokenised Deposit,Permissioned Ledger,APAC,82497.04,Settled,9.4,35.4,3.07,25.33
TXN102494,2026-02-05,Standard Chartered,HSBC,Tokenised Deposit,Permissioned Ledger,US,8355.19,Settled,9.2,32.9,4.47,3.73
TXN102495,2026-04-07,Citi,UBS,Tokenised Deposit,Public Blockchain,UK,64823.72,Settled,58.9,32.9,3.77,24.44
TXN102496,2026-06-13,Deutsche Bank,BNY Mellon,Tokenised Deposit,Public Blockchain,EU,130592.63,Settled,57.8,52.3,3.12,40.74
TXN102497,2026-05-11,Barclays,BNY Mellon,Tokenised Deposit,Public Blockchain,MEA,35027.48,Settled,56.4,21.0,2.54,8.9
TXN102498,2026-03-14,HSBC,UBS,Tokenised Bond,Hybrid Network,EU,247776.66,Settled,31.0,49.2,1.09,27.01
TXN102499,2026-05-16,HSBC,JPMorgan,Tokenised Deposit,Hybrid Network,EU,10136.31,Settled,19.8,48.2,3.32,3.37
TXN102500,2026-04-07,JPMorgan,BNY Mellon,Regulated Stablecoin,Hybrid Network,US,50396.42,Settled,17.7,43.2,4.07,20.51
TXN102501,2026-05-03,BNY Mellon,JPMorgan,Tokenised Deposit,Public Blockchain,MEA,125851.57,Settled,76.5,51.0,4.49,56.51
TXN102502,2026-03-11,HSBC,JPMorgan,Tokenised Equity,Permissioned Ledger,US,35968.84,Settled,5.5,38.2,4.38,15.75
TXN102503,2026-06-18,HSBC,Deutsche Bank,Tokenised Equity,Hybrid Network,US,29736.95,Settled,31.2,67.7,2.13,6.33
TXN102504,2026-07-15,JPMorgan,Citi,Tokenised Equity,Permissioned Ledger,EU,32879.22,Settled,3.1,28.1,3.11,10.23
TXN102505,2026-01-13,UBS,Deutsche Bank,Tokenised Equity,Permissioned Ledger,MEA,12555.6,Settled,6.1,45.0,0.67,0.84
TXN102506,2026-02-18,Citi,Deutsche Bank,Tokenised Deposit,Permissioned Ledger,UK,39313.83,Settled,9.5,61.2,4.01,15.76
TXN102507,2026-03-01,JPMorgan,UBS,Tokenised Bond,Permissioned Ledger,EU,23906.59,Settled,7.7,26.3,3.64,8.7
TXN102508,2026-05-10,Deutsche Bank,UBS,Tokenised Deposit,Public Blockchain,US,16244.93,Settled,40.6,12.0,3.45,5.6
TXN102509,2026-07-07,UBS,BNY Mellon,Regulated Stablecoin,Public Blockchain,APAC,20318.4,Settled,49.5,37.7,2.03,4.12
TXN102510,2026-01-05,HSBC,Citi,Tokenised Bond,Hybrid Network,US,418123.4,Settled,23.8,37.7,3.6,150.52
TXN102511,2026-06-21,Standard Chartered,Barclays,Tokenised Deposit,Permissioned Ledger,EU,84377.86,Settled,2.0,47.2,0.68,5.74
TXN102512,2026-01-27,UBS,Barclays,Tokenised Bond,Permissioned Ledger,MEA,29189.65,Settled,12.3,26.0,3.07,8.96
TXN102513,2026-06-09,HSBC,BNY Mellon,Regulated Stablecoin,Public Blockchain,MEA,404033.61,Settled,73.8,39.2,4.47,180.6
TXN102514,2026-05-29,HSBC,JPMorgan,Regulated Stablecoin,Hybrid Network,EU,73311.85,Pending,,32.7,1.44,10.56
TXN102515,2026-01-08,Barclays,BNY Mellon,Tokenised Real Estate Fund,Permissioned Ledger,EU,35181.54,Settled,4.6,53.0,4.33,15.23
TXN102516,2026-07-19,HSBC,Barclays,Tokenised Equity,Permissioned Ledger,US,36342.24,Settled,4.3,37.9,4.35,15.81
TXN102517,2026-02-19,HSBC,Deutsche Bank,Tokenised Deposit,Public Blockchain,APAC,24707.91,Settled,28.5,36.8,2.11,5.21
TXN102518,2026-03-08,HSBC,BNY Mellon,Tokenised Bond,Hybrid Network,MEA,121294.95,Settled,30.5,39.7,1.8,21.83
TXN102519,2026-02-13,Standard Chartered,BNY Mellon,Tokenised Bond,Permissioned Ledger,MEA,357806.1,Settled,9.0,36.6,2.31,82.65
TXN102520,2026-05-05,Barclays,Citi,Tokenised Real Estate Fund,Hybrid Network,UK,18102.35,Settled,25.4,60.4,0.85,1.54
TXN102521,2026-02-27,BNY Mellon,Barclays,Tokenised Bond,Hybrid Network,UK,14866.36,Settled,3.2,51.7,1.09,1.62
TXN102522,2026-01-03,UBS,Deutsche Bank,Tokenised Deposit,Permissioned Ledger,APAC,27646.71,Settled,4.6,14.1,1.6,4.42
TXN102523,2026-03-27,Deutsche Bank,Standard Chartered,Tokenised Equity,Permissioned Ledger,APAC,96053.4,Settled,4.7,46.8,0.58,5.57
TXN102524,2026-03-11,Deutsche Bank,JPMorgan,Tokenised Deposit,Permissioned Ledger,US,558052.01,Settled,7.4,23.6,1.42,79.24
TXN102525,2026-05-10,UBS,Standard Chartered,Tokenised Equity,Permissioned Ledger,EU,27877.62,Settled,6.1,33.6,1.9,5.3
TXN102526,2026-06-21,Standard Chartered,BNY Mellon,Regulated Stablecoin,Public Blockchain,EU,28657.99,Settled,57.8,43.4,4.33,12.41
TXN102527,2026-01-02,HSBC,Standard Chartered,Regulated Stablecoin,Permissioned Ledger,EU,75662.3,Failed,,39.1,1.27,9.61
TXN102528,2026-04-12,HSBC,BNY Mellon,Tokenised Deposit,Permissioned Ledger,US,35638.54,Settled,8.9,41.3,1.15,4.1
TXN102529,2026-02-04,BNY Mellon,JPMorgan,Regulated Stablecoin,Permissioned Ledger,US,71335.33,Settled,9.2,67.1,3.82,27.25
TXN102530,2026-04-08,Citi,UBS,Tokenised Deposit,Permissioned Ledger,UK,169241.68,Settled,7.6,27.9,2.82,47.73
TXN102531,2026-01-30,JPMorgan,Deutsche Bank,Tokenised Real Estate Fund,Public Blockchain,EU,96670.41,Settled,90.2,35.6,3.28,31.71
TXN102532,2026-04-26,Standard Chartered,UBS,Tokenised Real Estate Fund,Public Blockchain,APAC,243032.43,Settled,58.7,22.5,1.61,39.13
TXN102533,2026-01-08,HSBC,Barclays,Tokenised Deposit,Permissioned Ledger,MEA,24600.67,Settled,8.0,56.9,1.85,4.55
TXN102534,2026-05-30,Barclays,JPMorgan,Regulated Stablecoin,Hybrid Network,US,62008.03,Pending,,22.8,4.16,25.8
TXN102535,2026-02-13,Standard Chartered,Deutsche Bank,Tokenised Bond,Permissioned Ledger,EU,75932.72,Settled,7.1,18.5,4.47,33.94
TXN102536,2026-07-05,HSBC,BNY Mellon,Tokenised Bond,Public Blockchain,APAC,13647.31,Failed,,28.8,2.54,3.47
TXN102537,2026-02-05,JPMorgan,Deutsche Bank,Tokenised Deposit,Permissioned Ledger,MEA,16148.69,Settled,10.1,13.7,2.09,3.38
TXN102538,2026-07-16,Deutsche Bank,BNY Mellon,Tokenised Deposit,Permissioned Ledger,US,15353.32,Settled,3.4,44.3,3.69,5.67
TXN102539,2026-03-18,Barclays,Standard Chartered,Tokenised Real Estate Fund,Public Blockchain,APAC,160758.53,Pending,,56.7,2.41,38.74
TXN102540,2026-01-31,JPMorgan,Barclays,Regulated Stablecoin,Hybrid Network,US,94514.7,Settled,5.0,23.2,1.38,13.04
TXN102541,2026-02-16,Deutsche Bank,Citi,Tokenised Deposit,Public Blockchain,MEA,282811.15,Settled,58.4,33.7,0.74,20.93
TXN102542,2026-02-24,HSBC,BNY Mellon,Tokenised Deposit,Permissioned Ledger,EU,389603.44,Settled,6.1,34.6,0.86,33.51
TXN102543,2026-04-16,Barclays,Standard Chartered,Tokenised Deposit,Permissioned Ledger,EU,86075.27,Settled,3.2,51.8,3.19,27.46
TXN102544,2026-07-09,Standard Chartered,BNY Mellon,Tokenised Deposit,Public Blockchain,EU,70508.7,Settled,41.3,30.5,3.55,25.03
TXN102545,2026-06-07,Standard Chartered,HSBC,Tokenised Equity,Hybrid Network,UK,246694.72,Settled,13.0,34.0,2.63,64.88
TXN102546,2026-05-01,Barclays,Citi,Tokenised Deposit,Permissioned Ledger,US,47769.0,Settled,1.2,34.3,2.64,12.61
TXN102547,2026-02-24,Standard Chartered,JPMorgan,Tokenised Deposit,Hybrid Network,MEA,21640.81,Settled,14.6,27.5,2.06,4.46
TXN102548,2026-05-24,Deutsche Bank,Standard Chartered,Tokenised Bond,Public Blockchain,APAC,48916.21,Settled,68.8,48.7,3.72,18.2
TXN102549,2026-01-12,Standard Chartered,HSBC,Tokenised Bond,Public Blockchain,MEA,13547.82,Settled,60.7,66.5,2.99,4.05
TXN102550,2026-05-25,JPMorgan,UBS,Tokenised Deposit,Permissioned Ledger,APAC,81334.99,Settled,11.2,25.2,1.56,12.69
TXN102551,2026-05-24,HSBC,Deutsche Bank,Tokenised Deposit,Public Blockchain,UK,166586.72,Settled,72.5,26.3,1.28,21.32
TXN102552,2026-05-20,Deutsche Bank,Standard Chartered,Regulated Stablecoin,Public Blockchain,EU,52729.75,Settled,37.4,46.3,1.21,6.38
TXN102553,2026-05-16,UBS,Standard Chartered,Tokenised Equity,Permissioned Ledger,UK,339040.13,Settled,6.8,48.9,2.32,78.66
TXN102554,2026-01-03,JPMorgan,HSBC,Regulated Stablecoin,Permissioned Ledger,MEA,115930.66,Settled,13.0,51.1,3.23,37.45
TXN102555,2026-05-24,Standard Chartered,HSBC,Regulated Stablecoin,Public Blockchain,APAC,18895.68,Settled,53.4,45.6,1.0,1.89
TXN102556,2026-01-30,UBS,Barclays,Regulated Stablecoin,Permissioned Ledger,EU,34536.11,Settled,9.5,43.0,3.52,12.16
TXN102557,2026-01-23,Barclays,BNY Mellon,Tokenised Real Estate Fund,Public Blockchain,US,39548.11,Settled,56.6,31.3,1.05,4.15
TXN102558,2026-04-02,JPMorgan,BNY Mellon,Tokenised Bond,Public Blockchain,US,59928.91,Settled,55.1,29.1,0.63,3.78
TXN102559,2026-04-25,Barclays,UBS,Tokenised Deposit,Permissioned Ledger,US,29312.75,Settled,7.6,51.1,2.24,6.57
TXN102560,2026-04-14,UBS,Citi,Regulated Stablecoin,Public Blockchain,UK,55780.96,Settled,59.5,44.1,2.14,11.94
TXN102561,2026-04-28,Citi,UBS,Tokenised Deposit,Permissioned Ledger,UK,6053.18,Settled,8.8,45.5,3.13,1.89
TXN102562,2026-01-05,Citi,Barclays,Tokenised Bond,Permissioned Ledger,MEA,80894.41,Settled,8.9,12.8,2.53,20.47
TXN102563,2026-04-14,HSBC,UBS,Tokenised Bond,Public Blockchain,MEA,43265.29,Settled,103.9,26.5,1.46,6.32
TXN102564,2026-04-18,BNY Mellon,HSBC,Tokenised Bond,Permissioned Ledger,UK,161623.06,Settled,1.0,45.8,2.59,41.86
TXN102565,2026-03-06,Standard Chartered,BNY Mellon,Regulated Stablecoin,Hybrid Network,MEA,31224.99,Settled,19.4,47.1,4.45,13.9
TXN102566,2026-05-01,Citi,BNY Mellon,Regulated Stablecoin,Hybrid Network,MEA,14202.09,Settled,23.9,35.6,0.66,0.94
TXN102567,2026-01-30,BNY Mellon,Citi,Regulated Stablecoin,Public Blockchain,APAC,41894.71,Settled,34.2,31.4,4.35,18.22
TXN102568,2026-05-29,Standard Chartered,Deutsche Bank,Tokenised Deposit,Hybrid Network,EU,153470.48,Settled,37.2,46.3,3.94,60.47
TXN102569,2026-03-25,UBS,Deutsche Bank,Tokenised Deposit,Public Blockchain,UK,72677.86,Settled,87.5,41.1,0.55,4.0
TXN102570,2026-07-17,Deutsche Bank,JPMorgan,Regulated Stablecoin,Permissioned Ledger,APAC,22691.55,Settled,10.5,30.3,2.07,4.7
TXN102571,2026-05-30,Citi,BNY Mellon,Tokenised Equity,Public Blockchain,US,12698.21,Settled,55.1,22.8,0.7,0.89
TXN102572,2026-07-19,Deutsche Bank,HSBC,Regulated Stablecoin,Permissioned Ledger,US,53483.75,Settled,9.6,8.9,2.04,10.91
TXN102573,2026-02-01,BNY Mellon,Deutsche Bank,Tokenised Deposit,Public Blockchain,EU,126963.87,Settled,50.2,25.5,2.53,32.12
TXN102574,2026-06-10,Citi,Standard Chartered,Tokenised Deposit,Permissioned Ledger,US,37511.59,Settled,11.1,46.7,0.63,2.36
TXN102575,2026-01-16,Standard Chartered,Citi,Regulated Stablecoin,Hybrid Network,US,26759.15,Settled,43.2,35.2,2.57,6.88
TXN102576,2026-02-07,HSBC,Standard Chartered,Tokenised Deposit,Permissioned Ledger,EU,133613.19,Settled,11.5,46.5,0.59,7.88
TXN102577,2026-05-22,JPMorgan,Citi,Tokenised Deposit,Public Blockchain,MEA,75443.04,Settled,78.0,38.5,0.97,7.32
TXN102578,2026-02-05,UBS,Deutsche Bank,Tokenised Bond,Permissioned Ledger,MEA,6582.08,Settled,7.1,54.4,3.55,2.34
TXN102579,2026-05-31,HSBC,Barclays,Tokenised Bond,Hybrid Network,US,41852.93,Settled,45.7,51.2,1.88,7.87
TXN102580,2026-04-24,UBS,BNY Mellon,Tokenised Bond,Public Blockchain,UK,80620.16,Settled,87.0,26.0,2.36,19.03
TXN102581,2026-03-07,Standard Chartered,Deutsche Bank,Tokenised Real Estate Fund,Permissioned Ledger,UK,175956.25,Settled,7.4,45.0,3.79,66.69
TXN102582,2026-04-15,Citi,Standard Chartered,Tokenised Deposit,Permissioned Ledger,MEA,13781.66,Settled,9.0,23.9,0.57,0.79
TXN102583,2026-03-26,Barclays,JPMorgan,Tokenised Bond,Hybrid Network,EU,744851.47,Settled,17.5,36.7,2.2,163.87
TXN102584,2026-01-02,Standard Chartered,Citi,Tokenised Deposit,Permissioned Ledger,APAC,123239.2,Settled,12.0,45.6,2.31,28.47
TXN102585,2026-07-12,Barclays,Standard Chartered,Tokenised Deposit,Permissioned Ledger,MEA,75784.76,Settled,8.6,25.1,1.47,11.14
TXN102586,2026-03-16,JPMorgan,Standard Chartered,Tokenised Deposit,Public Blockchain,UK,19129.65,Settled,63.4,33.7,4.49,8.59
TXN102587,2026-03-08,HSBC,UBS,Tokenised Real Estate Fund,Public Blockchain,MEA,115644.08,Pending,,33.8,1.26,14.57
TXN102588,2026-06-29,Standard Chartered,Barclays,Regulated Stablecoin,Permissioned Ledger,UK,1052018.54,Settled,6.5,37.8,3.93,413.44
TXN102589,2026-07-09,JPMorgan,HSBC,Tokenised Equity,Public Blockchain,US,144284.3,Settled,43.7,34.7,2.01,29.0
TXN102590,2026-05-31,UBS,HSBC,Tokenised Real Estate Fund,Permissioned Ledger,APAC,191897.18,Settled,13.7,29.0,0.87,16.7
TXN102591,2026-06-03,JPMorgan,BNY Mellon,Tokenised Real Estate Fund,Permissioned Ledger,UK,559470.78,Settled,8.1,58.8,1.08,60.42
TXN102592,2026-07-15,Barclays,Citi,Tokenised Equity,Public Blockchain,APAC,1278406.34,Settled,48.3,37.7,0.79,100.99
TXN102593,2026-02-24,Standard Chartered,UBS,Tokenised Bond,Public Blockchain,UK,17529.76,Settled,44.8,32.7,1.7,2.98
TXN102594,2026-01-06,BNY Mellon,Citi,Tokenised Deposit,Hybrid Network,EU,10925.0,Settled,28.7,28.6,1.76,1.92
TXN102595,2026-06-12,Barclays,Standard Chartered,Tokenised Equity,Public Blockchain,UK,209197.6,Settled,51.4,20.6,1.17,24.48
TXN102596,2026-05-30,HSBC,Citi,Tokenised Deposit,Permissioned Ledger,MEA,71254.83,Settled,7.8,37.2,2.59,18.46
TXN102597,2026-06-20,Deutsche Bank,UBS,Regulated Stablecoin,Permissioned Ledger,US,19906.1,Settled,12.8,38.0,1.94,3.86
TXN102598,2026-05-23,Barclays,JPMorgan,Regulated Stablecoin,Public Blockchain,EU,8070.48,Settled,47.3,36.2,3.18,2.57
TXN102599,2026-03-27,BNY Mellon,JPMorgan,Tokenised Equity,Public Blockchain,UK,9425.25,Settled,44.7,13.8,2.94,2.77
TXN102600,2026-03-01,Barclays,Standard Chartered,Tokenised Real Estate Fund,Permissioned Ledger,EU,36015.36,Settled,6.7,35.0,2.42,8.72
TXN102601,2026-04-11,UBS,BNY Mellon,Tokenised Deposit,Permissioned Ledger,US,63207.16,Settled,11.8,35.4,2.66,16.81
TXN102602,2026-01-12,HSBC,Citi,Tokenised Deposit,Hybrid Network,APAC,8158.97,Settled,7.6,44.1,1.88,1.53
TXN102603,2026-02-18,Barclays,HSBC,Tokenised Bond,Public Blockchain,EU,4865.46,Settled,67.7,39.3,0.74,0.36
TXN102604,2026-02-11,UBS,Citi,Regulated Stablecoin,Permissioned Ledger,MEA,70870.36,Settled,5.3,16.9,3.96,28.06
TXN102605,2026-06-15,Barclays,JPMorgan,Tokenised Deposit,Permissioned Ledger,US,129038.33,Settled,5.5,18.1,1.9,24.52
TXN102606,2026-03-23,JPMorgan,HSBC,Regulated Stablecoin,Permissioned Ledger,MEA,105775.71,Settled,12.7,25.6,0.51,5.39
TXN102607,2026-06-22,Standard Chartered,HSBC,Tokenised Deposit,Hybrid Network,APAC,78364.93,Settled,15.0,28.7,3.6,28.21
TXN102608,2026-02-04,Standard Chartered,UBS,Regulated Stablecoin,Public Blockchain,APAC,870376.72,Settled,42.9,50.4,1.65,143.61
TXN102609,2026-06-07,UBS,BNY Mellon,Tokenised Equity,Permissioned Ledger,APAC,124307.04,Settled,9.9,45.3,2.9,36.05
TXN102610,2026-06-07,Barclays,Citi,Tokenised Bond,Hybrid Network,APAC,22087.22,Settled,16.0,38.6,3.97,8.77
TXN102611,2026-05-14,JPMorgan,Barclays,Tokenised Equity,Public Blockchain,MEA,8584.3,Settled,75.3,42.3,1.35,1.16
TXN102612,2026-03-08,BNY Mellon,Citi,Regulated Stablecoin,Permissioned Ledger,MEA,133368.7,Settled,5.1,40.9,1.69,22.54
TXN102613,2026-03-21,Citi,HSBC,Regulated Stablecoin,Hybrid Network,MEA,44451.53,Settled,10.4,41.1,0.56,2.49
TXN102614,2026-01-07,BNY Mellon,JPMorgan,Regulated Stablecoin,Permissioned Ledger,UK,6895.14,Settled,7.0,27.0,1.86,1.28
TXN102615,2026-06-29,UBS,Deutsche Bank,Tokenised Deposit,Public Blockchain,EU,108304.25,Settled,54.0,29.8,0.52,5.63
TXN102616,2026-01-14,Standard Chartered,BNY Mellon,Tokenised Deposit,Permissioned Ledger,US,152104.18,Settled,6.3,18.0,3.53,53.69
TXN102617,2026-03-14,Barclays,HSBC,Tokenised Deposit,Hybrid Network,US,29707.54,Settled,37.3,27.4,1.03,3.06
TXN102618,2026-05-23,HSBC,UBS,Tokenised Bond,Permissioned Ledger,EU,117207.86,Settled,4.1,21.6,2.63,30.83
TXN102619,2026-05-29,JPMorgan,BNY Mellon,Tokenised Deposit,Permissioned Ledger,US,47088.18,Settled,8.5,33.7,1.58,7.44
TXN102620,2026-06-12,JPMorgan,BNY Mellon,Tokenised Bond,Public Blockchain,UK,114580.86,Settled,49.6,22.3,0.9,10.31
TXN102621,2026-03-07,BNY Mellon,HSBC,Tokenised Deposit,Public Blockchain,APAC,46449.32,Settled,91.1,29.0,2.7,12.54
TXN102622,2026-04-01,JPMorgan,Standard Chartered,Tokenised Real Estate Fund,Public Blockchain,APAC,284326.84,Settled,79.6,18.4,2.62,74.49
TXN102623,2026-05-10,BNY Mellon,Deutsche Bank,Tokenised Bond,Public Blockchain,EU,283693.1,Settled,46.3,25.4,2.77,78.58
TXN102624,2026-06-12,BNY Mellon,Citi,Tokenised Bond,Public Blockchain,MEA,127417.24,Settled,102.0,53.3,2.0,25.48
TXN102625,2026-01-20,Deutsche Bank,UBS,Tokenised Real Estate Fund,Hybrid Network,MEA,78986.34,Settled,25.2,60.2,2.83,22.35
TXN102626,2026-01-10,Deutsche Bank,Standard Chartered,Tokenised Equity,Hybrid Network,EU,78445.34,Settled,18.5,29.6,0.78,6.12
TXN102627,2026-01-25,UBS,Standard Chartered,Regulated Stablecoin,Permissioned Ledger,EU,254974.25,Pending,,56.2,2.9,73.94
TXN102628,2026-07-13,Citi,Standard Chartered,Tokenised Deposit,Hybrid Network,APAC,10758.0,Settled,35.4,35.1,1.36,1.46
TXN102629,2026-01-25,Deutsche Bank,Citi,Tokenised Bond,Hybrid Network,APAC,7415.04,Settled,25.6,33.2,4.31,3.2
TXN102630,2026-02-23,Deutsche Bank,BNY Mellon,Tokenised Deposit,Public Blockchain,UK,56666.86,Settled,70.4,34.6,3.14,17.79
TXN102631,2026-02-02,Barclays,UBS,Tokenised Deposit,Permissioned Ledger,APAC,269318.28,Settled,4.9,30.7,2.39,64.37
TXN102632,2026-06-13,JPMorgan,HSBC,Regulated Stablecoin,Public Blockchain,MEA,202479.26,Settled,46.9,56.2,4.24,85.85
TXN102633,2026-04-05,JPMorgan,UBS,Tokenised Deposit,Permissioned Ledger,APAC,16402.74,Settled,6.9,54.0,1.21,1.98
TXN102634,2026-01-14,UBS,Citi,Tokenised Equity,Hybrid Network,APAC,94745.15,Settled,20.7,16.5,4.08,38.66
TXN102635,2026-03-06,UBS,Standard Chartered,Tokenised Deposit,Public Blockchain,EU,6779.09,Settled,101.3,23.7,4.1,2.78
TXN102636,2026-04-20,Citi,UBS,Tokenised Deposit,Hybrid Network,MEA,48517.93,Settled,18.9,30.1,2.74,13.29
TXN102637,2026-03-21,Citi,BNY Mellon,Tokenised Real Estate Fund,Public Blockchain,EU,3333.02,Settled,94.9,19.8,4.1,1.37
TXN102638,2026-02-23,Barclays,Citi,Tokenised Equity,Permissioned Ledger,APAC,14571.35,Settled,8.0,32.2,2.57,3.74
TXN102639,2026-05-05,BNY Mellon,JPMorgan,Tokenised Equity,Hybrid Network,MEA,2231547.13,Settled,10.9,32.0,1.67,372.67
TXN102640,2026-06-29,BNY Mellon,Barclays,Tokenised Bond,Permissioned Ledger,US,12083.29,Settled,9.0,35.1,2.21,2.67
TXN102641,2026-05-11,Standard Chartered,Citi,Tokenised Deposit,Hybrid Network,UK,45501.17,Settled,36.0,33.0,2.76,12.56
TXN102642,2026-06-18,Citi,Barclays,Regulated Stablecoin,Hybrid Network,US,154170.06,Settled,23.5,26.6,1.71,26.36
TXN102643,2026-05-14,HSBC,UBS,Tokenised Bond,Permissioned Ledger,MEA,44776.59,Settled,6.5,26.9,2.88,12.9
TXN102644,2026-01-25,Citi,HSBC,Tokenised Bond,Hybrid Network,US,39660.21,Settled,20.0,31.0,2.97,11.78
TXN102645,2026-05-21,UBS,BNY Mellon,Regulated Stablecoin,Permissioned Ledger,UK,35103.37,Settled,9.8,48.0,2.59,9.09
TXN102646,2026-04-27,BNY Mellon,JPMorgan,Regulated Stablecoin,Hybrid Network,MEA,113305.07,Settled,16.7,31.7,3.67,41.58
TXN102647,2026-05-16,UBS,Deutsche Bank,Regulated Stablecoin,Hybrid Network,UK,473511.3,Settled,27.5,39.0,2.38,112.7
TXN102648,2026-05-29,UBS,JPMorgan,Tokenised Real Estate Fund,Public Blockchain,EU,42764.78,Settled,32.2,35.6,4.33,18.52
TXN102649,2026-07-15,UBS,Standard Chartered,Tokenised Equity,Permissioned Ledger,EU,71120.42,Settled,6.3,38.7,4.23,30.08
TXN102650,2026-01-25,BNY Mellon,JPMorgan,Regulated Stablecoin,Hybrid Network,UK,280116.54,Settled,38.5,31.9,3.63,101.68
TXN102651,2026-03-20,UBS,JPMorgan,Tokenised Real Estate Fund,Hybrid Network,UK,87514.14,Settled,36.6,39.6,2.68,23.45
TXN102652,2026-03-09,UBS,Standard Chartered,Regulated Stablecoin,Public Blockchain,MEA,6999.76,Settled,68.3,34.0,2.03,1.42
TXN102653,2026-06-22,Citi,JPMorgan,Tokenised Equity,Public Blockchain,US,56801.66,Settled,56.0,13.8,2.12,12.04
TXN102654,2026-07-07,JPMorgan,Barclays,Tokenised Real Estate Fund,Permissioned Ledger,EU,39964.06,Settled,3.6,28.2,0.63,2.52
TXN102655,2026-01-12,JPMorgan,Citi,Tokenised Bond,Public Blockchain,EU,411582.24,Settled,118.6,58.1,4.39,180.68
TXN102656,2026-02-01,Deutsche Bank,BNY Mellon,Regulated Stablecoin,Permissioned Ledger,EU,45632.27,Settled,12.5,13.6,1.45,6.62
TXN102657,2026-05-08,Barclays,Standard Chartered,Tokenised Real Estate Fund,Public Blockchain,EU,38313.94,Settled,71.1,26.3,3.33,12.76
TXN102658,2026-04-06,Barclays,Standard Chartered,Tokenised Deposit,Permissioned Ledger,UK,104738.76,Settled,2.4,50.3,2.13,22.31
TXN102659,2026-04-02,Deutsche Bank,HSBC,Tokenised Bond,Hybrid Network,APAC,110239.93,Settled,13.0,36.6,0.68,7.5
TXN102660,2026-05-21,Citi,UBS,Regulated Stablecoin,Public Blockchain,EU,97384.91,Settled,70.1,59.1,0.92,8.96
TXN102661,2026-01-31,BNY Mellon,UBS,Tokenised Deposit,Permissioned Ledger,UK,204604.79,Settled,9.7,30.3,1.41,28.85
TXN102662,2026-03-19,HSBC,Standard Chartered,Tokenised Equity,Permissioned Ledger,MEA,200765.98,Settled,7.4,36.3,4.24,85.12
TXN102663,2026-01-20,BNY Mellon,UBS,Tokenised Equity,Hybrid Network,MEA,259162.76,Settled,8.4,39.6,1.92,49.76
TXN102664,2026-05-26,UBS,Standard Chartered,Tokenised Equity,Permissioned Ledger,EU,215378.41,Settled,8.5,18.7,0.82,17.66
TXN102665,2026-03-01,HSBC,Barclays,Regulated Stablecoin,Public Blockchain,APAC,103177.69,Settled,62.0,24.7,1.71,17.64
TXN102666,2026-07-10,Standard Chartered,UBS,Regulated Stablecoin,Permissioned Ledger,EU,688916.81,Settled,6.9,48.9,1.87,128.83
TXN102667,2026-05-14,Barclays,BNY Mellon,Tokenised Deposit,Permissioned Ledger,EU,31556.25,Settled,11.6,44.5,2.79,8.8
TXN102668,2026-06-09,Citi,UBS,Tokenised Equity,Permissioned Ledger,UK,202506.61,Settled,6.8,41.4,4.11,83.23
TXN102669,2026-04-03,HSBC,UBS,Tokenised Bond,Public Blockchain,EU,43862.45,Pending,,55.1,3.78,16.58
TXN102670,2026-02-12,JPMorgan,Citi,Tokenised Deposit,Hybrid Network,US,25394.6,Settled,22.6,41.4,3.7,9.4
TXN102671,2026-05-10,Deutsche Bank,HSBC,Tokenised Bond,Permissioned Ledger,UK,165770.46,Settled,8.4,35.6,0.92,15.25
TXN102672,2026-03-01,Barclays,Deutsche Bank,Regulated Stablecoin,Permissioned Ledger,US,47094.79,Settled,7.4,43.2,2.25,10.6
TXN102673,2026-05-31,UBS,Deutsche Bank,Regulated Stablecoin,Permissioned Ledger,US,30356.45,Settled,8.9,23.2,1.03,3.13
TXN102674,2026-01-31,JPMorgan,HSBC,Tokenised Bond,Public Blockchain,EU,177945.96,Settled,91.3,3.4,2.57,45.73
TXN102675,2026-01-05,Citi,BNY Mellon,Regulated Stablecoin,Public Blockchain,US,14519.12,Settled,71.7,37.3,2.7,3.92
TXN102676,2026-06-11,BNY Mellon,JPMorgan,Tokenised Bond,Permissioned Ledger,APAC,94494.74,Settled,9.7,40.1,2.33,22.02
TXN102677,2026-01-10,BNY Mellon,JPMorgan,Tokenised Deposit,Hybrid Network,MEA,57832.98,Settled,17.2,39.3,3.3,19.08
TXN102678,2026-03-30,BNY Mellon,UBS,Tokenised Deposit,Public Blockchain,UK,166023.64,Settled,48.7,43.7,1.18,19.59
TXN102679,2026-05-10,Citi,HSBC,Tokenised Deposit,Permissioned Ledger,MEA,99391.78,Settled,4.2,38.4,4.42,43.93
TXN102680,2026-05-06,HSBC,UBS,Tokenised Deposit,Hybrid Network,APAC,168230.97,Settled,23.9,25.9,3.53,59.39
TXN102681,2026-01-11,Standard Chartered,JPMorgan,Tokenised Equity,Permissioned Ledger,UK,551801.2,Settled,11.0,34.6,2.05,113.12
TXN102682,2026-06-27,Standard Chartered,Citi,Regulated Stablecoin,Permissioned Ledger,US,14993.79,Settled,5.5,37.3,2.46,3.69
TXN102683,2026-06-08,Citi,HSBC,Regulated Stablecoin,Permissioned Ledger,EU,2516870.57,Settled,9.6,45.4,2.07,520.99
TXN102684,2026-02-25,Standard Chartered,HSBC,Tokenised Equity,Hybrid Network,MEA,2103284.25,Settled,20.5,34.0,1.62,340.73
TXN102685,2026-03-24,Deutsche Bank,JPMorgan,Tokenised Deposit,Permissioned Ledger,US,17191.91,Pending,,37.1,2.51,4.32
TXN102686,2026-05-17,HSBC,BNY Mellon,Tokenised Deposit,Permissioned Ledger,UK,871007.33,Settled,8.6,47.3,2.61,227.33
TXN102687,2026-04-09,UBS,Standard Chartered,Tokenised Equity,Hybrid Network,EU,78617.15,Settled,39.2,24.2,4.22,33.18
TXN102688,2026-05-29,JPMorgan,Citi,Tokenised Bond,Permissioned Ledger,APAC,40378.21,Settled,6.4,58.5,3.02,12.19
TXN102689,2026-03-14,BNY Mellon,Standard Chartered,Tokenised Real Estate Fund,Public Blockchain,MEA,94936.86,Settled,27.2,32.1,2.59,24.59
TXN102690,2026-06-05,UBS,BNY Mellon,Regulated Stablecoin,Permissioned Ledger,EU,6766.28,Settled,4.9,42.8,2.88,1.95
TXN102691,2026-07-09,Standard Chartered,Deutsche Bank,Tokenised Bond,Permissioned Ledger,MEA,1008697.25,Pending,,33.5,2.57,259.24
TXN102692,2026-04-25,Standard Chartered,JPMorgan,Tokenised Bond,Permissioned Ledger,UK,19153.14,Settled,10.8,15.6,2.05,3.93
TXN102693,2026-01-07,HSBC,Standard Chartered,Tokenised Real Estate Fund,Hybrid Network,EU,111440.11,Settled,34.3,31.1,3.85,42.9
TXN102694,2026-03-21,HSBC,UBS,Tokenised Deposit,Public Blockchain,APAC,9243.72,Failed,,40.5,4.4,4.07
TXN102695,2026-05-24,Barclays,JPMorgan,Regulated Stablecoin,Public Blockchain,UK,69140.62,Settled,80.4,38.8,1.25,8.64
TXN102696,2026-04-07,Standard Chartered,UBS,Regulated Stablecoin,Permissioned Ledger,EU,13012.48,Settled,6.3,18.8,2.49,3.24
TXN102697,2026-01-04,HSBC,Standard Chartered,Tokenised Real Estate Fund,Public Blockchain,UK,45270.88,Settled,82.6,42.4,4.29,19.42
TXN102698,2026-01-04,Citi,Standard Chartered,Regulated Stablecoin,Public Blockchain,MEA,169163.76,Settled,63.2,10.4,3.01,50.92
TXN102699,2026-04-13,Deutsche Bank,HSBC,Tokenised Deposit,Public Blockchain,UK,37972.88,Settled,50.6,23.2,4.01,15.23
TXN102700,2026-02-09,BNY Mellon,Deutsche Bank,Tokenised Bond,Public Blockchain,MEA,225969.73,Settled,61.2,34.0,1.63,36.83
TXN102701,2026-01-17,Barclays,UBS,Tokenised Deposit,Permissioned Ledger,APAC,160003.3,Settled,13.0,49.9,1.48,23.68
TXN102702,2026-04-11,JPMorgan,Citi,Tokenised Real Estate Fund,Permissioned Ledger,EU,86430.08,Settled,5.3,48.5,0.51,4.41
TXN102703,2026-04-13,HSBC,Barclays,Tokenised Deposit,Permissioned Ledger,EU,87359.42,Settled,12.0,21.8,2.61,22.8
TXN102704,2026-05-04,UBS,Standard Chartered,Tokenised Real Estate Fund,Permissioned Ledger,APAC,73702.13,Settled,8.9,39.2,3.17,23.36
TXN102705,2026-02-21,BNY Mellon,UBS,Tokenised Bond,Public Blockchain,MEA,49611.14,Pending,,41.3,3.03,15.03
TXN102706,2026-02-21,JPMorgan,UBS,Tokenised Real Estate Fund,Public Blockchain,US,35602.27,Settled,44.7,50.8,1.27,4.52
TXN102707,2026-06-13,Citi,HSBC,Regulated Stablecoin,Permissioned Ledger,MEA,31179.24,Settled,11.5,47.0,1.93,6.02
TXN102708,2026-05-04,Citi,HSBC,Regulated Stablecoin,Hybrid Network,UK,128113.47,Settled,14.8,31.7,1.89,24.21
TXN102709,2026-06-15,BNY Mellon,HSBC,Tokenised Equity,Public Blockchain,UK,55027.56,Settled,40.8,47.8,0.59,3.25
TXN102710,2026-06-27,Barclays,UBS,Tokenised Deposit,Permissioned Ledger,UK,138676.81,Settled,5.4,28.9,1.99,27.6
TXN102711,2026-03-04,JPMorgan,HSBC,Tokenised Bond,Public Blockchain,EU,68509.75,Settled,44.3,49.5,2.46,16.85
TXN102712,2026-04-26,UBS,BNY Mellon,Tokenised Real Estate Fund,Hybrid Network,UK,16227.2,Settled,13.0,21.2,3.26,5.29
TXN102713,2026-07-10,HSBC,Standard Chartered,Tokenised Deposit,Permissioned Ledger,MEA,35197.53,Settled,9.8,41.8,3.72,13.09
TXN102714,2026-03-03,BNY Mellon,HSBC,Regulated Stablecoin,Permissioned Ledger,APAC,132888.45,Settled,10.0,27.9,4.49,59.67
TXN102715,2026-01-07,Citi,Deutsche Bank,Tokenised Equity,Public Blockchain,MEA,86945.46,Settled,45.3,27.3,3.61,31.39
TXN102716,2026-06-04,Deutsche Bank,Standard Chartered,Tokenised Real Estate Fund,Permissioned Ledger,MEA,33509.72,Settled,4.9,16.5,2.02,6.77
TXN102717,2026-04-02,Deutsche Bank,Barclays,Tokenised Deposit,Permissioned Ledger,APAC,88421.97,Settled,8.2,30.3,1.18,10.43
TXN102718,2026-01-14,Standard Chartered,BNY Mellon,Tokenised Deposit,Public Blockchain,US,358772.25,Settled,34.0,42.5,1.91,68.53
TXN102719,2026-07-18,BNY Mellon,UBS,Regulated Stablecoin,Permissioned Ledger,MEA,57213.84,Settled,5.4,24.3,0.87,4.98
TXN102720,2026-03-27,HSBC,Standard Chartered,Regulated Stablecoin,Public Blockchain,EU,116115.81,Settled,86.8,28.1,3.77,43.78
TXN102721,2026-05-13,HSBC,Citi,Tokenised Deposit,Permissioned Ledger,EU,21071.85,Settled,11.5,38.5,0.58,1.22
TXN102722,2026-07-02,Citi,UBS,Tokenised Deposit,Permissioned Ledger,US,51080.55,Settled,11.2,45.7,1.04,5.31
TXN102723,2026-05-10,Standard Chartered,Deutsche Bank,Regulated Stablecoin,Hybrid Network,US,125369.14,Settled,19.5,42.0,4.25,53.28
TXN102724,2026-03-03,JPMorgan,Barclays,Tokenised Equity,Hybrid Network,UK,13684.12,Settled,1.0,57.0,0.69,0.94
TXN102725,2026-05-29,HSBC,Deutsche Bank,Tokenised Deposit,Permissioned Ledger,MEA,123309.25,Settled,14.4,42.7,4.33,53.39
TXN102726,2026-03-20,UBS,HSBC,Tokenised Equity,Permissioned Ledger,US,137995.95,Settled,8.5,51.6,2.02,27.88
TXN102727,2026-05-29,Citi,Deutsche Bank,Tokenised Equity,Permissioned Ledger,US,39061.85,Settled,6.0,27.5,1.72,6.72
TXN102728,2026-05-18,BNY Mellon,Citi,Regulated Stablecoin,Hybrid Network,MEA,45753.2,Settled,17.8,41.8,3.53,16.15
TXN102729,2026-02-27,BNY Mellon,Deutsche Bank,Tokenised Deposit,Public Blockchain,UK,15233.77,Settled,84.7,30.4,3.45,5.26
TXN102730,2026-04-30,Standard Chartered,HSBC,Regulated Stablecoin,Hybrid Network,APAC,13939.46,Settled,21.0,30.4,3.49,4.86
TXN102731,2026-06-16,Deutsche Bank,Standard Chartered,Tokenised Equity,Public Blockchain,UK,201321.0,Settled,68.0,45.1,1.24,24.96
TXN102732,2026-05-13,Citi,Deutsche Bank,Tokenised Deposit,Hybrid Network,US,40908.66,Settled,13.4,15.3,2.75,11.25
TXN102733,2026-03-06,Deutsche Bank,UBS,Tokenised Real Estate Fund,Permissioned Ledger,US,13694.32,Settled,9.6,35.1,1.96,2.68
TXN102734,2026-01-13,HSBC,JPMorgan,Tokenised Bond,Public Blockchain,MEA,62502.03,Pending,,29.9,3.28,20.5
TXN102735,2026-06-30,Barclays,JPMorgan,Regulated Stablecoin,Permissioned Ledger,UK,74442.61,Settled,7.4,33.9,1.85,13.77
TXN102736,2026-03-23,UBS,Citi,Tokenised Equity,Permissioned Ledger,MEA,154308.56,Settled,7.6,46.7,4.11,63.42
TXN102737,2026-06-22,BNY Mellon,Citi,Tokenised Real Estate Fund,Hybrid Network,UK,72543.92,Settled,23.4,30.3,2.98,21.62
TXN102738,2026-06-09,JPMorgan,Deutsche Bank,Tokenised Bond,Permissioned Ledger,APAC,162940.46,Settled,9.3,46.6,0.5,8.15
TXN102739,2026-06-13,HSBC,UBS,Tokenised Bond,Permissioned Ledger,US,45652.9,Pending,,29.4,3.33,15.2
TXN102740,2026-07-07,JPMorgan,Barclays,Tokenised Deposit,Hybrid Network,APAC,50506.49,Settled,29.5,30.8,0.58,2.93
TXN102741,2026-05-19,JPMorgan,UBS,Regulated Stablecoin,Hybrid Network,UK,33517.88,Settled,17.5,42.7,2.19,7.34
TXN102742,2026-07-10,Barclays,Deutsche Bank,Tokenised Bond,Public Blockchain,APAC,973072.16,Settled,49.2,14.3,2.93,285.11
TXN102743,2026-05-29,Standard Chartered,BNY Mellon,Tokenised Bond,Permissioned Ledger,UK,134365.27,Settled,6.7,45.7,0.51,6.85
TXN102744,2026-02-21,JPMorgan,Barclays,Tokenised Deposit,Permissioned Ledger,APAC,84565.85,Settled,5.3,44.5,3.86,32.64
TXN102745,2026-07-02,BNY Mellon,Deutsche Bank,Tokenised Deposit,Permissioned Ledger,UK,14778.16,Settled,7.4,47.9,0.8,1.18
TXN102746,2026-04-27,HSBC,Barclays,Tokenised Bond,Public Blockchain,APAC,34378.51,Settled,42.7,26.4,3.7,12.72
TXN102747,2026-01-26,Standard Chartered,HSBC,Tokenised Deposit,Public Blockchain,US,30703.01,Settled,54.4,51.8,1.86,5.71
TXN102748,2026-07-15,UBS,JPMorgan,Regulated Stablecoin,Public Blockchain,US,68241.54,Settled,70.3,51.0,2.6,17.74
TXN102749,2026-02-03,BNY Mellon,UBS,Tokenised Deposit,Permissioned Ledger,EU,33087.0,Settled,11.5,49.8,1.82,6.02
TXN102750,2026-02-21,HSBC,JPMorgan,Tokenised Equity,Permissioned Ledger,MEA,7554.63,Settled,12.3,38.2,3.23,2.44
TXN102751,2026-04-22,HSBC,Barclays,Regulated Stablecoin,Public Blockchain,US,18834.52,Settled,88.4,48.2,3.12,5.88
TXN102752,2026-03-23,Barclays,Citi,Regulated Stablecoin,Permissioned Ledger,EU,43343.15,Settled,10.9,24.6,1.82,7.89
TXN102753,2026-06-29,Citi,Standard Chartered,Tokenised Bond,Permissioned Ledger,US,14604.46,Settled,10.1,53.3,3.62,5.29
TXN102754,2026-06-06,Citi,Standard Chartered,Tokenised Deposit,Permissioned Ledger,US,5567.67,Settled,8.1,11.3,3.44,1.92
TXN102755,2026-06-15,Deutsche Bank,UBS,Regulated Stablecoin,Public Blockchain,APAC,19409.72,Settled,54.8,29.9,4.44,8.62
TXN102756,2026-02-11,BNY Mellon,Deutsche Bank,Tokenised Equity,Hybrid Network,EU,93900.5,Failed,,45.0,0.96,9.01
TXN102757,2026-01-21,Deutsche Bank,JPMorgan,Tokenised Deposit,Permissioned Ledger,MEA,84535.47,Settled,8.5,31.1,0.73,6.17
TXN102758,2026-02-11,HSBC,BNY Mellon,Tokenised Deposit,Permissioned Ledger,MEA,435004.45,Settled,12.7,46.6,3.59,156.17
TXN102759,2026-05-21,Deutsche Bank,Citi,Tokenised Real Estate Fund,Public Blockchain,UK,17761.42,Settled,58.5,41.8,2.89,5.13
TXN102760,2026-04-23,Standard Chartered,BNY Mellon,Tokenised Deposit,Public Blockchain,EU,74945.45,Settled,84.9,7.9,1.27,9.52
TXN102761,2026-04-15,BNY Mellon,HSBC,Tokenised Deposit,Public Blockchain,UK,30785.47,Settled,41.6,43.4,2.54,7.82
TXN102762,2026-07-11,Deutsche Bank,BNY Mellon,Tokenised Bond,Permissioned Ledger,US,45560.08,Failed,,60.1,2.5,11.39
TXN102763,2026-01-17,UBS,Standard Chartered,Tokenised Real Estate Fund,Hybrid Network,APAC,20541.97,Settled,1.0,22.7,3.64,7.48
TXN102764,2026-04-30,JPMorgan,UBS,Tokenised Deposit,Hybrid Network,APAC,60455.83,Settled,27.0,27.7,3.76,22.73
TXN102765,2026-05-17,BNY Mellon,HSBC,Tokenised Deposit,Hybrid Network,MEA,40218.03,Settled,1.0,40.6,3.68,14.8
TXN102766,2026-06-18,Standard Chartered,HSBC,Tokenised Equity,Permissioned Ledger,US,21712.68,Settled,10.4,45.5,2.18,4.73
TXN102767,2026-05-09,HSBC,Deutsche Bank,Tokenised Real Estate Fund,Permissioned Ledger,MEA,33218.54,Settled,5.1,21.5,2.2,7.31
TXN102768,2026-05-10,Barclays,Deutsche Bank,Regulated Stablecoin,Permissioned Ledger,EU,105182.87,Settled,8.1,22.7,2.5,26.3
TXN102769,2026-03-01,HSBC,Deutsche Bank,Tokenised Real Estate Fund,Public Blockchain,US,385082.23,Settled,76.4,53.1,3.24,124.77
TXN102770,2026-02-17,BNY Mellon,UBS,Regulated Stablecoin,Permissioned Ledger,EU,42547.05,Settled,4.7,21.5,0.87,3.7
TXN102771,2026-01-29,Barclays,Citi,Tokenised Deposit,Permissioned Ledger,APAC,10598.68,Settled,9.1,42.1,3.66,3.88
TXN102772,2026-04-07,Deutsche Bank,Standard Chartered,Regulated Stablecoin,Permissioned Ledger,APAC,66634.48,Settled,5.0,44.4,2.38,15.86
TXN102773,2026-01-10,Deutsche Bank,HSBC,Tokenised Bond,Public Blockchain,US,12597.08,Settled,81.0,20.1,1.1,1.39
TXN102774,2026-02-27,Barclays,Standard Chartered,Regulated Stablecoin,Hybrid Network,MEA,61237.93,Settled,24.6,25.1,0.95,5.82
TXN102775,2026-07-07,Standard Chartered,Deutsche Bank,Regulated Stablecoin,Permissioned Ledger,UK,148133.79,Settled,8.4,47.3,4.24,62.81
TXN102776,2026-01-21,BNY Mellon,Deutsche Bank,Tokenised Deposit,Public Blockchain,EU,14495.04,Settled,89.3,42.0,2.91,4.22
TXN102777,2026-01-28,UBS,Standard Chartered,Tokenised Bond,Permissioned Ledger,MEA,31759.42,Settled,7.2,49.3,3.38,10.73
TXN102778,2026-02-03,Barclays,BNY Mellon,Regulated Stablecoin,Permissioned Ledger,MEA,178066.23,Settled,9.7,35.6,2.8,49.86
TXN102779,2026-01-08,Citi,JPMorgan,Tokenised Bond,Public Blockchain,UK,886760.12,Settled,52.1,40.6,2.07,183.56
TXN102780,2026-07-06,Standard Chartered,BNY Mellon,Tokenised Equity,Permissioned Ledger,UK,387109.19,Settled,4.5,20.9,3.43,132.78
TXN102781,2026-07-19,Standard Chartered,UBS,Tokenised Deposit,Permissioned Ledger,APAC,10979.31,Settled,11.7,19.1,1.46,1.6
TXN102782,2026-06-26,UBS,JPMorgan,Tokenised Deposit,Permissioned Ledger,APAC,86876.56,Failed,,40.1,4.02,34.92
TXN102783,2026-03-20,Standard Chartered,Deutsche Bank,Tokenised Deposit,Permissioned Ledger,EU,149680.74,Settled,10.4,36.2,3.95,59.12
TXN102784,2026-05-25,Standard Chartered,JPMorgan,Tokenised Deposit,Public Blockchain,UK,138819.75,Settled,102.8,44.5,1.71,23.74
TXN102785,2026-07-07,BNY Mellon,Barclays,Tokenised Deposit,Permissioned Ledger,APAC,21504.98,Settled,7.3,36.3,2.07,4.45
TXN102786,2026-03-28,Standard Chartered,Citi,Tokenised Real Estate Fund,Hybrid Network,EU,192187.67,Settled,20.4,44.2,0.82,15.76
TXN102787,2026-03-29,UBS,BNY Mellon,Tokenised Bond,Public Blockchain,EU,64182.63,Settled,49.5,44.4,1.42,9.11
TXN102788,2026-06-22,BNY Mellon,HSBC,Tokenised Equity,Permissioned Ledger,EU,39516.19,Settled,8.8,2.0,1.79,7.07
TXN102789,2026-03-10,BNY Mellon,UBS,Tokenised Real Estate Fund,Public Blockchain,MEA,5631.08,Settled,53.0,29.9,1.11,0.63
TXN102790,2026-06-09,UBS,Standard Chartered,Tokenised Deposit,Hybrid Network,APAC,1022996.05,Settled,41.4,41.1,0.85,86.95
TXN102791,2026-06-21,JPMorgan,Deutsche Bank,Tokenised Real Estate Fund,Hybrid Network,US,34163.37,Settled,16.5,35.7,3.42,11.68
TXN102792,2026-07-12,HSBC,Deutsche Bank,Tokenised Bond,Public Blockchain,UK,80127.91,Settled,59.3,39.2,3.47,27.8
TXN102793,2026-03-28,JPMorgan,Citi,Tokenised Deposit,Hybrid Network,EU,5706.99,Settled,8.8,44.7,2.21,1.26
TXN102794,2026-04-11,Deutsche Bank,BNY Mellon,Tokenised Deposit,Permissioned Ledger,MEA,59840.4,Settled,12.6,42.9,1.13,6.76
TXN102795,2026-01-08,Deutsche Bank,HSBC,Tokenised Deposit,Public Blockchain,APAC,12230.39,Pending,,40.1,2.38,2.91
TXN102796,2026-03-18,Deutsche Bank,JPMorgan,Tokenised Deposit,Public Blockchain,EU,31847.79,Settled,78.7,23.1,3.84,12.23
TXN102797,2026-07-19,Citi,Barclays,Tokenised Bond,Permissioned Ledger,UK,31502.94,Settled,3.1,34.6,2.98,9.39
TXN102798,2026-03-28,HSBC,Barclays,Tokenised Bond,Permissioned Ledger,APAC,299165.11,Settled,6.9,32.5,4.22,126.25
TXN102799,2026-02-12,Barclays,JPMorgan,Tokenised Bond,Permissioned Ledger,APAC,72027.37,Settled,4.3,39.8,1.86,13.4
TXN102800,2026-05-09,JPMorgan,HSBC,Tokenised Deposit,Permissioned Ledger,APAC,10683.46,Settled,10.0,37.3,0.69,0.74
TXN102801,2026-04-19,BNY Mellon,JPMorgan,Regulated Stablecoin,Public Blockchain,APAC,28575.49,Pending,,34.3,2.01,5.74
TXN102802,2026-06-28,Deutsche Bank,Citi,Tokenised Real Estate Fund,Permissioned Ledger,US,79578.2,Settled,10.9,30.5,3.62,28.81
TXN102803,2026-06-01,Barclays,JPMorgan,Tokenised Real Estate Fund,Hybrid Network,UK,67493.03,Settled,16.6,63.0,3.35,22.61
TXN102804,2026-06-01,JPMorgan,Deutsche Bank,Tokenised Deposit,Permissioned Ledger,US,104903.97,Settled,7.6,48.5,3.53,37.03
TXN102805,2026-01-17,Barclays,UBS,Tokenised Deposit,Permissioned Ledger,MEA,172137.08,Settled,6.3,52.6,3.34,57.49
TXN102806,2026-05-13,UBS,HSBC,Regulated Stablecoin,Public Blockchain,EU,420622.88,Settled,41.1,31.8,4.42,185.92
TXN102807,2026-05-28,Standard Chartered,HSBC,Tokenised Deposit,Hybrid Network,MEA,8958.65,Settled,25.2,46.3,3.23,2.89
TXN102808,2026-01-21,Deutsche Bank,HSBC,Regulated Stablecoin,Permissioned Ledger,MEA,149130.06,Settled,5.7,28.8,3.8,56.67
TXN102809,2026-02-27,Deutsche Bank,Citi,Tokenised Equity,Public Blockchain,US,370731.79,Settled,68.2,36.1,0.75,27.8
TXN102810,2026-06-08,Barclays,HSBC,Tokenised Deposit,Public Blockchain,APAC,71934.85,Settled,27.0,35.3,2.79,20.07
TXN102811,2026-04-20,JPMorgan,Standard Chartered,Tokenised Deposit,Permissioned Ledger,EU,36210.58,Settled,2.4,29.8,4.35,15.75
TXN102812,2026-05-19,HSBC,Barclays,Tokenised Deposit,Permissioned Ledger,EU,127573.21,Settled,4.0,39.3,4.41,56.26
TXN102813,2026-06-29,BNY Mellon,Standard Chartered,Tokenised Deposit,Permissioned Ledger,MEA,184569.42,Pending,,19.0,1.73,31.93
TXN102814,2026-05-23,Standard Chartered,Barclays,Tokenised Equity,Public Blockchain,US,29151.44,Settled,66.3,33.3,1.71,4.98
TXN102815,2026-05-15,Deutsche Bank,JPMorgan,Tokenised Equity,Public Blockchain,MEA,75714.82,Settled,40.9,21.3,0.99,7.5
TXN102816,2026-01-28,UBS,Standard Chartered,Tokenised Bond,Public Blockchain,US,59339.34,Settled,83.6,43.6,1.03,6.11
TXN102817,2026-02-20,BNY Mellon,Standard Chartered,Tokenised Deposit,Permissioned Ledger,UK,3974.6,Settled,12.6,29.3,0.8,0.32
TXN102818,2026-07-05,Standard Chartered,Deutsche Bank,Tokenised Deposit,Permissioned Ledger,APAC,252739.54,Settled,9.5,32.8,1.01,25.53
TXN102819,2026-01-05,Barclays,Deutsche Bank,Tokenised Deposit,Public Blockchain,APAC,112935.0,Settled,63.1,29.1,3.68,41.56
TXN102820,2026-01-05,UBS,Deutsche Bank,Tokenised Deposit,Permissioned Ledger,UK,60113.08,Settled,4.9,49.8,3.36,20.2
TXN102821,2026-04-04,Deutsche Bank,JPMorgan,Tokenised Deposit,Permissioned Ledger,US,534826.85,Settled,6.8,43.9,0.88,47.06
TXN102822,2026-04-06,Barclays,JPMorgan,Tokenised Deposit,Permissioned Ledger,APAC,11218.99,Settled,8.0,50.7,1.56,1.75
TXN102823,2026-01-08,Deutsche Bank,Citi,Tokenised Bond,Hybrid Network,MEA,439994.97,Settled,17.3,34.1,4.2,184.8
TXN102824,2026-03-05,JPMorgan,BNY Mellon,Tokenised Deposit,Permissioned Ledger,MEA,4741.0,Settled,5.5,43.1,2.13,1.01
TXN102825,2026-05-18,UBS,Deutsche Bank,Tokenised Equity,Public Blockchain,APAC,17456.0,Settled,74.8,52.2,2.9,5.06
TXN102826,2026-02-07,Standard Chartered,Citi,Regulated Stablecoin,Permissioned Ledger,US,8262.55,Settled,9.3,35.1,3.07,2.54
TXN102827,2026-04-21,BNY Mellon,HSBC,Tokenised Equity,Hybrid Network,UK,301292.03,Settled,17.2,30.5,2.33,70.2
TXN102828,2026-04-22,HSBC,Citi,Tokenised Equity,Public Blockchain,APAC,23708.49,Settled,69.3,46.0,0.81,1.92
TXN102829,2026-03-22,Barclays,Citi,Tokenised Deposit,Hybrid Network,EU,4835.9,Settled,14.6,17.3,0.8,0.39
TXN102830,2026-05-16,JPMorgan,HSBC,Regulated Stablecoin,Permissioned Ledger,EU,219669.45,Settled,10.2,55.4,3.38,74.25
TXN102831,2026-04-14,Deutsche Bank,Citi,Tokenised Deposit,Permissioned Ledger,UK,14963.38,Settled,6.5,38.0,3.77,5.64
TXN102832,2026-06-02,BNY Mellon,JPMorgan,Regulated Stablecoin,Hybrid Network,EU,29465.23,Settled,25.4,39.2,1.38,4.07
TXN102833,2026-03-14,Citi,Barclays,Tokenised Equity,Hybrid Network,US,1064158.14,Settled,14.9,28.8,2.41,256.46
TXN102834,2026-07-13,UBS,Barclays,Tokenised Deposit,Permissioned Ledger,UK,65507.55,Settled,8.6,28.3,4.41,28.89
TXN102835,2026-06-27,UBS,Citi,Tokenised Deposit,Public Blockchain,APAC,12279.37,Settled,52.5,46.4,3.14,3.86
TXN102836,2026-07-14,Standard Chartered,HSBC,Tokenised Bond,Permissioned Ledger,US,106599.26,Settled,6.0,50.3,2.42,25.8
TXN102837,2026-02-18,Barclays,JPMorgan,Tokenised Deposit,Hybrid Network,US,349062.15,Pending,,42.7,4.24,148.0
TXN102838,2026-02-05,BNY Mellon,Deutsche Bank,Tokenised Bond,Permissioned Ledger,EU,40249.63,Settled,10.2,18.1,3.69,14.85
TXN102839,2026-05-06,JPMorgan,UBS,Tokenised Equity,Permissioned Ledger,UK,107777.26,Settled,3.6,29.9,1.74,18.75
TXN102840,2026-03-09,UBS,Barclays,Tokenised Bond,Permissioned Ledger,MEA,157295.86,Settled,5.1,41.8,3.35,52.69
TXN102841,2026-03-19,Barclays,BNY Mellon,Tokenised Deposit,Public Blockchain,EU,44343.72,Settled,65.0,24.7,4.44,19.69
TXN102842,2026-04-15,Deutsche Bank,Citi,Tokenised Deposit,Hybrid Network,EU,431004.68,Settled,30.9,55.0,1.71,73.7
TXN102843,2026-06-18,HSBC,Deutsche Bank,Regulated Stablecoin,Permissioned Ledger,APAC,36707.96,Settled,2.5,25.4,2.91,10.68
TXN102844,2026-05-02,JPMorgan,Deutsche Bank,Tokenised Deposit,Permissioned Ledger,MEA,26883.27,Settled,11.9,25.2,1.46,3.92
TXN102845,2026-04-29,HSBC,UBS,Tokenised Deposit,Permissioned Ledger,APAC,43895.47,Settled,10.1,34.3,4.11,18.04
TXN102846,2026-07-09,JPMorgan,Citi,Tokenised Deposit,Permissioned Ledger,UK,70116.61,Settled,6.3,11.8,3.03,21.25
TXN102847,2026-04-24,Citi,Standard Chartered,Tokenised Real Estate Fund,Permissioned Ledger,MEA,279542.35,Settled,3.7,21.7,2.22,62.06
TXN102848,2026-01-10,Barclays,Deutsche Bank,Tokenised Bond,Public Blockchain,MEA,345038.87,Settled,24.4,47.1,0.94,32.43
TXN102849,2026-05-29,Citi,Deutsche Bank,Regulated Stablecoin,Permissioned Ledger,APAC,43291.32,Settled,6.6,30.4,2.2,9.52
TXN102850,2026-06-13,HSBC,Citi,Tokenised Equity,Hybrid Network,EU,90858.72,Settled,19.7,27.0,3.59,32.62
TXN102851,2026-05-20,JPMorgan,Deutsche Bank,Tokenised Deposit,Public Blockchain,US,45366.97,Settled,91.5,29.9,3.19,14.47
TXN102852,2026-04-01,Deutsche Bank,JPMorgan,Tokenised Deposit,Permissioned Ledger,US,119118.41,Settled,8.5,17.4,0.65,7.74
TXN102853,2026-01-02,Citi,BNY Mellon,Tokenised Deposit,Permissioned Ledger,MEA,19434.06,Settled,13.1,49.9,2.81,5.46
TXN102854,2026-04-28,Citi,Standard Chartered,Tokenised Deposit,Hybrid Network,MEA,63684.03,Settled,35.0,50.5,2.11,13.44
TXN102855,2026-01-13,Deutsche Bank,Citi,Tokenised Deposit,Permissioned Ledger,MEA,4096.14,Settled,7.5,25.7,1.44,0.59
TXN102856,2026-06-30,UBS,Barclays,Tokenised Bond,Public Blockchain,UK,33417.62,Settled,72.5,20.9,3.18,10.63
TXN102857,2026-06-09,Standard Chartered,HSBC,Regulated Stablecoin,Hybrid Network,US,127211.32,Settled,30.6,23.0,0.97,12.34
TXN102858,2026-04-05,HSBC,Deutsche Bank,Tokenised Equity,Permissioned Ledger,MEA,88441.41,Settled,6.4,27.1,1.85,16.36
TXN102859,2026-05-24,Barclays,UBS,Tokenised Deposit,Public Blockchain,EU,80142.51,Settled,11.4,41.1,2.31,18.51
TXN102860,2026-02-01,Deutsche Bank,BNY Mellon,Tokenised Real Estate Fund,Permissioned Ledger,APAC,22668.89,Failed,,40.1,1.97,4.47
TXN102861,2026-02-01,BNY Mellon,Deutsche Bank,Tokenised Equity,Public Blockchain,UK,191578.84,Settled,79.1,26.0,1.09,20.88
TXN102862,2026-05-04,Deutsche Bank,JPMorgan,Tokenised Real Estate Fund,Permissioned Ledger,MEA,121366.98,Settled,3.6,23.6,3.31,40.17
TXN102863,2026-01-11,HSBC,BNY Mellon,Tokenised Bond,Permissioned Ledger,EU,3071.1,Settled,9.2,45.4,2.03,0.62
TXN102864,2026-01-10,Citi,HSBC,Tokenised Deposit,Hybrid Network,EU,17833.66,Settled,29.6,21.2,1.83,3.26
TXN102865,2026-01-15,Deutsche Bank,HSBC,Regulated Stablecoin,Public Blockchain,APAC,444982.72,Pending,,52.6,2.95,131.27
TXN102866,2026-01-17,HSBC,Barclays,Tokenised Bond,Hybrid Network,US,21851.12,Settled,20.4,40.0,1.81,3.96
TXN102867,2026-06-17,HSBC,UBS,Tokenised Deposit,Public Blockchain,US,18156.62,Settled,76.3,38.0,4.13,7.5
TXN102868,2026-05-26,BNY Mellon,Standard Chartered,Tokenised Deposit,Permissioned Ledger,EU,60038.23,Settled,9.9,45.8,1.66,9.97
TXN102869,2026-07-02,BNY Mellon,Deutsche Bank,Tokenised Deposit,Public Blockchain,MEA,60253.6,Settled,68.1,38.7,2.05,12.35
TXN102870,2026-06-02,Citi,UBS,Tokenised Bond,Permissioned Ledger,MEA,202936.9,Settled,11.9,34.2,3.05,61.9
TXN102871,2026-02-28,Barclays,Standard Chartered,Tokenised Equity,Public Blockchain,MEA,10500.51,Settled,53.4,20.3,3.0,3.15
TXN102872,2026-03-19,Standard Chartered,Citi,Tokenised Equity,Permissioned Ledger,US,62294.61,Settled,1.0,39.1,1.5,9.34
TXN102873,2026-05-04,HSBC,Barclays,Tokenised Real Estate Fund,Permissioned Ledger,EU,97297.39,Settled,11.2,12.5,2.33,22.67
TXN102874,2026-04-24,Citi,Standard Chartered,Tokenised Bond,Public Blockchain,US,35042.88,Settled,74.8,47.0,4.11,14.4
TXN102875,2026-01-22,UBS,HSBC,Tokenised Deposit,Hybrid Network,US,123631.48,Settled,21.0,54.6,1.96,24.23
TXN102876,2026-06-07,JPMorgan,Citi,Regulated Stablecoin,Permissioned Ledger,US,34706.32,Settled,4.6,47.6,1.83,6.35
TXN102877,2026-06-21,Standard Chartered,JPMorgan,Regulated Stablecoin,Public Blockchain,MEA,23272.87,Settled,78.0,18.3,3.4,7.91
TXN102878,2026-02-01,Deutsche Bank,Standard Chartered,Tokenised Deposit,Public Blockchain,US,16009.9,Settled,91.5,48.9,3.71,5.94
TXN102879,2026-06-28,HSBC,BNY Mellon,Tokenised Deposit,Public Blockchain,MEA,93100.05,Settled,66.1,33.1,3.32,30.91
TXN102880,2026-06-23,BNY Mellon,HSBC,Tokenised Deposit,Permissioned Ledger,US,399801.57,Settled,11.5,38.5,2.5,99.95
TXN102881,2026-04-23,Standard Chartered,Citi,Regulated Stablecoin,Hybrid Network,EU,3269.4,Pending,,41.4,1.23,0.4
TXN102882,2026-04-30,Citi,Barclays,Tokenised Bond,Hybrid Network,EU,9388.87,Settled,23.7,40.0,1.18,1.11
TXN102883,2026-05-29,JPMorgan,BNY Mellon,Regulated Stablecoin,Public Blockchain,APAC,152727.22,Settled,104.5,52.1,3.15,48.11
TXN102884,2026-05-02,JPMorgan,Barclays,Tokenised Deposit,Permissioned Ledger,US,678979.8,Failed,,37.8,1.08,73.33
TXN102885,2026-02-01,HSBC,JPMorgan,Tokenised Bond,Permissioned Ledger,MEA,51432.08,Settled,3.0,42.2,3.14,16.15
TXN102886,2026-04-29,Barclays,JPMorgan,Regulated Stablecoin,Public Blockchain,APAC,5504.55,Failed,,36.7,0.84,0.46
TXN102887,2026-02-08,JPMorgan,UBS,Regulated Stablecoin,Permissioned Ledger,EU,11236.93,Settled,8.4,45.4,3.41,3.83
TXN102888,2026-01-12,UBS,Barclays,Tokenised Equity,Hybrid Network,MEA,132413.77,Settled,26.6,2.7,1.35,17.88
TXN102889,2026-06-24,Barclays,BNY Mellon,Tokenised Equity,Permissioned Ledger,EU,615497.44,Settled,5.8,26.8,3.95,243.12
TXN102890,2026-01-18,Standard Chartered,Citi,Regulated Stablecoin,Permissioned Ledger,APAC,145265.66,Settled,13.6,33.8,1.28,18.59
TXN102891,2026-05-29,Deutsche Bank,BNY Mellon,Tokenised Deposit,Public Blockchain,MEA,53091.31,Settled,90.2,24.6,3.14,16.67
TXN102892,2026-05-21,BNY Mellon,Barclays,Tokenised Deposit,Permissioned Ledger,US,213715.2,Settled,13.9,50.3,3.11,66.47
TXN102893,2026-05-29,Citi,JPMorgan,Tokenised Deposit,Hybrid Network,EU,18524.63,Settled,32.7,22.2,2.01,3.72
TXN102894,2026-05-06,JPMorgan,Barclays,Regulated Stablecoin,Public Blockchain,APAC,981725.55,Pending,,45.5,1.16,113.88
TXN102895,2026-05-16,UBS,Citi,Tokenised Deposit,Hybrid Network,UK,29466.37,Pending,,34.4,3.59,10.58
TXN102896,2026-02-15,Deutsche Bank,Standard Chartered,Tokenised Equity,Permissioned Ledger,US,17301.47,Settled,2.4,43.3,3.38,5.85
TXN102897,2026-04-14,JPMorgan,UBS,Tokenised Deposit,Public Blockchain,APAC,1447853.18,Settled,54.5,38.9,1.93,279.44
TXN102898,2026-05-15,Barclays,HSBC,Tokenised Bond,Hybrid Network,APAC,14060.84,Settled,27.4,32.8,0.94,1.32
TXN102899,2026-05-31,Standard Chartered,Deutsche Bank,Tokenised Real Estate Fund,Permissioned Ledger,EU,7120.05,Settled,12.3,42.2,2.94,2.09
TXN102900,2026-03-27,Citi,Standard Chartered,Tokenised Bond,Permissioned Ledger,APAC,27031.31,Settled,8.7,46.2,1.62,4.38
TXN102901,2026-05-30,Barclays,Standard Chartered,Tokenised Bond,Hybrid Network,US,17408.08,Settled,21.1,24.9,4.22,7.35
TXN102902,2026-03-30,BNY Mellon,Deutsche Bank,Tokenised Deposit,Hybrid Network,UK,307543.54,Settled,30.9,22.6,2.24,68.89
TXN102903,2026-01-22,Barclays,Citi,Tokenised Equity,Public Blockchain,US,37770.12,Settled,51.3,33.5,2.42,9.14
TXN102904,2026-04-02,JPMorgan,Standard Chartered,Tokenised Deposit,Permissioned Ledger,EU,118654.79,Settled,11.0,13.8,1.0,11.87
TXN102905,2026-01-29,BNY Mellon,Barclays,Tokenised Bond,Public Blockchain,EU,39726.05,Settled,71.0,46.8,0.81,3.22
TXN102906,2026-01-13,UBS,BNY Mellon,Regulated Stablecoin,Hybrid Network,EU,248056.11,Settled,33.4,39.3,0.88,21.83
TXN102907,2026-01-02,JPMorgan,Barclays,Tokenised Bond,Permissioned Ledger,MEA,40465.92,Settled,6.9,30.0,2.98,12.06
TXN102908,2026-01-29,UBS,BNY Mellon,Tokenised Deposit,Public Blockchain,APAC,174467.68,Settled,107.4,32.9,4.14,72.23
TXN102909,2026-06-29,Standard Chartered,JPMorgan,Tokenised Bond,Public Blockchain,US,6715.48,Settled,35.8,28.0,3.49,2.34
TXN102910,2026-01-27,UBS,BNY Mellon,Tokenised Deposit,Permissioned Ledger,APAC,289219.34,Settled,14.4,48.8,0.82,23.72
TXN102911,2026-02-19,UBS,BNY Mellon,Tokenised Deposit,Permissioned Ledger,UK,24211.9,Settled,10.4,60.1,3.64,8.81
TXN102912,2026-04-05,HSBC,BNY Mellon,Regulated Stablecoin,Permissioned Ledger,MEA,32398.4,Settled,9.5,24.8,2.53,8.2
TXN102913,2026-05-31,Standard Chartered,Citi,Tokenised Deposit,Permissioned Ledger,UK,15424.91,Settled,6.7,51.2,1.58,2.44
TXN102914,2026-03-29,JPMorgan,Standard Chartered,Tokenised Bond,Public Blockchain,MEA,120945.87,Pending,,18.7,3.51,42.45
TXN102915,2026-02-13,Citi,Deutsche Bank,Tokenised Bond,Public Blockchain,APAC,111813.92,Settled,48.6,30.6,2.99,33.43
TXN102916,2026-01-22,Deutsche Bank,Citi,Tokenised Deposit,Permissioned Ledger,MEA,125039.35,Settled,13.4,28.1,3.74,46.76
TXN102917,2026-06-20,Standard Chartered,Barclays,Tokenised Bond,Public Blockchain,US,23566.08,Settled,61.3,41.4,1.02,2.4
TXN102918,2026-06-14,HSBC,Standard Chartered,Tokenised Bond,Permissioned Ledger,EU,5669.05,Settled,10.7,66.8,4.06,2.3
TXN102919,2026-07-08,HSBC,BNY Mellon,Tokenised Deposit,Hybrid Network,APAC,113572.14,Settled,16.6,44.5,2.59,29.42
TXN102920,2026-04-07,Standard Chartered,BNY Mellon,Regulated Stablecoin,Public Blockchain,UK,22770.88,Settled,65.6,41.0,0.62,1.41
TXN102921,2026-07-03,Citi,Deutsche Bank,Regulated Stablecoin,Hybrid Network,EU,215536.81,Settled,26.9,45.5,1.44,31.04
TXN102922,2026-01-03,HSBC,BNY Mellon,Tokenised Deposit,Public Blockchain,MEA,34499.51,Settled,54.7,32.8,2.53,8.73
TXN102923,2026-07-10,Deutsche Bank,HSBC,Tokenised Deposit,Hybrid Network,EU,123663.46,Settled,19.3,24.7,2.45,30.3
TXN102924,2026-04-28,Citi,BNY Mellon,Regulated Stablecoin,Hybrid Network,MEA,44224.96,Settled,35.7,25.0,1.84,8.14
TXN102925,2026-01-19,Citi,Standard Chartered,Tokenised Deposit,Hybrid Network,UK,228656.06,Settled,27.0,42.1,3.78,86.43
TXN102926,2026-01-23,Citi,UBS,Tokenised Deposit,Permissioned Ledger,US,57767.25,Settled,5.1,18.6,1.7,9.82
TXN102927,2026-06-06,Standard Chartered,Deutsche Bank,Tokenised Real Estate Fund,Permissioned Ledger,UK,40942.01,Settled,9.8,39.0,4.32,17.69
TXN102928,2026-01-30,Citi,BNY Mellon,Tokenised Bond,Permissioned Ledger,APAC,28582.59,Settled,8.4,27.5,3.49,9.98
TXN102929,2026-02-08,UBS,BNY Mellon,Tokenised Deposit,Permissioned Ledger,US,47911.21,Settled,4.8,48.2,0.78,3.74
TXN102930,2026-04-18,UBS,Deutsche Bank,Tokenised Bond,Permissioned Ledger,US,197303.25,Pending,,45.7,0.58,11.44
TXN102931,2026-04-21,BNY Mellon,HSBC,Tokenised Real Estate Fund,Hybrid Network,UK,180278.41,Settled,40.4,19.1,0.62,11.18
TXN102932,2026-01-25,Deutsche Bank,UBS,Tokenised Bond,Public Blockchain,US,64702.85,Settled,23.7,30.9,1.53,9.9
TXN102933,2026-05-08,Standard Chartered,Barclays,Tokenised Real Estate Fund,Hybrid Network,UK,89752.75,Settled,26.2,41.8,3.41,30.61
TXN102934,2026-04-21,Barclays,HSBC,Tokenised Equity,Hybrid Network,UK,18341.23,Settled,17.5,39.7,2.74,5.03
TXN102935,2026-05-16,Barclays,BNY Mellon,Tokenised Bond,Public Blockchain,US,171404.17,Settled,85.0,52.9,0.57,9.77
TXN102936,2026-04-16,HSBC,Deutsche Bank,Tokenised Deposit,Hybrid Network,MEA,13688.23,Settled,21.9,49.9,1.43,1.96
TXN102937,2026-07-05,Barclays,HSBC,Tokenised Bond,Public Blockchain,EU,23537.39,Settled,67.9,52.6,3.83,9.01
TXN102938,2026-05-24,UBS,JPMorgan,Tokenised Deposit,Permissioned Ledger,UK,21052.25,Settled,5.7,44.3,2.47,5.2
TXN102939,2026-03-13,Citi,Barclays,Tokenised Equity,Public Blockchain,UK,7440.75,Settled,62.4,40.4,4.03,3.0
TXN102940,2026-05-09,BNY Mellon,Deutsche Bank,Regulated Stablecoin,Public Blockchain,APAC,5488.88,Settled,88.1,38.4,4.03,2.21
TXN102941,2026-04-18,HSBC,Barclays,Tokenised Real Estate Fund,Permissioned Ledger,MEA,372386.44,Settled,4.7,25.1,3.75,139.64
TXN102942,2026-01-05,Barclays,UBS,Tokenised Real Estate Fund,Public Blockchain,APAC,30952.05,Settled,29.0,31.8,2.9,8.98
TXN102943,2026-01-03,Citi,JPMorgan,Tokenised Bond,Permissioned Ledger,APAC,41069.46,Settled,8.2,26.6,1.61,6.61
TXN102944,2026-07-12,HSBC,Deutsche Bank,Tokenised Real Estate Fund,Permissioned Ledger,MEA,90677.63,Settled,8.6,19.5,1.38,12.51
TXN102945,2026-05-12,Citi,BNY Mellon,Regulated Stablecoin,Permissioned Ledger,US,106924.05,Settled,6.1,34.4,3.32,35.5
TXN102946,2026-04-14,UBS,JPMorgan,Tokenised Bond,Permissioned Ledger,MEA,64037.25,Settled,11.2,41.4,1.33,8.52
TXN102947,2026-03-05,BNY Mellon,Standard Chartered,Tokenised Bond,Public Blockchain,US,28739.6,Settled,69.2,47.9,1.83,5.26
TXN102948,2026-04-16,BNY Mellon,Barclays,Tokenised Bond,Hybrid Network,EU,104828.26,Settled,18.2,42.2,1.71,17.93
TXN102949,2026-04-08,Standard Chartered,BNY Mellon,Tokenised Bond,Hybrid Network,UK,101442.55,Settled,17.4,38.2,4.22,42.81
TXN102950,2026-01-10,UBS,Citi,Tokenised Bond,Public Blockchain,MEA,44603.4,Settled,38.5,29.7,1.45,6.47
TXN102951,2026-05-29,JPMorgan,Citi,Tokenised Deposit,Hybrid Network,UK,81402.73,Settled,15.4,4.5,1.64,13.35
TXN102952,2026-05-08,Citi,Standard Chartered,Tokenised Deposit,Permissioned Ledger,UK,29183.78,Settled,6.8,42.6,3.08,8.99
TXN102953,2026-02-15,Deutsche Bank,JPMorgan,Tokenised Equity,Public Blockchain,EU,80193.34,Settled,56.5,31.0,2.12,17.0
TXN102954,2026-06-04,Deutsche Bank,Standard Chartered,Tokenised Real Estate Fund,Permissioned Ledger,US,64661.78,Settled,12.1,38.1,4.01,25.93
TXN102955,2026-03-07,JPMorgan,BNY Mellon,Tokenised Deposit,Public Blockchain,US,22156.36,Settled,45.2,35.3,2.5,5.54
TXN102956,2026-06-18,BNY Mellon,Barclays,Tokenised Deposit,Permissioned Ledger,MEA,104880.03,Settled,8.4,42.7,4.25,44.57
TXN102957,2026-04-22,Standard Chartered,Barclays,Tokenised Real Estate Fund,Hybrid Network,MEA,56715.46,Settled,32.6,29.7,1.6,9.07
TXN102958,2026-01-13,Barclays,Standard Chartered,Regulated Stablecoin,Permissioned Ledger,UK,81221.97,Settled,9.8,48.1,2.45,19.9
TXN102959,2026-05-17,Citi,HSBC,Tokenised Deposit,Hybrid Network,APAC,25771.37,Settled,10.3,30.3,4.32,11.13
TXN102960,2026-06-13,Standard Chartered,UBS,Regulated Stablecoin,Public Blockchain,MEA,106466.69,Settled,46.0,35.8,3.69,39.29
TXN102961,2026-03-27,JPMorgan,Standard Chartered,Regulated Stablecoin,Permissioned Ledger,MEA,27800.08,Settled,12.4,45.3,1.85,5.14
TXN102962,2026-03-31,UBS,Citi,Tokenised Deposit,Permissioned Ledger,US,16380.24,Settled,2.4,42.2,2.25,3.69
TXN102963,2026-02-27,Barclays,Citi,Regulated Stablecoin,Public Blockchain,UK,50745.22,Settled,39.4,31.9,0.68,3.45
TXN102964,2026-02-23,Standard Chartered,Barclays,Tokenised Deposit,Hybrid Network,EU,19577.09,Settled,36.8,47.7,4.02,7.87
TXN102965,2026-01-12,BNY Mellon,Deutsche Bank,Regulated Stablecoin,Public Blockchain,UK,60870.64,Settled,52.4,48.7,3.83,23.31
TXN102966,2026-01-14,Barclays,HSBC,Regulated Stablecoin,Public Blockchain,US,71820.96,Settled,53.4,24.0,1.46,10.49
TXN102967,2026-05-01,HSBC,Deutsche Bank,Tokenised Bond,Hybrid Network,UK,870560.6,Settled,34.8,37.6,3.04,264.65
TXN102968,2026-06-11,UBS,JPMorgan,Regulated Stablecoin,Hybrid Network,APAC,233433.34,Settled,22.6,25.0,0.65,15.17
TXN102969,2026-06-30,Barclays,Citi,Tokenised Deposit,Permissioned Ledger,US,96315.14,Settled,10.5,13.8,0.67,6.45
TXN102970,2026-05-01,Standard Chartered,UBS,Regulated Stablecoin,Public Blockchain,US,70344.45,Settled,83.7,22.3,3.45,24.27
TXN102971,2026-01-20,JPMorgan,Deutsche Bank,Tokenised Equity,Public Blockchain,UK,126186.19,Settled,42.7,37.3,3.14,39.62
TXN102972,2026-03-16,Standard Chartered,HSBC,Regulated Stablecoin,Public Blockchain,US,18420.87,Settled,67.5,31.0,1.84,3.39
TXN102973,2026-05-24,Standard Chartered,JPMorgan,Tokenised Equity,Public Blockchain,EU,74473.76,Settled,64.3,36.5,1.77,13.18
TXN102974,2026-03-11,HSBC,Deutsche Bank,Tokenised Deposit,Public Blockchain,EU,39208.25,Settled,45.9,41.8,1.18,4.63
TXN102975,2026-02-25,JPMorgan,UBS,Tokenised Equity,Public Blockchain,US,232063.61,Pending,,35.0,3.58,83.08
TXN102976,2026-04-11,Barclays,BNY Mellon,Regulated Stablecoin,Hybrid Network,UK,312311.01,Settled,36.6,48.4,4.41,137.73
TXN102977,2026-07-05,Standard Chartered,HSBC,Tokenised Deposit,Public Blockchain,EU,35470.26,Settled,34.1,31.7,3.51,12.45
TXN102978,2026-05-12,JPMorgan,UBS,Tokenised Equity,Permissioned Ledger,MEA,24887.06,Settled,7.6,47.1,1.68,4.18
TXN102979,2026-04-21,Standard Chartered,Deutsche Bank,Tokenised Deposit,Permissioned Ledger,MEA,10266.9,Settled,7.1,41.4,1.56,1.6
TXN102980,2026-05-05,HSBC,Standard Chartered,Tokenised Deposit,Hybrid Network,APAC,16063.29,Settled,19.6,31.0,0.67,1.08
TXN102981,2026-05-12,HSBC,UBS,Tokenised Bond,Public Blockchain,UK,18268.47,Settled,40.3,36.3,2.65,4.84
TXN102982,2026-01-20,UBS,Deutsche Bank,Tokenised Equity,Permissioned Ledger,US,29570.91,Settled,10.2,40.7,2.76,8.16
TXN102983,2026-05-18,Standard Chartered,Citi,Tokenised Deposit,Public Blockchain,UK,8124.08,Settled,74.3,16.6,3.57,2.9
TXN102984,2026-01-24,UBS,BNY Mellon,Tokenised Real Estate Fund,Hybrid Network,APAC,5000.35,Settled,17.0,41.7,4.32,2.16
TXN102985,2026-06-03,UBS,JPMorgan,Tokenised Bond,Hybrid Network,US,10768.2,Settled,38.4,46.6,2.9,3.12
TXN102986,2026-02-06,JPMorgan,HSBC,Tokenised Deposit,Permissioned Ledger,UK,31580.0,Settled,8.1,23.6,2.73,8.62
TXN102987,2026-02-23,Standard Chartered,HSBC,Regulated Stablecoin,Public Blockchain,UK,10872.56,Settled,60.3,34.6,1.96,2.13
TXN102988,2026-04-13,JPMorgan,Barclays,Tokenised Deposit,Permissioned Ledger,EU,633746.1,Settled,6.2,48.7,2.02,128.02
TXN102989,2026-05-29,Standard Chartered,UBS,Tokenised Deposit,Public Blockchain,EU,94967.71,Settled,72.5,34.3,1.5,14.25
TXN102990,2026-02-07,Citi,HSBC,Tokenised Bond,Permissioned Ledger,APAC,1040641.81,Settled,8.1,27.4,1.13,117.59
TXN102991,2026-06-23,UBS,HSBC,Tokenised Real Estate Fund,Permissioned Ledger,EU,69545.96,Settled,10.8,42.7,3.46,24.06
TXN102992,2026-01-04,Citi,BNY Mellon,Tokenised Real Estate Fund,Hybrid Network,UK,67729.62,Settled,34.1,51.7,3.7,25.06
TXN102993,2026-07-07,Barclays,Standard Chartered,Tokenised Deposit,Permissioned Ledger,APAC,38772.81,Settled,10.3,23.7,4.15,16.09
TXN102994,2026-02-26,BNY Mellon,JPMorgan,Tokenised Deposit,Public Blockchain,EU,141565.32,Settled,79.9,47.5,3.67,51.95
TXN102995,2026-06-22,Citi,BNY Mellon,Tokenised Equity,Permissioned Ledger,EU,62850.45,Settled,11.9,51.9,0.79,4.97
TXN102996,2026-01-20,Deutsche Bank,BNY Mellon,Tokenised Deposit,Public Blockchain,MEA,47720.02,Settled,68.2,37.3,0.86,4.1
TXN102997,2026-01-17,HSBC,UBS,Regulated Stablecoin,Hybrid Network,APAC,390954.71,Settled,31.5,29.9,3.95,154.43
TXN102998,2026-04-29,Barclays,Standard Chartered,Tokenised Bond,Permissioned Ledger,APAC,303560.34,Settled,1.0,21.3,0.77,23.37
TXN102999,2026-03-12,UBS,JPMorgan,Tokenised Deposit,Permissioned Ledger,UK,63534.56,Settled,4.4,23.1,4.45,28.27
