TransactionID,Date,SendingInstitution,ReceivingInstitution,AssetType,Network,Region,Amount_USD,SettlementStatus,SettlementTime_Seconds,TraditionalRail_Benchmark_Hours,Fee_BPS,Fee_USD,SettlementTime_Missing_Reason,log_amount,z_score,is_anomalous
TXN100000,2026-04-13,JPMorgan,Barclays,Tokenised Bond,Public Blockchain,MEA,673141.12,Settled,97.7,55.6,3.72,250.41,N/A,13.419711760181245,1.8824835888113371,False
TXN100001,2026-06-29,BNY Mellon,JPMorgan,Tokenised Deposit,Hybrid Network,UK,207600.84,Settled,29.6,26.2,3.48,72.25,N/A,12.243377293433051,0.9774232634418429,False
TXN100002,2026-04-03,UBS,JPMorgan,Tokenised Real Estate Fund,Permissioned Ledger,APAC,13572.54,Settled,7.4,27.4,0.85,1.15,N/A,9.515877588373584,-1.121088546154515,False
TXN100003,2026-01-15,JPMorgan,Citi,Tokenised Deposit,Public Blockchain,US,5289.62,Settled,41.9,48.7,1.19,0.63,N/A,8.573690720253127,-1.845997980949221,False
TXN100004,2026-04-17,JPMorgan,BNY Mellon,Regulated Stablecoin,Permissioned Ledger,US,88868.62,Settled,3.9,44.6,2.85,25.33,N/A,11.394925630814749,0.32463278629773895,False
TXN100005,2026-03-13,Standard Chartered,Barclays,Regulated Stablecoin,Hybrid Network,US,528718.59,Pending,,16.9,3.99,210.96,Pending,13.178213494686325,1.6966771664685427,False
TXN100006,2026-07-08,Barclays,Deutsche Bank,Tokenised Equity,Permissioned Ledger,UK,73371.55,Settled,9.0,30.2,4.12,30.23,N/A,11.203305166453685,0.17720186020960468,False
TXN100007,2026-01-21,UBS,JPMorgan,Tokenised Real Estate Fund,Public Blockchain,APAC,71997.43,Settled,67.1,22.8,1.04,7.49,N/A,11.184399592204892,0.1626560948132974,False
TXN100008,2026-04-13,Barclays,BNY Mellon,Tokenised Equity,Public Blockchain,APAC,189516.1,Settled,46.1,35.2,2.22,42.07,N/A,12.152234536900481,0.9072989108752887,False
TXN100009,2026-05-02,UBS,Citi,Tokenised Equity,Permissioned Ledger,UK,82360.5,Settled,1.0,46.6,1.89,15.57,N/A,11.3188733737005,0.2661189175685652,False
TXN100010,2026-03-16,Standard Chartered,JPMorgan,Tokenised Equity,Permissioned Ledger,US,149212.77,Pending,,34.7,1.54,22.98,Pending,11.913135254718334,0.7233382430172848,False
TXN100011,2026-03-29,Deutsche Bank,BNY Mellon,Regulated Stablecoin,Hybrid Network,EU,27303.88,Settled,16.6,43.3,1.85,5.05,N/A,10.21482071977711,-0.5833284823254413,False
TXN100012,2026-04-27,BNY Mellon,Standard Chartered,Tokenised Deposit,Hybrid Network,APAC,23041.01,Settled,16.9,38.4,2.59,5.97,N/A,10.04507435058801,-0.7139296918209579,False
TXN100013,2026-04-10,Barclays,Standard Chartered,Tokenised Deposit,Hybrid Network,EU,266526.39,Settled,27.4,53.2,2.95,78.63,N/A,12.493232294042329,1.1696592767006762,False
TXN100014,2026-04-14,HSBC,Citi,Tokenised Deposit,Hybrid Network,EU,33426.55,Settled,45.1,57.2,2.68,8.96,N/A,10.417135689262139,-0.42766930775801354,False
TXN100015,2026-06-01,Standard Chartered,HSBC,Tokenised Deposit,Public Blockchain,APAC,15604.51,Settled,17.3,35.6,3.99,6.23,N/A,9.655379336003586,-1.0137572550391212,False
TXN100016,2026-05-11,BNY Mellon,JPMorgan,Tokenised Bond,Public Blockchain,APAC,91126.42,Settled,55.0,32.5,4.44,40.46,N/A,11.420014025885628,0.3439355540459435,False
TXN100017,2026-05-30,UBS,Standard Chartered,Tokenised Equity,Permissioned Ledger,UK,7846.73,Settled,4.2,24.9,2.06,1.62,N/A,8.967979596983655,-1.5426359447676423,False
TXN100018,2026-02-22,Citi,Barclays,Tokenised Equity,Permissioned Ledger,UK,50753.16,Settled,5.4,29.7,0.88,4.47,N/A,10.83474886398799,-0.10636178300206922,False
TXN100019,2026-01-02,JPMorgan,UBS,Tokenised Bond,Public Blockchain,MEA,30760.03,Settled,51.1,51.4,4.16,12.8,N/A,10.334003908104481,-0.4916300935973362,False
TXN100020,2026-03-29,JPMorgan,HSBC,Tokenised Bond,Permissioned Ledger,APAC,98135.29,Settled,4.6,45.5,1.18,11.58,N/A,11.494112505790964,0.40094620554703914,False
TXN100021,2026-06-07,Citi,BNY Mellon,Tokenised Bond,Public Blockchain,MEA,42045.78,Settled,49.0,47.3,3.69,15.51,N/A,10.64653808696369,-0.2511693287356775,False
TXN100022,2026-02-07,BNY Mellon,Standard Chartered,Tokenised Real Estate Fund,Hybrid Network,UK,117910.82,Settled,25.1,39.2,3.17,37.38,N/A,11.677692335953246,0.5421907456966202,False
TXN100023,2026-05-10,Barclays,Citi,Regulated Stablecoin,Permissioned Ledger,EU,56470.02,Settled,11.6,67.1,3.38,19.09,N/A,10.941482865191906,-0.024241678058920538,False
TXN100024,2026-07-11,Deutsche Bank,BNY Mellon,Tokenised Equity,Permissioned Ledger,MEA,11656.85,Pending,,39.3,1.76,2.05,Pending,9.36373505182174,-1.2381455376195352,False
TXN100025,2026-07-07,JPMorgan,UBS,Tokenised Deposit,Hybrid Network,APAC,155093.39,Settled,30.5,25.9,3.8,58.94,N/A,11.951789178297707,0.7530781967808291,False
TXN100026,2026-01-21,JPMorgan,BNY Mellon,Tokenised Deposit,Permissioned Ledger,APAC,21606.58,Settled,9.8,22.3,2.81,6.07,N/A,9.980799458038081,-0.7633821705238367,False
TXN100027,2026-06-10,BNY Mellon,Standard Chartered,Regulated Stablecoin,Hybrid Network,US,821873.8,Settled,28.7,26.5,1.8,147.94,N/A,13.619343351002229,2.036078197870042,False
TXN100028,2026-02-27,Citi,BNY Mellon,Regulated Stablecoin,Permissioned Ledger,UK,44733.07,Settled,6.2,32.0,1.94,8.68,N/A,10.708490682674284,-0.20350360268897263,False
TXN100029,2026-01-22,UBS,Citi,Tokenised Deposit,Public Blockchain,MEA,105087.35,Settled,74.5,44.0,3.16,33.21,N/A,11.562556703908522,0.4536065075011013,False
TXN100030,2026-03-30,JPMorgan,Barclays,Tokenised Deposit,Hybrid Network,US,36565.89,Settled,13.6,20.2,2.03,7.42,N/A,10.50689846514265,-0.3586066989159366,False
TXN100031,2026-02-18,UBS,Standard Chartered,Tokenised Deposit,Permissioned Ledger,US,28196.92,Settled,7.3,41.1,3.93,11.08,N/A,10.247003495340637,-0.5585673670591876,False
TXN100032,2026-02-28,BNY Mellon,Barclays,Tokenised Deposit,Hybrid Network,EU,220615.61,Settled,45.6,42.8,3.04,67.07,N/A,12.304181677617992,1.024205566681194,False
TXN100033,2026-06-19,UBS,Standard Chartered,Tokenised Bond,Permissioned Ledger,MEA,1093421.77,Settled,7.3,31.8,0.55,60.14,N/A,13.904823490175898,2.2557238470885803,False
TXN100034,2026-07-07,JPMorgan,UBS,Tokenised Bond,Permissioned Ledger,US,157790.81,Settled,5.3,28.1,4.01,63.27,N/A,11.969031784906315,0.7663444910096674,False
TXN100035,2026-01-15,BNY Mellon,UBS,Tokenised Equity,Permissioned Ledger,UK,72647.64,Failed,,63.0,3.85,27.97,Failed,11.193389948933326,0.1695731880515135,False
TXN100036,2026-07-09,Citi,JPMorgan,Tokenised Deposit,Permissioned Ledger,US,65582.74,Failed,,24.9,0.88,5.77,Failed,11.091083078354703,0.09085927445737595,False
TXN100037,2026-07-09,Citi,HSBC,Tokenised Real Estate Fund,Public Blockchain,UK,81624.09,Settled,49.6,38.9,4.14,33.79,N/A,11.309891969181493,0.25920871207342383,False
TXN100038,2026-06-24,UBS,Citi,Tokenised Bond,Permissioned Ledger,US,924273.33,Settled,4.7,50.7,3.31,305.93,N/A,13.73676420049893,2.1264206602008646,False
TXN100039,2026-07-09,BNY Mellon,Citi,Tokenised Deposit,Public Blockchain,APAC,582133.86,Settled,42.1,24.8,2.39,139.13,N/A,13.274457418084115,1.7707263073272932,False
TXN100040,2026-02-20,JPMorgan,BNY Mellon,Tokenised Real Estate Fund,Permissioned Ledger,UK,68736.28,Settled,6.6,33.7,2.38,16.36,N/A,11.138046980229024,0.12699284489376145,False
TXN100041,2026-04-18,HSBC,BNY Mellon,Tokenised Bond,Permissioned Ledger,US,88970.52,Settled,3.5,45.1,1.33,11.83,N/A,11.39607159750335,0.3255144819492453,False
TXN100042,2026-02-24,UBS,JPMorgan,Tokenised Bond,Permissioned Ledger,UK,245198.52,Settled,6.3,41.8,1.67,40.95,N/A,12.409827525456633,1.105488456982872,False
TXN100043,2026-03-05,Deutsche Bank,UBS,Tokenised Real Estate Fund,Permissioned Ledger,MEA,2084683.08,Settled,8.4,52.0,4.02,838.04,N/A,14.550127881350972,2.752214784614,False
TXN100044,2026-05-11,BNY Mellon,Citi,Regulated Stablecoin,Permissioned Ledger,US,160417.98,Settled,7.7,31.6,3.42,54.86,N/A,11.985544296591264,0.7790490572879645,False
TXN100045,2026-02-20,UBS,Citi,Tokenised Equity,Public Blockchain,MEA,13897.01,Settled,78.4,29.5,4.32,6.0,N/A,9.539500943402004,-1.102912966000476,False
TXN100046,2026-05-15,Citi,Standard Chartered,Tokenised Equity,Permissioned Ledger,US,171770.53,Settled,9.6,45.8,3.7,63.56,N/A,12.05392055885111,0.831657090052248,False
TXN100047,2026-01-21,Barclays,JPMorgan,Regulated Stablecoin,Permissioned Ledger,APAC,12500.14,Settled,7.4,46.3,1.78,2.23,N/A,9.433575119131925,-1.1844112674520404,False
TXN100048,2026-03-14,Barclays,Standard Chartered,Regulated Stablecoin,Permissioned Ledger,MEA,276240.64,Settled,2.8,38.5,3.99,110.22,N/A,12.529031268912744,1.1972026606275947,False
TXN100049,2026-06-16,Citi,UBS,Regulated Stablecoin,Permissioned Ledger,EU,160591.67,Settled,9.7,47.0,2.63,42.24,N/A,11.986626438108244,0.7798816464716861,False
TXN100050,2026-01-18,BNY Mellon,Barclays,Tokenised Bond,Permissioned Ledger,EU,28532.82,Settled,9.9,52.0,0.77,2.2,N/A,10.258845329391036,-0.5494563748358171,False
TXN100051,2026-05-12,UBS,BNY Mellon,Tokenised Bond,Hybrid Network,APAC,49857.06,Settled,15.6,22.9,3.66,18.25,N/A,10.81693544737553,-0.12006725290960604,False
TXN100052,2026-03-30,Citi,JPMorgan,Tokenised Bond,Public Blockchain,US,418657.89,Settled,69.1,35.1,2.6,108.85,N/A,12.944811762328893,1.5171001381653844,False
TXN100053,2026-03-01,Deutsche Bank,UBS,Tokenised Bond,Permissioned Ledger,APAC,38204.46,Settled,8.7,10.6,2.02,7.72,N/A,10.550733716318042,-0.32488028197167546,False
TXN100054,2026-01-14,Deutsche Bank,JPMorgan,Tokenised Deposit,Permissioned Ledger,US,253569.46,Settled,4.4,16.5,1.37,34.74,N/A,12.443397012110735,1.1313164943076952,False
TXN100055,2026-01-09,BNY Mellon,JPMorgan,Tokenised Real Estate Fund,Permissioned Ledger,APAC,313086.15,Settled,8.1,41.0,1.04,32.56,N/A,12.65423686527139,1.2935346316627458,False
TXN100056,2026-03-31,UBS,Citi,Tokenised Deposit,Permissioned Ledger,US,42768.84,Settled,12.8,42.7,0.96,4.11,N/A,10.663588460274045,-0.23805093694137705,False
TXN100057,2026-02-22,BNY Mellon,Citi,Tokenised Real Estate Fund,Permissioned Ledger,APAC,40777.09,Failed,,37.1,2.93,11.95,Failed,10.615900206346925,-0.2747418168191843,False
TXN100058,2026-05-10,Standard Chartered,BNY Mellon,Tokenised Deposit,Permissioned Ledger,APAC,1835452.8,Failed,,29.8,3.85,706.65,Failed,14.422802311348914,2.654251726426581,False
TXN100059,2026-03-25,Standard Chartered,HSBC,Tokenised Bond,Hybrid Network,MEA,24848.27,Settled,23.3,30.3,1.58,3.93,N/A,10.12058365483574,-0.6558335657593016,False
TXN100060,2026-04-02,UBS,JPMorgan,Tokenised Real Estate Fund,Public Blockchain,US,91283.01,Settled,52.8,43.6,3.44,31.4,N/A,11.42173091433352,0.34525651135969726,False
TXN100061,2026-04-21,Deutsche Bank,Barclays,Tokenised Deposit,Permissioned Ledger,EU,25583.32,Settled,5.9,41.5,3.91,10.0,N/A,10.149734942812898,-0.6334048476290906,False
TXN100062,2026-07-07,Barclays,Standard Chartered,Regulated Stablecoin,Hybrid Network,US,84596.84,Settled,42.7,31.7,3.68,31.13,N/A,11.345664013353476,0.28673137578226277,False
TXN100063,2026-07-18,JPMorgan,Deutsche Bank,Tokenised Deposit,Hybrid Network,APAC,86176.93,Pending,,43.8,0.87,7.5,Pending,11.364169391387273,0.3009692340936433,False
TXN100064,2026-06-21,HSBC,Standard Chartered,Tokenised Equity,Permissioned Ledger,EU,1934896.24,Settled,10.9,61.0,4.17,806.85,N/A,14.475564777092696,2.694846655643755,False
TXN100065,2026-01-08,Standard Chartered,BNY Mellon,Tokenised Bond,Public Blockchain,MEA,13299.53,Failed,,32.0,3.56,4.73,Failed,9.49555916303993,-1.1367213454673735,False
TXN100066,2026-06-24,JPMorgan,UBS,Regulated Stablecoin,Hybrid Network,UK,15832.24,Settled,17.1,22.8,0.62,0.98,N/A,9.669866806600407,-1.0026107357261351,False
TXN100067,2026-02-04,Standard Chartered,BNY Mellon,Tokenised Real Estate Fund,Permissioned Ledger,EU,19833.04,Settled,11.4,47.4,3.27,6.49,N/A,9.89515493248297,-0.8292762375227398,False
TXN100068,2026-03-22,Deutsche Bank,BNY Mellon,Tokenised Deposit,Permissioned Ledger,APAC,18719.95,Settled,5.9,29.6,0.56,1.05,N/A,9.837398496607202,-0.8737134789056323,False
TXN100069,2026-06-13,BNY Mellon,Deutsche Bank,Regulated Stablecoin,Hybrid Network,UK,182335.24,Settled,29.7,41.8,4.04,73.66,N/A,12.11360773410803,0.8775798235820629,False
TXN100070,2026-02-19,Barclays,Citi,Regulated Stablecoin,Permissioned Ledger,UK,209067.13,Settled,4.6,61.3,2.81,58.75,N/A,12.250415458687975,0.9828383595014141,False
TXN100071,2026-04-14,JPMorgan,Citi,Regulated Stablecoin,Permissioned Ledger,US,166039.4,Settled,6.6,33.4,2.5,41.51,N/A,12.019986411222131,0.8055484861114663,False
TXN100072,2026-05-12,BNY Mellon,Standard Chartered,Tokenised Equity,Public Blockchain,APAC,214423.51,Settled,84.7,41.1,2.11,45.24,N/A,12.275713020674713,1.0023020582452453,False
TXN100073,2026-01-02,Citi,Barclays,Tokenised Deposit,Permissioned Ledger,US,38531.88,Settled,11.5,39.4,2.7,10.4,N/A,10.559267181777217,-0.31831471644305476,False
TXN100074,2026-05-14,BNY Mellon,UBS,Tokenised Deposit,Permissioned Ledger,US,19710.86,Settled,9.0,36.1,2.3,4.53,N/A,9.888975764035298,-0.8340304297732004,False
TXN100075,2026-02-23,HSBC,UBS,Regulated Stablecoin,Public Blockchain,APAC,220758.01,Settled,9.5,57.6,1.44,31.79,N/A,12.304826933035319,1.0247020199387158,False
TXN100076,2026-04-16,Barclays,Citi,Tokenised Deposit,Permissioned Ledger,APAC,22915.21,Settled,10.7,14.0,1.04,2.38,N/A,10.03959979938943,-0.7181417583964916,False
TXN100077,2026-01-04,BNY Mellon,Deutsche Bank,Regulated Stablecoin,Permissioned Ledger,APAC,57727.62,Settled,10.1,47.2,2.87,16.57,N/A,10.963508343386795,-0.007295488837252288,False
TXN100078,2026-02-23,HSBC,BNY Mellon,Tokenised Equity,Public Blockchain,UK,76143.2,Settled,38.9,38.5,4.13,31.45,N/A,11.24038418995967,0.20573010113710058,False
TXN100079,2026-07-10,JPMorgan,Standard Chartered,Tokenised Real Estate Fund,Permissioned Ledger,APAC,237499.96,Settled,10.2,37.3,3.88,92.15,N/A,12.377926944553927,1.0809444595506699,False
TXN100080,2026-05-26,BNY Mellon,Standard Chartered,Regulated Stablecoin,Permissioned Ledger,MEA,76799.93,Settled,8.2,23.3,0.92,7.07,N/A,11.248972028437446,0.21233750073868074,False
TXN100081,2026-02-13,UBS,JPMorgan,Tokenised Equity,Public Blockchain,EU,237050.84,Settled,11.5,35.6,3.96,93.87,N/A,12.37603413037565,1.0794881466868713,False
TXN100082,2026-06-11,Citi,Standard Chartered,Tokenised Bond,Permissioned Ledger,US,298241.36,Settled,7.0,31.2,3.13,93.35,N/A,12.605661723538184,1.256161388911936,False
TXN100083,2026-07-09,HSBC,BNY Mellon,Tokenised Bond,Hybrid Network,UK,112115.1,Settled,31.7,34.0,1.0,11.21,N/A,11.627290220513913,0.5034118471024689,False
TXN100084,2026-01-14,Barclays,BNY Mellon,Regulated Stablecoin,Hybrid Network,APAC,18567.96,Settled,31.4,32.1,1.97,3.66,N/A,9.829246648470427,-0.8799854317690278,False
TXN100085,2026-04-05,Citi,UBS,Tokenised Deposit,Permissioned Ledger,EU,131156.12,Settled,8.9,28.4,1.47,19.28,N/A,11.784151272803507,0.6240992187948695,False
TXN100086,2026-02-17,Barclays,Deutsche Bank,Tokenised Real Estate Fund,Hybrid Network,UK,45096.2,Settled,1.0,45.3,2.88,12.99,N/A,10.716575439306256,-0.1972832693784197,False
TXN100087,2026-01-15,Citi,Standard Chartered,Tokenised Deposit,Permissioned Ledger,APAC,2610.1,Settled,12.2,29.4,2.32,0.61,N/A,7.867526867467828,-2.389313597750619,False
TXN100088,2026-07-19,BNY Mellon,JPMorgan,Tokenised Deposit,Permissioned Ledger,APAC,143590.33,Pending,,31.8,0.57,8.18,Pending,11.874726557728986,0.6937869642128024,False
TXN100089,2026-07-09,Barclays,JPMorgan,Tokenised Deposit,Public Blockchain,EU,28404.92,Settled,79.1,59.0,2.77,7.87,N/A,10.254352853130694,-0.5529128424824209,False
TXN100090,2026-02-09,JPMorgan,Barclays,Regulated Stablecoin,Public Blockchain,APAC,143098.13,Settled,73.5,8.7,1.71,24.47,N/A,11.871292885861491,0.6911451303930408,False
TXN100091,2026-03-23,Deutsche Bank,Standard Chartered,Tokenised Deposit,Permissioned Ledger,EU,17726.66,Settled,5.9,35.5,3.19,5.65,N/A,9.782881410662736,-0.9156583958810671,False
TXN100092,2026-04-21,JPMorgan,Standard Chartered,Regulated Stablecoin,Hybrid Network,MEA,321107.33,Settled,38.5,53.6,1.32,42.39,N/A,12.679533821815236,1.31299786458469,False
TXN100093,2026-02-22,HSBC,JPMorgan,Regulated Stablecoin,Public Blockchain,UK,91405.53,Settled,67.9,53.0,1.09,9.96,N/A,11.42307219909154,0.3462884828387464,False
TXN100094,2026-01-24,Deutsche Bank,BNY Mellon,Tokenised Equity,Public Blockchain,APAC,301383.39,Settled,42.0,27.5,3.26,98.25,N/A,12.61614177219428,1.264224636665609,False
TXN100095,2026-06-03,HSBC,Deutsche Bank,Regulated Stablecoin,Hybrid Network,APAC,64926.45,Settled,14.1,34.1,4.33,28.11,N/A,11.081025771668026,0.08312128027333435,False
TXN100096,2026-07-07,Standard Chartered,JPMorgan,Tokenised Bond,Permissioned Ledger,MEA,68871.9,Pending,,20.3,2.33,16.05,Pending,11.140018055972236,0.12850937144629093,False
TXN100097,2026-05-04,UBS,Citi,Regulated Stablecoin,Hybrid Network,APAC,76815.3,Settled,16.6,40.8,4.48,34.41,N/A,11.249172136199462,0.21249146170923663,False
TXN100098,2026-02-10,BNY Mellon,UBS,Tokenised Bond,Permissioned Ledger,APAC,63726.12,Pending,,30.9,2.87,18.29,Pending,11.062365496639165,0.06876424571683512,False
TXN100099,2026-06-06,Citi,UBS,Tokenised Deposit,Public Blockchain,EU,7313.14,Settled,70.7,45.1,1.92,1.4,N/A,8.897564739898844,-1.5968124526108558,False
TXN100100,2026-01-15,Deutsche Bank,Barclays,Regulated Stablecoin,Permissioned Ledger,EU,234445.77,Pending,,27.3,1.43,33.53,Pending,12.364983847498113,1.070986166255901,False
TXN100101,2026-02-14,UBS,JPMorgan,Tokenised Bond,Public Blockchain,APAC,233815.32,Settled,59.9,54.7,0.55,12.86,N/A,12.362291128834613,1.0689144146422187,False
TXN100102,2026-03-06,JPMorgan,HSBC,Tokenised Deposit,Permissioned Ledger,APAC,11783.67,Settled,9.8,46.6,3.42,4.03,N/A,9.374554813281105,-1.2298209181310806,False
TXN100103,2026-03-30,Barclays,BNY Mellon,Tokenised Deposit,Permissioned Ledger,UK,33265.72,Settled,18.5,18.4,2.43,8.08,N/A,10.412312776836574,-0.43138000978409385,False
TXN100104,2026-03-12,UBS,BNY Mellon,Regulated Stablecoin,Permissioned Ledger,US,6528.25,Settled,6.7,50.9,2.16,1.41,N/A,8.784047361156581,-1.6841516224165098,False
TXN100105,2026-01-09,UBS,Barclays,Tokenised Equity,Hybrid Network,EU,4959.12,Settled,25.1,24.6,1.38,0.68,N/A,8.509185212974701,-1.895627892386674,False
TXN100106,2026-03-29,JPMorgan,Citi,Tokenised Deposit,Permissioned Ledger,UK,14601.9,Settled,10.1,56.2,2.75,4.02,N/A,9.58897541810906,-1.0648477851853348,False
TXN100107,2026-05-09,Barclays,JPMorgan,Tokenised Bond,Permissioned Ledger,US,30174.19,Settled,10.3,32.5,4.29,12.94,N/A,10.314775342549057,-0.5064243653711537,False
TXN100108,2026-05-16,JPMorgan,Barclays,Tokenised Equity,Permissioned Ledger,APAC,69304.87,Settled,10.9,28.1,1.68,11.64,N/A,11.146284885775502,0.1333310094932134,False
TXN100109,2026-03-04,Citi,Barclays,Regulated Stablecoin,Permissioned Ledger,UK,21364.75,Settled,10.0,31.6,2.34,5.0,N/A,9.969544451604278,-0.7720416632726741,False
TXN100110,2026-05-19,UBS,HSBC,Tokenised Deposit,Hybrid Network,MEA,25620.67,Settled,37.1,36.8,2.35,6.02,N/A,10.151193756776806,-0.6322824503193548,False
TXN100111,2026-03-22,Deutsche Bank,JPMorgan,Tokenised Deposit,Permissioned Ledger,MEA,328897.07,Settled,9.0,30.2,0.5,16.44,N/A,12.703503164114933,1.3314396439883198,False
TXN100112,2026-05-16,HSBC,Citi,Tokenised Bond,Public Blockchain,MEA,28092.42,Settled,48.2,35.7,4.03,11.32,N/A,10.243290664200169,-0.561423983315042,False
TXN100113,2026-06-12,Deutsche Bank,JPMorgan,Tokenised Deposit,Permissioned Ledger,APAC,44973.97,Settled,11.7,45.8,3.89,17.49,N/A,10.713861391781268,-0.1993714312111881,False
TXN100114,2026-06-12,Deutsche Bank,Standard Chartered,Tokenised Bond,Permissioned Ledger,MEA,32737.43,Settled,9.4,45.4,3.73,12.21,N/A,10.396304896201706,-0.44369631782862484,False
TXN100115,2026-02-02,Standard Chartered,JPMorgan,Tokenised Real Estate Fund,Public Blockchain,MEA,43174.25,Settled,52.9,23.5,2.16,9.33,N/A,10.673022693386072,-0.23079232952032125,False
TXN100116,2026-05-03,JPMorgan,Barclays,Tokenised Equity,Permissioned Ledger,EU,125369.96,Settled,8.3,16.9,3.36,42.12,N/A,11.739032301415044,0.5893851199739253,False
TXN100117,2026-01-05,Standard Chartered,HSBC,Tokenised Equity,Permissioned Ledger,UK,167848.21,Settled,4.4,33.8,1.22,20.48,N/A,12.030821295813846,0.8138847411912192,False
TXN100118,2026-02-10,Standard Chartered,UBS,Tokenised Deposit,Hybrid Network,EU,34564.29,Settled,31.8,29.6,1.88,6.5,N/A,10.450605278334043,-0.40191813066368015,False
TXN100119,2026-01-28,Deutsche Bank,Standard Chartered,Tokenised Deposit,Hybrid Network,US,120816.91,Settled,32.4,49.7,2.24,27.06,N/A,11.702039815082593,0.5609234599081221,False
TXN100120,2026-05-15,Barclays,Citi,Tokenised Bond,Permissioned Ledger,EU,147886.31,Settled,10.5,32.5,3.86,57.08,N/A,11.904205843800717,0.716468040894587,False
TXN100121,2026-03-13,JPMorgan,Barclays,Tokenised Deposit,Public Blockchain,EU,54552.62,Settled,75.5,24.0,3.77,20.57,N/A,10.906939350195985,-0.05081912333946116,False
TXN100122,2026-01-12,Standard Chartered,Citi,Tokenised Bond,Hybrid Network,US,47335.29,Settled,5.5,41.0,3.74,17.7,N/A,10.765032510753176,-0.16000086876030495,False
TXN100123,2026-06-11,Citi,Standard Chartered,Regulated Stablecoin,Public Blockchain,EU,40382.74,Settled,81.2,43.4,1.5,6.06,N/A,10.606182507686816,-0.28221851988262014,False
TXN100124,2026-02-02,JPMorgan,Deutsche Bank,Regulated Stablecoin,Public Blockchain,US,25295.45,Settled,50.1,21.3,2.15,5.44,N/A,10.138419348664838,-0.6421109559774272,False
TXN100125,2026-02-17,UBS,JPMorgan,Tokenised Real Estate Fund,Permissioned Ledger,APAC,34028.76,Settled,6.4,15.5,3.24,11.03,N/A,10.434990714869436,-0.41393182429355957,False
TXN100126,2026-05-31,Deutsche Bank,JPMorgan,Tokenised Deposit,Permissioned Ledger,APAC,148925.79,Failed,,39.2,3.64,54.21,Failed,11.911210121897543,0.7218570645035064,False
TXN100127,2026-03-03,Standard Chartered,JPMorgan,Regulated Stablecoin,Hybrid Network,EU,37478.13,Pending,,35.5,0.91,3.41,Pending,10.53153952370301,-0.3396481075386571,False
TXN100128,2026-02-06,BNY Mellon,UBS,Tokenised Bond,Hybrid Network,UK,25962.68,Settled,42.0,22.7,1.56,4.05,N/A,10.164453917320053,-0.6220802114536532,False
TXN100129,2026-04-09,UBS,Standard Chartered,Tokenised Deposit,Permissioned Ledger,EU,6907.64,Settled,8.6,36.8,2.91,2.01,N/A,8.84052808118247,-1.6406959044309244,False
TXN100130,2026-06-21,JPMorgan,UBS,Tokenised Deposit,Permissioned Ledger,APAC,77383.24,Settled,5.6,54.0,1.57,12.15,N/A,11.256538421273888,0.21815900997436047,False
TXN100131,2026-04-14,JPMorgan,Barclays,Tokenised Deposit,Hybrid Network,US,303180.58,Settled,33.2,54.5,1.75,53.06,N/A,12.622087178925986,1.268798974919869,False
TXN100132,2026-02-04,Barclays,Deutsche Bank,Tokenised Deposit,Public Blockchain,MEA,50309.26,Settled,39.9,20.4,4.26,21.43,N/A,10.825964311430667,-0.11312053250784052,False
TXN100133,2026-07-12,UBS,JPMorgan,Tokenised Deposit,Public Blockchain,APAC,115752.04,Settled,42.7,56.3,0.56,6.48,N/A,11.659214235102521,0.5279738741852396,False
TXN100134,2026-04-11,Standard Chartered,UBS,Regulated Stablecoin,Permissioned Ledger,APAC,153139.46,Pending,,53.1,1.36,20.83,Pending,11.939110818449986,0.7433235897253633,False
TXN100135,2026-06-24,Deutsche Bank,JPMorgan,Regulated Stablecoin,Permissioned Ledger,US,148287.82,Settled,8.7,31.6,4.16,61.69,N/A,11.906917137556647,0.7185540840041604,False
TXN100136,2026-05-11,Standard Chartered,Barclays,Tokenised Bond,Permissioned Ledger,MEA,84373.38,Settled,3.4,50.6,1.32,11.14,N/A,11.343019079999685,0.2846963897222352,False
TXN100137,2026-01-01,HSBC,UBS,Regulated Stablecoin,Hybrid Network,APAC,230282.57,Settled,17.2,27.7,1.58,36.38,N/A,12.347066741535654,1.0572009187685178,False
TXN100138,2026-01-05,Barclays,UBS,Tokenised Deposit,Permissioned Ledger,MEA,108926.52,Settled,4.0,15.4,1.83,19.93,N/A,11.59843798590279,0.4812132177305297,False
TXN100139,2026-05-22,BNY Mellon,Standard Chartered,Tokenised Equity,Permissioned Ledger,APAC,314106.02,Pending,,38.5,2.97,93.29,Pending,12.65748903484719,1.296036819380298,False
TXN100140,2026-04-13,Deutsche Bank,HSBC,Regulated Stablecoin,Public Blockchain,US,10008.05,Settled,53.2,28.8,3.96,3.96,N/A,9.211244962710587,-1.3554699326515698,False
TXN100141,2026-01-27,Standard Chartered,Citi,Tokenised Real Estate Fund,Hybrid Network,EU,241964.89,Settled,46.4,27.0,1.49,36.05,N/A,12.396552044791157,1.0952744309637708,False
TXN100142,2026-05-17,Deutsche Bank,JPMorgan,Regulated Stablecoin,Permissioned Ledger,APAC,98491.05,Settled,6.6,36.0,3.64,35.85,N/A,11.497731113243,0.403730327011216,False
TXN100143,2026-01-15,UBS,HSBC,Regulated Stablecoin,Permissioned Ledger,MEA,1785.79,Settled,10.9,23.9,0.55,0.1,N/A,7.488175992865034,-2.681182480030595,False
TXN100144,2026-03-31,UBS,Barclays,Tokenised Bond,Hybrid Network,MEA,167289.89,Settled,28.4,42.8,0.94,15.73,N/A,12.02748943241399,0.8113212378186655,False
TXN100145,2026-02-11,Barclays,Citi,Tokenised Deposit,Permissioned Ledger,APAC,210794.72,Settled,3.1,40.2,3.47,73.15,N/A,12.258644791837911,0.98916992858214,False
TXN100146,2026-05-04,Citi,Barclays,Tokenised Deposit,Hybrid Network,MEA,13504.8,Settled,11.4,44.5,4.01,5.42,N/A,9.510874501791767,-1.1249378724282821,False
TXN100147,2026-06-28,Barclays,BNY Mellon,Tokenised Deposit,Permissioned Ledger,US,60581.79,Settled,8.9,10.1,3.68,22.29,N/A,11.011766138324305,0.02983359036799527,False
TXN100148,2026-03-04,Deutsche Bank,BNY Mellon,Tokenised Equity,Permissioned Ledger,US,2927.43,Settled,4.8,26.8,2.46,0.72,N/A,7.98222172222213,-2.301068489325724,False
TXN100149,2026-04-06,HSBC,Barclays,Tokenised Bond,Public Blockchain,MEA,408802.09,Settled,62.2,56.9,1.15,47.01,N/A,12.92098887655148,1.4987710409890103,False
TXN100150,2026-02-21,JPMorgan,Standard Chartered,Tokenised Deposit,Permissioned Ledger,US,256413.36,Settled,13.5,32.9,1.74,44.62,N/A,12.454550008700611,1.1398975016723627,False
TXN100151,2026-04-06,HSBC,Barclays,Tokenised Deposit,Permissioned Ledger,US,38607.94,Settled,9.3,54.7,4.44,17.14,N/A,10.56123913485396,-0.3167975148786194,False
TXN100152,2026-05-12,JPMorgan,Citi,Tokenised Bond,Public Blockchain,UK,245660.24,Settled,81.1,36.0,2.15,52.82,N/A,12.411708792707147,1.106935885752484,False
TXN100153,2026-05-31,UBS,Deutsche Bank,Tokenised Equity,Public Blockchain,MEA,11088.69,Settled,75.2,35.9,2.26,2.51,N/A,9.313771126842807,-1.2765872967249832,False
TXN100154,2026-05-23,JPMorgan,BNY Mellon,Tokenised Real Estate Fund,Public Blockchain,MEA,50427.25,Settled,63.5,3.8,0.57,2.87,N/A,10.82830681290213,-0.11131823460374116,False
TXN100155,2026-06-20,UBS,BNY Mellon,Tokenised Equity,Permissioned Ledger,MEA,83905.43,Settled,7.2,40.4,3.36,28.19,N/A,11.337457528374472,0.2804173858625683,False
TXN100156,2026-01-29,Barclays,BNY Mellon,Tokenised Equity,Public Blockchain,UK,97123.35,Settled,67.8,35.4,1.83,17.77,N/A,11.483747395240862,0.3929713900569352,False
TXN100157,2026-02-05,JPMorgan,UBS,Tokenised Equity,Permissioned Ledger,US,293795.59,Settled,6.8,5.6,0.55,16.16,N/A,12.5906429361195,1.2446060795912923,False
TXN100158,2026-01-13,Citi,HSBC,Tokenised Bond,Public Blockchain,EU,41839.12,Settled,78.8,42.0,0.77,3.22,N/A,10.641610966803526,-0.25496020718168527,False
TXN100159,2026-06-09,UBS,Citi,Regulated Stablecoin,Permissioned Ledger,EU,63420.88,Settled,5.7,34.9,3.42,21.69,N/A,11.057564191298512,0.06507016797224438,False
TXN100160,2026-03-12,Citi,JPMorgan,Regulated Stablecoin,Public Blockchain,APAC,192179.68,Settled,85.5,43.8,2.44,46.89,N/A,12.166191250174462,0.9180370706537369,False
TXN100161,2026-07-06,BNY Mellon,UBS,Tokenised Deposit,Hybrid Network,MEA,13643.37,Settled,26.0,29.1,2.2,3.0,N/A,9.521082261318018,-1.1170841212892364,False
TXN100162,2026-03-27,HSBC,Citi,Tokenised Bond,Public Blockchain,EU,21135.83,Settled,90.1,21.2,2.06,4.35,N/A,9.95877229548389,-0.7803296556752101,False
TXN100163,2026-01-28,BNY Mellon,UBS,Tokenised Deposit,Permissioned Ledger,US,327659.24,Settled,9.6,40.9,2.67,87.49,N/A,12.699732496840568,1.328538529172199,False
TXN100164,2026-03-07,Citi,Standard Chartered,Tokenised Equity,Permissioned Ledger,MEA,19892.06,Settled,6.0,22.9,1.36,2.71,N/A,9.898126206168758,-0.8269901683775804,False
TXN100165,2026-06-19,JPMorgan,Barclays,Tokenised Bond,Hybrid Network,APAC,21586.2,Settled,45.8,53.1,1.03,2.22,N/A,9.979855825427277,-0.7641081922990249,False
TXN100166,2026-02-14,Deutsche Bank,BNY Mellon,Tokenised Bond,Permissioned Ledger,UK,14479.45,Settled,10.7,38.1,1.8,2.61,N/A,9.580554742804884,-1.0713265710630422,False
TXN100167,2026-03-03,JPMorgan,Barclays,Tokenised Deposit,Permissioned Ledger,EU,122912.33,Settled,11.1,42.0,0.75,9.22,N/A,11.719234751836892,0.57415307741357,False
TXN100168,2026-07-04,UBS,BNY Mellon,Tokenised Equity,Hybrid Network,APAC,26006.55,Settled,29.6,33.7,1.56,4.06,N/A,10.16614215946555,-0.6207812943270211,False
TXN100169,2026-05-14,BNY Mellon,JPMorgan,Tokenised Bond,Hybrid Network,MEA,8661.09,Settled,28.7,41.6,2.22,1.92,N/A,9.066711311930707,-1.4666727212286055,False
TXN100170,2026-01-28,Citi,Barclays,Tokenised Deposit,Public Blockchain,MEA,25076.38,Settled,65.5,44.9,3.33,8.35,N/A,10.129721523580207,-0.6488029782071801,False
TXN100171,2026-01-28,UBS,HSBC,Tokenised Real Estate Fund,Hybrid Network,APAC,128918.16,Settled,32.6,43.3,3.93,50.66,N/A,11.766940820239515,0.6108576635759854,False
TXN100172,2026-04-18,BNY Mellon,JPMorgan,Tokenised Real Estate Fund,Permissioned Ledger,MEA,40753.87,Settled,11.3,23.6,1.03,4.2,N/A,10.615330620730807,-0.27518005046583965,False
TXN100173,2026-02-13,Deutsche Bank,Standard Chartered,Tokenised Bond,Permissioned Ledger,US,254579.55,Settled,8.7,48.5,2.82,71.79,N/A,12.447372567843178,1.1343752483155385,False
TXN100174,2026-03-25,BNY Mellon,Deutsche Bank,Tokenised Real Estate Fund,Public Blockchain,US,81135.13,Settled,38.6,48.7,2.02,16.39,N/A,11.303883640281594,0.25458596211345563,False
TXN100175,2026-01-30,Barclays,Citi,Tokenised Bond,Public Blockchain,US,77541.88,Settled,54.0,2.0,3.94,30.55,N/A,11.258586352655366,0.2197346685092825,False
TXN100176,2026-07-09,BNY Mellon,Citi,Tokenised Bond,Hybrid Network,US,33897.93,Pending,,38.4,0.72,2.44,Pending,10.431138729448577,-0.41689550450260615,False
TXN100177,2026-03-16,JPMorgan,Deutsche Bank,Regulated Stablecoin,Hybrid Network,EU,139819.18,Settled,32.5,43.2,2.16,30.2,N/A,11.848112447434623,0.6733103259748517,False
TXN100178,2026-05-08,BNY Mellon,Barclays,Tokenised Deposit,Permissioned Ledger,EU,38728.11,Settled,9.0,54.6,3.85,14.91,N/A,10.564346792642388,-0.3144065131281505,False
TXN100179,2026-04-02,JPMorgan,Citi,Tokenised Equity,Hybrid Network,US,181710.27,Settled,36.8,39.6,3.07,55.79,N/A,12.110174277777228,0.8749381555941413,False
TXN100180,2026-07-09,HSBC,Deutsche Bank,Tokenised Deposit,Public Blockchain,APAC,20959.22,Settled,57.0,47.2,4.03,8.45,N/A,9.9503816345631,-0.7867853487775526,False
TXN100181,2026-05-09,BNY Mellon,Deutsche Bank,Regulated Stablecoin,Permissioned Ledger,MEA,84090.32,Pending,,53.9,3.7,31.11,Pending,11.339658630170739,0.2821108922284981,False
TXN100182,2026-05-01,UBS,Citi,Tokenised Equity,Permissioned Ledger,US,83209.33,Settled,10.5,35.6,3.89,32.37,N/A,11.329126777756098,0.2740077871656262,False
TXN100183,2026-01-27,Citi,JPMorgan,Tokenised Deposit,Permissioned Ledger,MEA,108137.97,Pending,,39.7,4.25,45.96,Pending,11.59117243820042,0.4756231758220651,False
TXN100184,2026-07-09,BNY Mellon,Deutsche Bank,Tokenised Deposit,Permissioned Ledger,EU,52847.43,Settled,4.2,34.7,2.62,13.85,N/A,10.875183284140007,-0.07525193245074178,False
TXN100185,2026-05-01,Deutsche Bank,HSBC,Tokenised Real Estate Fund,Permissioned Ledger,APAC,21975.37,Settled,6.2,48.6,1.7,3.74,N/A,9.99772306418234,-0.7503613121571775,False
TXN100186,2026-04-26,Barclays,Deutsche Bank,Tokenised Deposit,Permissioned Ledger,APAC,33091.87,Settled,8.5,43.1,1.09,3.61,N/A,10.407073130306566,-0.4354113429867833,False
TXN100187,2026-01-03,Standard Chartered,Deutsche Bank,Tokenised Deposit,Hybrid Network,EU,29008.67,Settled,33.5,54.0,1.12,3.25,N/A,10.275384501662952,-0.5367312961605815,False
TXN100188,2026-04-13,BNY Mellon,Barclays,Tokenised Bond,Public Blockchain,US,69659.18,Settled,58.0,39.8,2.08,14.49,N/A,11.151384127895982,0.13725431690548107,False
TXN100189,2026-07-17,Barclays,HSBC,Regulated Stablecoin,Permissioned Ledger,EU,57013.43,Settled,9.6,55.7,3.17,18.07,N/A,10.951059672672372,-0.016873375302110635,False
TXN100190,2026-07-19,HSBC,Citi,Tokenised Equity,Hybrid Network,MEA,41666.45,Failed,,35.4,3.47,14.46,Failed,10.63747552743961,-0.2581419741043173,False
TXN100191,2026-06-04,BNY Mellon,JPMorgan,Tokenised Bond,Permissioned Ledger,US,9635.92,Settled,8.6,32.9,0.99,0.95,N/A,9.17335683447824,-1.3846206909052172,False
TXN100192,2026-05-17,Deutsche Bank,BNY Mellon,Regulated Stablecoin,Permissioned Ledger,MEA,63310.84,Settled,12.0,37.1,3.98,25.2,N/A,11.055827636454966,0.06373407952448616,False
TXN100193,2026-03-03,Standard Chartered,BNY Mellon,Tokenised Bond,Hybrid Network,UK,565648.17,Settled,18.3,31.2,3.92,221.73,N/A,13.245729324015077,1.7486231904839655,False
TXN100194,2026-06-14,Barclays,Deutsche Bank,Tokenised Deposit,Hybrid Network,US,29355.95,Settled,33.3,22.7,2.0,5.87,N/A,10.28728459449847,-0.5275754801931943,False
TXN100195,2026-02-20,JPMorgan,Citi,Tokenised Equity,Permissioned Ledger,US,79754.13,Settled,9.6,55.5,1.85,14.75,N/A,11.286716344597071,0.24137761137890687,False
TXN100196,2026-06-21,HSBC,BNY Mellon,Tokenised Real Estate Fund,Permissioned Ledger,MEA,20127.42,Settled,5.3,42.4,3.5,7.04,N/A,9.909888025737155,-0.8179407385203242,False
TXN100197,2026-06-01,Barclays,Standard Chartered,Tokenised Deposit,Permissioned Ledger,MEA,295869.76,Settled,10.5,35.7,0.66,19.53,N/A,12.597678016337602,1.2500188020534653,False
TXN100198,2026-02-28,Citi,BNY Mellon,Tokenised Deposit,Permissioned Ledger,EU,157125.27,Settled,11.0,52.5,2.55,40.07,N/A,11.964805028596558,0.7630924657149046,False
TXN100199,2026-04-28,HSBC,UBS,Regulated Stablecoin,Hybrid Network,EU,131849.85,Settled,21.1,40.6,0.62,8.17,N/A,11.78942663848041,0.6281580339626164,False
TXN100200,2026-06-09,HSBC,Barclays,Tokenised Deposit,Permissioned Ledger,US,61553.66,Settled,10.7,28.2,0.64,3.94,N/A,11.027680839550905,0.04207820707987543,False
TXN100201,2026-04-06,BNY Mellon,HSBC,Regulated Stablecoin,Permissioned Ledger,UK,60018.0,Settled,5.7,44.3,1.84,11.04,N/A,11.002416457742598,0.02264003684339911,False
TXN100202,2026-06-29,Barclays,HSBC,Tokenised Bond,Public Blockchain,UK,20765.05,Settled,49.1,50.7,2.07,4.3,N/A,9.941074720642451,-0.7939459980480736,False
TXN100203,2026-04-23,UBS,Citi,Tokenised Equity,Permissioned Ledger,UK,31783.25,Settled,11.4,38.1,3.84,12.2,N/A,10.366726163056253,-0.4664539081240483,False
TXN100204,2026-03-03,UBS,Citi,Tokenised Real Estate Fund,Permissioned Ledger,MEA,20248.18,Settled,7.6,28.6,1.67,3.38,N/A,9.915869577887628,-0.8133385903315636,False
TXN100205,2026-07-05,JPMorgan,HSBC,Tokenised Deposit,Permissioned Ledger,US,7089.51,Settled,13.1,48.9,1.27,0.9,N/A,8.866512549238182,-1.6207037068223078,False
TXN100206,2026-02-21,Standard Chartered,BNY Mellon,Tokenised Deposit,Public Blockchain,MEA,18844.7,Settled,79.1,46.5,4.46,8.4,N/A,9.844040050142707,-0.8686035320548696,False
TXN100207,2026-01-12,HSBC,JPMorgan,Tokenised Deposit,Permissioned Ledger,US,406147.58,Settled,9.0,36.3,4.26,173.02,N/A,12.914474332227758,1.4937588137934916,False
TXN100208,2026-02-08,HSBC,Standard Chartered,Tokenised Bond,Permissioned Ledger,US,91242.32,Settled,4.6,37.0,1.49,13.6,N/A,11.421285063285634,0.3449134778893093,False
TXN100209,2026-05-10,HSBC,UBS,Tokenised Bond,Public Blockchain,EU,1226.01,Settled,44.1,29.3,1.68,0.21,N/A,7.112335594636951,-2.97035043584815,False
TXN100210,2026-05-11,Barclays,JPMorgan,Tokenised Deposit,Hybrid Network,UK,136773.27,Settled,13.8,15.5,4.04,55.26,N/A,11.826087181685102,0.6563643002065884,False
TXN100211,2026-04-23,Citi,Standard Chartered,Tokenised Equity,Hybrid Network,UK,7945.34,Settled,26.5,36.9,2.92,2.32,N/A,8.980466724283694,-1.5330284701789352,False
TXN100212,2026-04-11,Standard Chartered,Deutsche Bank,Tokenised Equity,Hybrid Network,MEA,5615.11,Settled,27.7,13.1,2.88,1.62,N/A,8.633394532408413,-1.8000624471512225,False
TXN100213,2026-04-23,UBS,HSBC,Tokenised Bond,Permissioned Ledger,UK,54763.31,Settled,6.8,34.4,1.37,7.5,N/A,10.910793983390608,-0.047853405958970675,False
TXN100214,2026-07-03,HSBC,Standard Chartered,Tokenised Deposit,Public Blockchain,MEA,716579.34,Settled,76.2,33.4,1.81,129.7,N/A,13.482245648366398,1.9305965556479951,False
TXN100215,2026-03-22,JPMorgan,UBS,Tokenised Deposit,Hybrid Network,MEA,182975.57,Settled,17.7,33.0,2.84,51.97,N/A,12.117113390839776,0.8802770418579495,False
TXN100216,2026-07-06,Barclays,Standard Chartered,Tokenised Deposit,Hybrid Network,EU,65752.17,Settled,22.9,24.6,1.19,7.82,N/A,11.093663161805562,0.0928443656312916,False
TXN100217,2026-04-23,Deutsche Bank,JPMorgan,Regulated Stablecoin,Permissioned Ledger,MEA,66219.13,Settled,12.1,31.7,0.63,4.17,N/A,11.100739774252435,0.09828904258731584,False
TXN100218,2026-01-02,UBS,Standard Chartered,Tokenised Equity,Permissioned Ledger,EU,70852.15,Settled,7.1,17.8,2.96,20.97,N/A,11.168364704257533,0.15031900760457317,False
TXN100219,2026-05-10,Deutsche Bank,HSBC,Tokenised Deposit,Public Blockchain,EU,44174.83,Settled,58.1,51.9,1.9,8.39,N/A,10.69593308591914,-0.21316529579271,False
TXN100220,2026-02-23,BNY Mellon,Standard Chartered,Tokenised Bond,Hybrid Network,UK,86476.27,Settled,22.1,44.4,2.76,23.87,N/A,11.367636883822211,0.3036370891298529,False
TXN100221,2026-03-28,UBS,JPMorgan,Tokenised Deposit,Permissioned Ledger,MEA,43874.29,Settled,2.4,31.3,4.23,18.56,N/A,10.689106570432934,-0.21841755057375503,False
TXN100222,2026-05-09,Barclays,Citi,Tokenised Deposit,Hybrid Network,UK,137656.45,Settled,26.5,22.9,3.12,42.95,N/A,11.832523631881323,0.6613164425381137,False
TXN100223,2026-05-27,UBS,Deutsche Bank,Regulated Stablecoin,Permissioned Ledger,UK,20553.53,Settled,7.6,27.5,0.97,1.99,N/A,9.930836633587708,-0.8018230828932893,False
TXN100224,2026-05-06,Citi,HSBC,Regulated Stablecoin,Hybrid Network,APAC,12195.51,Settled,31.8,40.9,0.69,0.84,N/A,9.408905124223017,-1.2033921221751382,False
TXN100225,2026-05-10,JPMorgan,Standard Chartered,Tokenised Deposit,Permissioned Ledger,US,74555.47,Pending,,31.7,2.63,19.61,Pending,11.219312103818089,0.18951744251099242,False
TXN100226,2026-02-22,BNY Mellon,HSBC,Tokenised Bond,Permissioned Ledger,APAC,33869.26,Settled,6.4,58.2,0.88,2.98,N/A,10.430292622192157,-0.4175464912163677,False
TXN100227,2026-06-21,Standard Chartered,Citi,Tokenised Deposit,Hybrid Network,UK,73815.44,Settled,2.4,28.0,1.77,13.07,N/A,11.20933675000794,0.1818425020750075,False
TXN100228,2026-06-09,Citi,Barclays,Tokenised Deposit,Permissioned Ledger,EU,31720.11,Settled,12.0,47.4,3.13,9.93,N/A,10.36473766883135,-0.46798383628738915,False
TXN100229,2026-07-17,JPMorgan,HSBC,Tokenised Deposit,Hybrid Network,MEA,50229.51,Settled,32.3,33.4,1.5,7.53,N/A,10.82437788998739,-0.11434110977409534,False
TXN100230,2026-06-09,HSBC,BNY Mellon,Tokenised Equity,Permissioned Ledger,UK,5634.29,Settled,10.3,34.9,3.41,1.92,N/A,8.636803889213533,-1.7974393211045356,False
TXN100231,2026-03-09,BNY Mellon,Barclays,Tokenised Deposit,Public Blockchain,US,103310.36,Pending,,30.3,1.56,16.12,Pending,11.545502620019741,0.44048526082376316,False
TXN100232,2026-07-02,JPMorgan,BNY Mellon,Tokenised Real Estate Fund,Permissioned Ledger,APAC,2866.71,Settled,3.9,24.4,0.76,0.22,N/A,7.961269080846856,-2.3171892483075442,False
TXN100233,2026-07-03,Standard Chartered,HSBC,Tokenised Equity,Permissioned Ledger,APAC,26606.0,Settled,4.5,32.6,1.18,3.14,N/A,10.188929618044561,-0.6032488447908996,False
TXN100234,2026-05-03,Citi,UBS,Tokenised Bond,Public Blockchain,EU,20078.16,Settled,55.5,22.4,1.44,2.89,N/A,9.907437740261333,-0.8198259643916074,False
TXN100235,2026-05-25,JPMorgan,UBS,Tokenised Deposit,Hybrid Network,MEA,93682.11,Settled,16.0,24.4,1.61,15.08,N/A,11.447673195841817,0.3652162510480467,False
TXN100236,2026-02-07,UBS,HSBC,Tokenised Deposit,Hybrid Network,US,5003.22,Settled,38.2,36.9,0.55,0.28,N/A,8.518036835448514,-1.888817539937899,False
TXN100237,2026-01-24,Barclays,Citi,Tokenised Equity,Permissioned Ledger,EU,35068.51,Settled,9.0,35.1,2.68,9.4,N/A,10.465087370980726,-0.3907757490933514,False
TXN100238,2026-03-10,Standard Chartered,Barclays,Tokenised Deposit,Public Blockchain,APAC,105023.75,Settled,69.4,27.5,3.77,39.59,N/A,11.561951315649127,0.45314072764808283,False
TXN100239,2026-04-26,UBS,HSBC,Tokenised Real Estate Fund,Permissioned Ledger,APAC,23722.38,Settled,3.7,46.3,1.62,3.84,N/A,10.07421633874425,-0.6915081288827304,False
TXN100240,2026-04-08,Standard Chartered,Barclays,Tokenised Deposit,Public Blockchain,APAC,4857.03,Settled,46.5,44.1,1.15,0.56,N/A,8.488388284923865,-1.911628847047476,False
TXN100241,2026-07-17,Citi,BNY Mellon,Regulated Stablecoin,Hybrid Network,US,2748.12,Settled,41.9,40.1,1.89,0.52,N/A,7.919036139449692,-2.349682863654794,False
TXN100242,2026-05-19,Citi,Deutsche Bank,Tokenised Bond,Permissioned Ledger,EU,52806.48,Settled,6.8,24.7,3.07,16.21,N/A,10.874408126327245,-0.07584833135093827,False
TXN100243,2026-05-24,JPMorgan,Citi,Tokenised Deposit,Hybrid Network,APAC,132021.5,Settled,33.6,40.1,3.66,48.32,N/A,11.790727641588237,0.6291590131308382,False
TXN100244,2026-04-07,BNY Mellon,Deutsche Bank,Tokenised Deposit,Public Blockchain,EU,112007.24,Settled,46.1,52.8,1.58,17.7,N/A,11.626327718999558,0.5026713077759636,False
TXN100245,2026-05-04,BNY Mellon,Citi,Tokenised Deposit,Hybrid Network,EU,13572.85,Settled,37.4,27.6,2.53,3.43,N/A,9.515900426664853,-1.1210709745948007,False
TXN100246,2026-07-06,Standard Chartered,HSBC,Regulated Stablecoin,Hybrid Network,EU,935308.06,Settled,15.5,36.1,3.08,288.07,N/A,13.748632299107257,2.1355518601202736,False
TXN100247,2026-03-11,Standard Chartered,Citi,Tokenised Deposit,Permissioned Ledger,UK,922508.15,Settled,8.7,25.9,2.59,238.93,N/A,13.734852573546817,2.1249498729714067,False
TXN100248,2026-04-03,BNY Mellon,Deutsche Bank,Tokenised Deposit,Permissioned Ledger,US,17361.12,Failed,,26.7,3.96,6.88,Failed,9.762046100573992,-0.9316888813094342,False
TXN100249,2026-01-03,HSBC,JPMorgan,Tokenised Deposit,Permissioned Ledger,EU,176177.86,Settled,6.6,46.7,3.21,56.55,N/A,12.07925500798784,0.8511491694113869,False
TXN100250,2026-05-28,Standard Chartered,Citi,Regulated Stablecoin,Public Blockchain,EU,6949.26,Settled,49.5,27.2,3.27,2.27,N/A,8.84653434793104,-1.63607474107018,False
TXN100251,2026-07-06,Standard Chartered,Citi,Tokenised Deposit,Public Blockchain,UK,152958.68,Settled,75.2,20.9,1.35,20.65,N/A,11.93792963623283,0.7424147995878652,False
TXN100252,2026-06-13,HSBC,BNY Mellon,Tokenised Deposit,Public Blockchain,US,41273.7,Settled,17.7,33.5,2.36,9.74,N/A,10.628005000439686,-0.265428505690582,False
TXN100253,2026-05-27,BNY Mellon,UBS,Tokenised Deposit,Permissioned Ledger,EU,119794.21,Settled,12.6,34.9,3.19,38.21,N/A,11.693538980558623,0.5543830003044479,False
TXN100254,2026-03-31,Barclays,HSBC,Regulated Stablecoin,Permissioned Ledger,EU,76124.36,Settled,10.8,36.1,0.78,5.94,N/A,11.240136734065056,0.20553971097271698,False
TXN100255,2026-07-14,BNY Mellon,JPMorgan,Tokenised Deposit,Public Blockchain,EU,2492817.05,Settled,38.6,32.6,3.36,837.59,N/A,14.72892437548601,2.8897790724343797,False
TXN100256,2026-05-27,Standard Chartered,Deutsche Bank,Tokenised Deposit,Public Blockchain,MEA,137345.95,Settled,81.2,40.4,1.68,23.07,N/A,11.830265485233907,0.659579046417186,False
TXN100257,2026-05-28,Citi,UBS,Tokenised Deposit,Permissioned Ledger,US,72585.19,Settled,5.6,31.5,2.27,16.48,N/A,11.19252996233302,0.16891152270523013,False
TXN100258,2026-04-06,Deutsche Bank,UBS,Tokenised Deposit,Public Blockchain,UK,4623.93,Settled,74.2,26.9,2.11,0.98,N/A,8.439216514696852,-1.9494611299726519,False
TXN100259,2026-07-18,UBS,BNY Mellon,Regulated Stablecoin,Public Blockchain,US,86966.07,Settled,41.7,52.3,1.52,13.22,N/A,11.373284820238213,0.3079825566094072,False
TXN100260,2026-02-21,Deutsche Bank,Standard Chartered,Tokenised Deposit,Public Blockchain,MEA,132049.23,Pending,,37.2,2.02,26.67,Pending,11.790937659488245,0.6293205988654125,False
TXN100261,2026-06-10,HSBC,Citi,Regulated Stablecoin,Permissioned Ledger,UK,20045.79,Settled,4.6,35.3,0.82,1.64,N/A,9.905824320166758,-0.8210673141582179,False
TXN100262,2026-06-17,JPMorgan,HSBC,Tokenised Equity,Hybrid Network,US,314914.04,Settled,28.4,21.5,2.11,66.45,N/A,12.660058167142616,1.2980134848414766,False
TXN100263,2026-05-08,Citi,Barclays,Regulated Stablecoin,Public Blockchain,MEA,14795.73,Settled,87.0,26.8,3.17,4.69,N/A,9.60216148939411,-1.0547025498760412,False
TXN100264,2026-02-08,UBS,Citi,Tokenised Deposit,Public Blockchain,APAC,59864.87,Settled,81.7,44.9,1.25,7.48,N/A,10.999861838743918,0.020674537771921877,False
TXN100265,2026-03-23,BNY Mellon,JPMorgan,Tokenised Deposit,Permissioned Ledger,APAC,388978.53,Settled,6.1,44.5,1.4,54.46,N/A,12.871281999108023,1.4605270517633617,False
TXN100266,2026-04-14,UBS,JPMorgan,Regulated Stablecoin,Public Blockchain,US,257407.37,Settled,106.4,38.4,2.68,68.99,N/A,12.458419091098,1.1428743361292684,False
TXN100267,2026-05-09,Barclays,Deutsche Bank,Tokenised Deposit,Public Blockchain,US,18484.93,Pending,,38.1,2.1,3.88,Pending,9.824765181168198,-0.8834334292300734,False
TXN100268,2026-01-11,UBS,Deutsche Bank,Regulated Stablecoin,Public Blockchain,APAC,93769.79,Settled,85.7,26.4,3.06,28.69,N/A,11.448608679247544,0.3659360029039154,False
TXN100269,2026-07-04,JPMorgan,UBS,Tokenised Bond,Permissioned Ledger,EU,353628.08,Settled,9.4,34.0,2.62,92.65,N/A,12.776003846183121,1.3872209653360952,False
TXN100270,2026-06-27,Standard Chartered,Citi,Regulated Stablecoin,Hybrid Network,MEA,15767.72,Settled,37.3,24.4,3.53,5.57,N/A,9.665783509890531,-1.0057523845966612,False
TXN100271,2026-05-31,UBS,Citi,Tokenised Bond,Permissioned Ledger,UK,497330.03,Settled,8.7,24.3,4.38,217.83,N/A,13.117011139699716,1.649588668355687,False
TXN100272,2026-06-08,Standard Chartered,UBS,Tokenised Bond,Permissioned Ledger,US,16791.46,Settled,8.0,34.4,4.44,7.46,N/A,9.728685255122402,-0.957356392117379,False
TXN100273,2026-02-11,Standard Chartered,JPMorgan,Tokenised Deposit,Public Blockchain,MEA,237640.59,Settled,49.5,38.1,3.75,89.12,N/A,12.37851889324009,1.0813998991264406,False
TXN100274,2026-04-09,HSBC,Citi,Tokenised Real Estate Fund,Public Blockchain,EU,28551.17,Settled,44.7,24.0,3.97,11.33,N/A,10.259488219201025,-0.5489617416536293,False
TXN100275,2026-01-07,Barclays,Standard Chartered,Tokenised Deposit,Permissioned Ledger,APAC,65133.07,Settled,5.5,44.1,0.73,4.75,N/A,11.084203039991811,0.08556583969431317,False
TXN100276,2026-05-24,JPMorgan,Standard Chartered,Regulated Stablecoin,Public Blockchain,UK,39016.08,Settled,49.7,39.3,3.21,12.52,N/A,10.571754777958184,-0.3087068811019117,False
TXN100277,2026-03-31,Standard Chartered,JPMorgan,Regulated Stablecoin,Permissioned Ledger,APAC,5336.29,Settled,7.8,35.1,2.23,1.19,N/A,8.582473312500579,-1.8392407396868453,False
TXN100278,2026-04-22,HSBC,Standard Chartered,Regulated Stablecoin,Permissioned Ledger,EU,9294.51,Settled,8.0,48.3,4.16,3.87,N/A,9.137286766859054,-1.412372650962771,False
TXN100279,2026-03-01,Deutsche Bank,Barclays,Tokenised Bond,Permissioned Ledger,MEA,25635.62,Settled,9.7,26.2,0.66,1.69,N/A,10.15177707707188,-0.6318336493439703,False
TXN100280,2026-04-23,UBS,Standard Chartered,Tokenised Bond,Public Blockchain,MEA,119023.15,Settled,85.6,46.1,0.55,6.55,N/A,11.687081692680362,0.5494148256625376,False
TXN100281,2026-01-02,JPMorgan,UBS,Tokenised Deposit,Public Blockchain,MEA,37707.42,Settled,34.7,54.4,0.72,2.71,N/A,10.537638690674017,-0.334955467648132,False
TXN100282,2026-05-09,HSBC,Standard Chartered,Regulated Stablecoin,Hybrid Network,APAC,42445.0,Settled,11.4,28.3,2.51,10.65,N/A,10.655987958795587,-0.24389868903528705,False
TXN100283,2026-02-17,Deutsche Bank,Citi,Tokenised Deposit,Permissioned Ledger,EU,20692.28,Settled,3.4,57.0,4.33,8.96,N/A,9.937564288866081,-0.7966468901969633,False
TXN100284,2026-05-20,Citi,Standard Chartered,Tokenised Bond,Public Blockchain,APAC,35177.02,Settled,59.6,41.2,3.65,12.84,N/A,10.468176734729262,-0.388398822599678,False
TXN100285,2026-07-16,Deutsche Bank,BNY Mellon,Tokenised Deposit,Hybrid Network,US,104325.79,Settled,23.9,26.3,1.15,12.0,N/A,11.55528346323252,0.4480105466933648,False
TXN100286,2026-02-06,Standard Chartered,Deutsche Bank,Tokenised Deposit,Permissioned Ledger,US,86860.02,Settled,1.0,7.5,3.86,33.53,N/A,11.372064649054632,0.3070437687394308,False
TXN100287,2026-06-09,Deutsche Bank,JPMorgan,Tokenised Deposit,Public Blockchain,MEA,38549.61,Settled,81.1,69.0,4.48,17.27,N/A,10.55972720247199,-0.3179607809838325,False
TXN100288,2026-01-09,Deutsche Bank,UBS,Tokenised Deposit,Permissioned Ledger,MEA,75197.47,Settled,4.0,31.1,4.28,32.18,N/A,11.227886163986273,0.19611424121485613,False
TXN100289,2026-04-09,BNY Mellon,Standard Chartered,Tokenised Equity,Permissioned Ledger,UK,71076.1,Pending,,49.4,1.16,8.24,Pending,11.171520482336676,0.15274703263983316,False
TXN100290,2026-05-27,UBS,Standard Chartered,Tokenised Deposit,Public Blockchain,MEA,38796.58,Pending,,26.5,0.52,2.02,Pending,10.566113152532184,-0.31304749296699025,False
TXN100291,2026-02-17,BNY Mellon,Standard Chartered,Regulated Stablecoin,Public Blockchain,US,68370.55,Settled,95.6,23.9,2.82,19.28,N/A,11.132712081412892,0.12288822550631008,False
TXN100292,2026-05-11,Deutsche Bank,Citi,Tokenised Deposit,Hybrid Network,US,119100.29,Pending,,35.7,1.18,14.05,Pending,11.68772958651899,0.5499133088958099,False
TXN100293,2026-05-28,UBS,HSBC,Tokenised Deposit,Public Blockchain,EU,15892.59,Settled,31.9,67.7,4.19,6.66,N/A,9.673671162269581,-0.9996837013859081,False
TXN100294,2026-06-01,Deutsche Bank,Barclays,Tokenised Deposit,Permissioned Ledger,UK,32828.93,Settled,10.7,37.3,3.42,11.23,N/A,10.399095878297203,-0.44154896328376136,False
TXN100295,2026-02-23,BNY Mellon,JPMorgan,Tokenised Bond,Public Blockchain,US,63529.94,Pending,,29.6,1.84,11.69,Pending,11.059282310310412,0.06639207207000639,False
TXN100296,2026-04-30,BNY Mellon,HSBC,Regulated Stablecoin,Permissioned Ledger,US,22287.14,Settled,8.1,39.7,2.34,5.22,N/A,10.011809977406894,-0.7395229778000186,False
TXN100297,2026-06-10,Citi,BNY Mellon,Regulated Stablecoin,Public Blockchain,APAC,165974.54,Failed,,26.1,2.08,34.52,Failed,12.0195957070841,0.8052478821384594,False
TXN100298,2026-06-01,JPMorgan,Deutsche Bank,Tokenised Deposit,Permissioned Ledger,MEA,43574.28,Settled,5.0,19.7,3.42,14.9,N/A,10.682245296070388,-0.2236965484970084,False
TXN100299,2026-04-26,HSBC,JPMorgan,Regulated Stablecoin,Public Blockchain,MEA,16249.57,Settled,36.4,39.2,2.39,3.88,N/A,9.69588326406578,-0.9825939257761025,False
TXN100300,2026-03-16,Standard Chartered,Citi,Regulated Stablecoin,Public Blockchain,EU,29799.89,Settled,74.3,28.9,3.3,9.83,N/A,10.302293537819335,-0.516027744825901,False
TXN100301,2026-04-23,HSBC,Citi,Tokenised Deposit,Public Blockchain,UK,57199.52,Settled,73.7,53.6,2.45,14.01,N/A,10.954318268235658,-0.014366243492134573,False
TXN100302,2026-07-19,UBS,Barclays,Tokenised Deposit,Permissioned Ledger,MEA,17910.04,Settled,9.7,26.3,4.13,7.4,N/A,9.79317256148724,-0.9077404842862473,False
TXN100303,2026-06-13,Standard Chartered,UBS,Tokenised Deposit,Permissioned Ledger,US,6267.14,Settled,5.3,35.3,3.0,1.88,N/A,8.743234938899736,-1.715552304119739,False
TXN100304,2026-06-15,Citi,BNY Mellon,Regulated Stablecoin,Permissioned Ledger,MEA,10435.48,Settled,10.6,23.3,2.85,2.97,N/A,9.253062639832857,-1.3232958176083358,False
TXN100305,2026-04-14,Deutsche Bank,UBS,Tokenised Deposit,Public Blockchain,US,58695.57,Settled,39.4,25.7,1.81,10.62,N/A,10.980136571400243,0.005498108461457204,False
TXN100306,2026-03-25,Barclays,JPMorgan,Tokenised Deposit,Permissioned Ledger,EU,948088.21,Settled,12.0,59.0,0.83,78.69,N/A,13.762203880185242,2.145993702923855,False
TXN100307,2026-04-22,Standard Chartered,UBS,Tokenised Deposit,Permissioned Ledger,UK,12212.76,Settled,5.8,17.2,3.75,4.58,N/A,9.410318464007577,-1.2023047122577801,False
TXN100308,2026-04-09,Barclays,Standard Chartered,Tokenised Deposit,Public Blockchain,UK,15700.28,Settled,41.8,43.9,3.33,5.23,N/A,9.661497516675539,-1.0090499861915678,False
TXN100309,2026-06-02,Standard Chartered,UBS,Regulated Stablecoin,Hybrid Network,EU,4878.78,Settled,21.0,32.2,3.05,1.49,N/A,8.492855415863758,-1.9081918798445132,False
TXN100310,2026-04-03,Barclays,HSBC,Tokenised Deposit,Permissioned Ledger,MEA,35931.05,Settled,3.9,44.4,0.66,2.37,N/A,10.48938493386544,-0.37208143995615933,False
TXN100311,2026-05-26,BNY Mellon,Standard Chartered,Tokenised Bond,Public Blockchain,APAC,43627.21,Settled,60.7,37.3,4.24,18.5,N/A,10.683459238459621,-0.22276255300096856,False
TXN100312,2026-05-08,Standard Chartered,Deutsche Bank,Tokenised Deposit,Public Blockchain,UK,35522.09,Settled,56.9,59.1,3.4,12.08,N/A,10.477938186565657,-0.38088845626692175,False
TXN100313,2026-04-20,Standard Chartered,BNY Mellon,Tokenised Bond,Permissioned Ledger,US,15334.05,Settled,5.5,45.2,2.12,3.25,N/A,9.637896337058198,-1.027208504799479,False
TXN100314,2026-03-23,UBS,Deutsche Bank,Tokenised Deposit,Permissioned Ledger,UK,103570.72,Settled,8.8,31.9,4.33,44.85,N/A,11.548019598570644,0.44242179969992573,False
TXN100315,2026-07-13,UBS,HSBC,Tokenised Bond,Permissioned Ledger,UK,96865.57,Settled,10.4,28.8,0.83,8.04,N/A,11.481089743514406,0.39092661860437933,False
TXN100316,2026-02-23,Standard Chartered,UBS,Regulated Stablecoin,Permissioned Ledger,UK,28725.01,Settled,9.3,40.0,3.23,9.28,N/A,10.265558263108396,-0.5442915087656996,False
TXN100317,2026-06-12,Barclays,UBS,Tokenised Deposit,Public Blockchain,US,71990.94,Settled,52.8,27.3,3.71,26.71,N/A,11.1843094472875,0.1625867381884841,False
TXN100318,2026-07-08,Citi,Deutsche Bank,Tokenised Equity,Permissioned Ledger,EU,14438.45,Settled,10.3,47.4,3.71,5.36,N/A,9.577719323078767,-1.073508115489749,False
TXN100319,2026-06-18,Standard Chartered,Citi,Tokenised Real Estate Fund,Public Blockchain,APAC,23965.66,Settled,31.9,48.1,3.94,9.44,N/A,10.084418976876872,-0.6836583180942528,False
TXN100320,2026-06-10,HSBC,Standard Chartered,Tokenised Real Estate Fund,Permissioned Ledger,APAC,120678.75,Settled,10.9,21.3,2.81,33.91,N/A,11.700895621676553,0.5600431286030141,False
TXN100321,2026-03-09,Deutsche Bank,JPMorgan,Tokenised Deposit,Permissioned Ledger,MEA,541915.46,Failed,,7.2,3.32,179.92,Failed,13.202867135700767,1.7156454386639115,False
TXN100322,2026-02-02,Barclays,UBS,Tokenised Real Estate Fund,Permissioned Ledger,APAC,44926.14,Settled,5.2,36.9,3.03,13.61,N/A,10.712797345464386,-0.20019009812352287,False
TXN100323,2026-05-22,Barclays,Deutsche Bank,Tokenised Deposit,Permissioned Ledger,MEA,76380.62,Settled,6.4,52.2,1.06,8.1,N/A,11.243497370295353,0.2081253518818452,False
TXN100324,2026-01-21,Standard Chartered,JPMorgan,Tokenised Deposit,Public Blockchain,UK,76534.76,Settled,26.5,31.6,2.35,17.99,N/A,11.245513361573845,0.2096764360114279,False
TXN100325,2026-02-17,Deutsche Bank,JPMorgan,Tokenised Deposit,Permissioned Ledger,UK,37248.7,Settled,8.6,29.3,2.88,10.73,N/A,10.525399170083999,-0.34437243603654516,False
TXN100326,2026-05-28,Barclays,HSBC,Tokenised Bond,Permissioned Ledger,MEA,20025.33,Settled,9.2,38.4,3.49,6.99,N/A,9.904803186709827,-0.8218529643324664,False
TXN100327,2026-05-08,Standard Chartered,HSBC,Tokenised Deposit,Hybrid Network,MEA,121141.78,Settled,20.4,34.1,1.32,15.99,N/A,11.704725128926071,0.5629895143251252,False
TXN100328,2026-05-16,UBS,Deutsche Bank,Tokenised Bond,Permissioned Ledger,UK,5663.32,Settled,8.3,42.6,3.43,1.94,N/A,8.641942130952792,-1.793486007763972,False
TXN100329,2026-05-15,Citi,HSBC,Tokenised Equity,Public Blockchain,UK,149268.22,Settled,38.7,26.5,0.79,11.79,N/A,11.913506800183205,0.7236241064930488,False
TXN100330,2026-07-14,Standard Chartered,HSBC,Regulated Stablecoin,Public Blockchain,EU,305191.71,Settled,51.0,27.7,3.2,97.66,N/A,12.628698692130756,1.2738858090316294,False
TXN100331,2026-05-25,Standard Chartered,HSBC,Tokenised Bond,Hybrid Network,US,4630.41,Settled,19.5,36.5,3.73,1.73,N/A,8.440616636355864,-1.9483838899528425,False
TXN100332,2026-05-08,JPMorgan,UBS,Tokenised Deposit,Public Blockchain,EU,87110.66,Settled,48.7,18.9,3.78,32.93,N/A,11.374946022996882,0.3092606698941618,False
TXN100333,2026-02-02,Barclays,Citi,Tokenised Deposit,Hybrid Network,UK,30568.39,Pending,,22.6,1.24,3.79,Pending,10.327754460482325,-0.49643835796276303,False
TXN100334,2026-06-25,Barclays,HSBC,Tokenised Bond,Permissioned Ledger,APAC,197998.53,Settled,7.1,35.8,1.82,36.04,N/A,12.196019935936482,0.94098697206719,False
TXN100335,2026-07-06,UBS,Citi,Tokenised Deposit,Hybrid Network,EU,196971.32,Settled,14.6,21.9,1.16,22.85,N/A,12.190818490233793,0.9369850302103977,False
TXN100336,2026-04-25,JPMorgan,Standard Chartered,Tokenised Equity,Permissioned Ledger,US,552813.87,Settled,7.5,33.8,2.43,134.33,N/A,13.222778450494943,1.7309650110776715,False
TXN100337,2026-04-29,Barclays,Standard Chartered,Tokenised Deposit,Permissioned Ledger,APAC,14285.46,Pending,,38.5,1.64,2.34,Pending,9.567067514552543,-1.0817035136210038,False
TXN100338,2026-01-22,Barclays,JPMorgan,Tokenised Deposit,Permissioned Ledger,APAC,962680.6,Settled,4.2,24.8,2.29,220.45,N/A,13.777478002671801,2.157745464568342,False
TXN100339,2026-06-07,UBS,Standard Chartered,Tokenised Equity,Public Blockchain,UK,133005.52,Settled,63.3,21.7,0.85,11.31,N/A,11.798153428558715,0.6348723415774694,False
TXN100340,2026-02-07,Barclays,BNY Mellon,Tokenised Bond,Permissioned Ledger,EU,193303.47,Settled,11.2,36.4,3.82,73.84,N/A,12.172021789605719,0.9225230311215281,False
TXN100341,2026-04-19,HSBC,JPMorgan,Tokenised Bond,Public Blockchain,MEA,692460.81,Settled,36.5,41.9,1.08,74.79,N/A,13.448008367508482,1.904254723942009,False
TXN100342,2026-02-20,HSBC,UBS,Tokenised Real Estate Fund,Hybrid Network,US,110458.51,Settled,27.2,39.0,3.19,35.24,N/A,11.61240430745041,0.4919587700214923,False
TXN100343,2026-07-01,JPMorgan,BNY Mellon,Tokenised Real Estate Fund,Public Blockchain,EU,317452.16,Settled,51.1,50.2,1.03,32.7,N/A,12.668085558872567,1.3041896821529968,False
TXN100344,2026-01-08,UBS,Deutsche Bank,Tokenised Deposit,Permissioned Ledger,EU,71659.59,Settled,10.1,55.3,3.35,24.01,N/A,11.179696224149081,0.15903736906543078,False
TXN100345,2026-01-27,BNY Mellon,Standard Chartered,Tokenised Deposit,Permissioned Ledger,EU,73867.92,Settled,11.9,22.7,0.6,4.43,N/A,11.210047450137038,0.18238930785879048,False
TXN100346,2026-01-27,Citi,JPMorgan,Regulated Stablecoin,Permissioned Ledger,EU,24043.39,Settled,7.3,38.6,1.33,3.2,N/A,10.087656984290357,-0.6811670266069785,False
TXN100347,2026-01-21,JPMorgan,Standard Chartered,Tokenised Bond,Permissioned Ledger,UK,9612.75,Settled,4.8,35.5,1.73,1.66,N/A,9.170949644371264,-1.386472759617841,False
TXN100348,2026-01-30,HSBC,Deutsche Bank,Tokenised Real Estate Fund,Permissioned Ledger,EU,220664.25,Settled,8.4,54.5,1.28,28.25,N/A,12.304402126290851,1.024375177751196,False
TXN100349,2026-04-07,JPMorgan,BNY Mellon,Tokenised Deposit,Hybrid Network,EU,1381226.6,Settled,25.0,33.9,2.83,390.89,N/A,14.13848322692213,2.4354993814652013,False
TXN100350,2026-01-28,Barclays,HSBC,Regulated Stablecoin,Permissioned Ledger,MEA,8164.0,Settled,7.4,39.6,2.2,1.8,N/A,9.007612005404566,-1.5121431542607362,False
TXN100351,2026-04-21,Standard Chartered,UBS,Tokenised Deposit,Hybrid Network,EU,75221.86,Settled,6.9,41.8,2.22,16.7,N/A,11.228210453104229,0.19636374611580645,False
TXN100352,2026-07-11,UBS,Barclays,Tokenised Deposit,Public Blockchain,UK,282586.03,Settled,48.9,37.9,3.47,98.06,N/A,12.55174185292103,1.2146759636148732,False
TXN100353,2026-07-16,UBS,Barclays,Tokenised Equity,Hybrid Network,UK,125848.1,Settled,41.7,24.7,2.3,28.95,N/A,11.742838849167212,0.5923138408815387,False
TXN100354,2026-03-02,BNY Mellon,Standard Chartered,Regulated Stablecoin,Permissioned Ledger,APAC,88098.3,Settled,12.9,28.1,3.49,30.75,N/A,11.386219866376246,0.3179346556061488,False
TXN100355,2026-02-17,JPMorgan,Standard Chartered,Tokenised Bond,Permissioned Ledger,APAC,17856.74,Settled,12.8,18.3,3.72,6.64,N/A,9.79019230667002,-0.9100334634267909,False
TXN100356,2026-05-27,Barclays,HSBC,Tokenised Deposit,Hybrid Network,UK,38163.91,Settled,8.9,32.8,0.5,1.91,N/A,10.54967178604821,-0.32569732081794117,False
TXN100357,2026-01-04,Standard Chartered,Citi,Tokenised Deposit,Hybrid Network,MEA,38665.27,Settled,26.8,50.6,1.11,4.29,N/A,10.562722922747083,-0.31565590287005346,False
TXN100358,2026-02-04,Citi,Barclays,Regulated Stablecoin,Public Blockchain,APAC,43177.03,Settled,81.9,40.8,2.56,11.05,N/A,10.67308708005444,-0.23074279104238807,False
TXN100359,2026-07-11,Citi,Barclays,Tokenised Bond,Permissioned Ledger,EU,47659.03,Settled,9.1,50.8,2.07,9.87,N/A,10.7718483801112,-0.1547568050069906,False
TXN100360,2026-02-18,Standard Chartered,Deutsche Bank,Tokenised Bond,Hybrid Network,APAC,67918.33,Settled,23.6,32.1,2.22,15.08,N/A,11.126075956390048,0.11778245530051926,False
TXN100361,2026-01-17,Deutsche Bank,Barclays,Tokenised Deposit,Public Blockchain,MEA,95520.23,Settled,51.4,27.3,2.57,24.55,N/A,11.467103805427945,0.380165973538761,False
TXN100362,2026-06-21,Standard Chartered,HSBC,Regulated Stablecoin,Hybrid Network,EU,128701.17,Settled,24.2,40.0,2.61,33.59,N/A,11.765256254358935,0.6095615749319119,False
TXN100363,2026-06-07,Deutsche Bank,Citi,Tokenised Deposit,Permissioned Ledger,EU,74667.34,Settled,9.7,42.5,2.43,18.14,N/A,11.220811452632237,0.19067102694121532,False
TXN100364,2026-02-15,HSBC,UBS,Tokenised Deposit,Permissioned Ledger,EU,94073.35,Settled,8.3,40.3,3.55,33.4,N/A,11.451840706056956,0.36842269297244307,False
TXN100365,2026-04-27,HSBC,Citi,Regulated Stablecoin,Permissioned Ledger,US,76806.97,Settled,3.2,28.0,1.05,8.06,N/A,11.249063689793068,0.2124080240963551,False
TXN100366,2026-01-06,BNY Mellon,Deutsche Bank,Regulated Stablecoin,Hybrid Network,APAC,729766.23,Settled,17.3,15.7,2.73,199.23,N/A,13.500480899263255,1.9446265807611138,False
TXN100367,2026-04-09,Deutsche Bank,UBS,Tokenised Deposit,Hybrid Network,UK,32446.8,Settled,4.2,32.2,4.18,13.56,N/A,10.387387923223773,-0.4505569503212081,False
TXN100368,2026-05-04,Standard Chartered,Deutsche Bank,Tokenised Deposit,Public Blockchain,EU,278108.61,Settled,36.0,23.7,1.63,45.33,N/A,12.535770595540153,1.2023878331466278,False
TXN100369,2026-02-06,BNY Mellon,HSBC,Tokenised Bond,Permissioned Ledger,EU,30434.85,Settled,5.9,28.7,2.52,7.67,N/A,10.323376468909975,-0.4998067422012091,False
TXN100370,2026-01-24,UBS,Standard Chartered,Tokenised Equity,Permissioned Ledger,EU,33704.65,Settled,12.0,13.1,3.38,11.39,N/A,10.425420758074143,-0.421294856199666,False
TXN100371,2026-04-03,JPMorgan,HSBC,Tokenised Bond,Hybrid Network,EU,12250.46,Settled,19.8,34.9,2.3,2.82,N/A,9.413400392544533,-1.1999335063437568,False
TXN100372,2026-02-15,Deutsche Bank,JPMorgan,Regulated Stablecoin,Public Blockchain,MEA,31129.03,Settled,31.8,44.5,1.64,5.11,N/A,10.3459282271358,-0.4824556382299534,False
TXN100373,2026-06-30,Deutsche Bank,BNY Mellon,Tokenised Bond,Hybrid Network,EU,2133423.27,Settled,41.2,34.6,1.63,347.75,N/A,14.573238885315805,2.769996166830784,False
TXN100374,2026-04-05,Standard Chartered,HSBC,Tokenised Deposit,Hybrid Network,MEA,75961.22,Settled,12.3,23.2,2.56,19.45,N/A,11.237991390407526,0.20388910437774013,False
TXN100375,2026-04-09,Barclays,UBS,Tokenised Deposit,Public Blockchain,EU,24274.27,Settled,57.9,40.7,2.91,7.06,N/A,10.097213415651739,-0.6738144010384928,False
TXN100376,2026-07-07,Citi,JPMorgan,Tokenised Deposit,Public Blockchain,EU,41922.13,Settled,58.2,45.3,1.14,4.78,N/A,10.643592982238088,-0.253435263736773,False
TXN100377,2026-04-26,Deutsche Bank,JPMorgan,Tokenised Bond,Permissioned Ledger,APAC,135977.78,Settled,6.8,26.8,1.31,17.81,N/A,11.82025412313257,0.651876401551329,False
TXN100378,2026-07-10,Citi,Standard Chartered,Tokenised Real Estate Fund,Public Blockchain,US,125945.95,Settled,45.9,17.5,2.97,37.41,N/A,11.743616065528832,0.5929118236092525,False
TXN100379,2026-06-09,BNY Mellon,HSBC,Tokenised Deposit,Permissioned Ledger,MEA,49593.95,Settled,7.1,31.7,3.58,17.75,N/A,10.81164429301344,-0.12413821573854576,False
TXN100380,2026-06-10,BNY Mellon,Deutsche Bank,Tokenised Bond,Public Blockchain,MEA,2157.68,Settled,62.8,52.2,0.98,0.21,N/A,7.677252202762595,-2.535709078641134,False
TXN100381,2026-03-08,BNY Mellon,Deutsche Bank,Tokenised Real Estate Fund,Permissioned Ledger,EU,419579.4,Settled,13.8,23.1,1.36,57.06,N/A,12.9470104432598,1.518791781940994,False
TXN100382,2026-05-08,Barclays,BNY Mellon,Regulated Stablecoin,Hybrid Network,US,139270.6,Settled,33.1,34.1,1.63,22.7,N/A,11.844181262456768,0.6702857103950834,False
TXN100383,2026-01-18,UBS,Barclays,Tokenised Deposit,Hybrid Network,EU,26573.26,Settled,14.9,15.5,1.46,3.88,N/A,10.187698357102787,-0.6041961650132315,False
TXN100384,2026-01-25,UBS,Citi,Regulated Stablecoin,Public Blockchain,MEA,265624.57,Settled,44.5,54.7,2.28,60.56,N/A,12.48984296454087,1.1670515594671116,False
TXN100385,2026-02-23,Standard Chartered,UBS,Regulated Stablecoin,Permissioned Ledger,APAC,8187.8,Settled,5.4,18.9,3.15,2.58,N/A,9.01052264596547,-1.5099037356535712,False
TXN100386,2026-02-27,UBS,Citi,Tokenised Deposit,Hybrid Network,US,251662.32,Settled,19.0,33.5,2.84,71.47,N/A,12.435847441461387,1.125507927899549,False
TXN100387,2026-03-08,Deutsche Bank,Citi,Tokenised Deposit,Hybrid Network,US,35587.45,Settled,23.9,49.8,1.94,6.9,N/A,10.479776425996414,-0.3794741326843549,False
TXN100388,2026-04-14,Deutsche Bank,UBS,Tokenised Bond,Public Blockchain,US,2794.66,Settled,49.7,26.8,2.7,0.75,N/A,7.935823493670559,-2.3367668361960128,False
TXN100389,2026-06-23,Barclays,Deutsche Bank,Tokenised Bond,Hybrid Network,EU,57246.49,Settled,18.5,37.0,4.39,25.13,N/A,10.955139077660602,-0.013734720684459172,False
TXN100390,2026-01-24,BNY Mellon,JPMorgan,Tokenised Bond,Permissioned Ledger,EU,282775.4,Settled,12.7,36.6,3.36,95.01,N/A,12.552411758320046,1.2151913823291414,False
TXN100391,2026-04-24,Standard Chartered,Citi,Tokenised Real Estate Fund,Permissioned Ledger,UK,10855.9,Settled,9.4,33.9,1.87,2.03,N/A,9.292556101541924,-1.2929099313533956,False
TXN100392,2026-02-01,UBS,HSBC,Tokenised Real Estate Fund,Permissioned Ledger,MEA,7187.61,Settled,7.0,52.1,2.59,1.86,N/A,8.880253107964391,-1.6101318542556828,False
TXN100393,2026-06-24,Citi,UBS,Tokenised Deposit,Hybrid Network,MEA,17106.31,Settled,31.8,34.4,2.33,3.99,N/A,9.747261136525024,-0.9430642891980812,False
TXN100394,2026-03-27,Citi,UBS,Tokenised Deposit,Public Blockchain,MEA,48635.51,Settled,78.7,15.5,2.06,10.02,N/A,10.79212976242104,-0.13915250623724643,False
TXN100395,2026-05-31,Citi,HSBC,Tokenised Equity,Hybrid Network,EU,1846870.89,Settled,34.7,37.4,1.55,286.26,N/A,14.429003895649632,2.659023165216886,False
TXN100396,2026-07-13,Deutsche Bank,HSBC,Tokenised Bond,Permissioned Ledger,UK,69126.67,Settled,6.1,41.9,1.54,10.65,N/A,11.143710363756803,0.13135019723124144,False
TXN100397,2026-05-07,BNY Mellon,HSBC,Tokenised Deposit,Permissioned Ledger,MEA,1464.08,Settled,5.7,54.5,1.53,0.22,N/A,7.289665127468765,-2.8339148138213264,False
TXN100398,2026-06-04,UBS,Barclays,Tokenised Deposit,Public Blockchain,MEA,39474.05,Settled,60.5,31.9,3.27,12.91,N/A,10.583424105747486,-0.2997286135220921,False
TXN100399,2026-05-10,UBS,HSBC,Regulated Stablecoin,Hybrid Network,MEA,7077.53,Pending,,32.3,0.89,0.63,Pending,8.864821538011627,-1.622004754453038,False
TXN100400,2026-01-17,JPMorgan,Citi,Tokenised Deposit,Permissioned Ledger,APAC,54213.95,Settled,7.6,32.3,0.86,4.66,N/A,10.900711979651868,-0.05561040181524652,False
TXN100401,2026-04-14,HSBC,JPMorgan,Regulated Stablecoin,Permissioned Ledger,US,27405.73,Settled,3.3,21.8,2.23,6.11,N/A,10.218543882654357,-0.5804639169315533,False
TXN100402,2026-06-10,UBS,Citi,Tokenised Equity,Permissioned Ledger,MEA,27451.16,Settled,11.3,25.2,3.5,9.61,N/A,10.220200132366488,-0.5791896144727485,False
TXN100403,2026-05-17,Deutsche Bank,HSBC,Tokenised Deposit,Permissioned Ledger,APAC,129279.57,Settled,10.9,51.6,3.99,51.58,N/A,11.769740282779855,0.6130115428928294,False
TXN100404,2026-02-12,BNY Mellon,Barclays,Tokenised Deposit,Permissioned Ledger,EU,53145.15,Settled,5.3,48.0,1.48,7.87,N/A,10.880800944645973,-0.0709297589626187,False
TXN100405,2026-06-25,UBS,HSBC,Tokenised Real Estate Fund,Hybrid Network,MEA,41240.15,Settled,33.8,42.0,1.79,7.38,N/A,10.627191823290113,-0.26605415629963836,False
TXN100406,2026-02-08,UBS,HSBC,Tokenised Equity,Permissioned Ledger,APAC,102377.25,Settled,6.2,37.0,3.62,37.06,N/A,11.536429566683221,0.43350454161764695,False
TXN100407,2026-06-19,HSBC,Deutsche Bank,Tokenised Bond,Public Blockchain,UK,476126.8,Settled,83.2,47.7,2.93,139.51,N/A,13.073441584572224,1.6160666753727737,False
TXN100408,2026-01-26,Barclays,Citi,Tokenised Deposit,Public Blockchain,EU,20505.15,Settled,73.7,34.3,1.37,2.81,N/A,9.928480120135498,-0.8036361614794247,False
TXN100409,2026-04-09,HSBC,Deutsche Bank,Tokenised Deposit,Hybrid Network,US,286824.08,Settled,9.8,34.9,1.52,43.6,N/A,12.56662783158302,1.226129091166689,False
TXN100410,2026-02-19,Barclays,Deutsche Bank,Tokenised Equity,Permissioned Ledger,UK,169263.4,Settled,10.8,36.1,1.06,17.94,N/A,12.039217268396087,0.8203445210343467,False
TXN100411,2026-06-02,BNY Mellon,Citi,Tokenised Equity,Hybrid Network,US,43677.25,Settled,13.6,25.3,2.52,11.01,N/A,10.684605545513636,-0.22188059547561637,False
TXN100412,2026-06-01,HSBC,Citi,Tokenised Equity,Hybrid Network,MEA,13825.29,Settled,36.3,37.9,0.54,0.75,N/A,9.534327131259925,-1.106893646863849,False
TXN100413,2026-01-13,Deutsche Bank,Barclays,Tokenised Bond,Permissioned Ledger,US,38656.94,Settled,4.7,34.0,3.95,15.27,N/A,10.562507466293477,-0.315821672974999,False
TXN100414,2026-03-01,Barclays,BNY Mellon,Tokenised Equity,Hybrid Network,MEA,245020.52,Settled,41.0,41.1,1.6,39.2,N/A,12.409101322404139,1.1049297234002444,False
TXN100415,2026-05-15,BNY Mellon,UBS,Tokenised Bond,Permissioned Ledger,US,453135.46,Settled,8.6,20.6,3.36,152.25,N/A,13.023948595305747,1.5779872496352503,False
TXN100416,2026-02-26,Deutsche Bank,UBS,Tokenised Bond,Permissioned Ledger,MEA,17632.19,Settled,6.3,11.6,1.53,2.7,N/A,9.777538200600821,-0.9197694098603838,False
TXN100417,2026-02-05,Citi,JPMorgan,Tokenised Bond,Permissioned Ledger,UK,63687.37,Settled,6.5,25.6,2.98,18.98,N/A,11.0617572503232,0.06829626690282183,False
TXN100418,2026-06-22,Barclays,HSBC,Tokenised Deposit,Hybrid Network,APAC,229961.59,Settled,29.5,58.3,2.33,53.58,N/A,12.34567192250212,1.0561277585373028,False
TXN100419,2026-01-20,Deutsche Bank,Barclays,Tokenised Bond,Permissioned Ledger,MEA,214664.73,Settled,2.3,35.9,1.56,33.49,N/A,12.276837353054825,1.0031671086697054,False
TXN100420,2026-03-06,JPMorgan,UBS,Tokenised Bond,Hybrid Network,UK,37762.65,Settled,51.3,60.8,1.57,5.93,N/A,10.539102278723451,-0.3338293972033123,False
TXN100421,2026-01-08,Deutsche Bank,Barclays,Tokenised Real Estate Fund,Permissioned Ledger,MEA,88324.39,Settled,3.9,48.9,2.99,26.41,N/A,11.388782887728494,0.31990661936693804,False
TXN100422,2026-05-24,Barclays,JPMorgan,Tokenised Deposit,Permissioned Ledger,MEA,273620.29,Settled,6.8,35.4,2.53,69.23,N/A,12.51950027603064,1.18986960717825,False
TXN100423,2026-05-22,HSBC,Standard Chartered,Regulated Stablecoin,Hybrid Network,MEA,111755.12,Settled,11.3,7.0,3.66,40.9,N/A,11.624074276076932,0.500937530655251,False
TXN100424,2026-04-25,BNY Mellon,Barclays,Regulated Stablecoin,Public Blockchain,EU,32799.12,Settled,32.2,39.3,4.02,13.19,N/A,10.398187452902128,-0.44224789696876415,False
TXN100425,2026-05-23,UBS,Barclays,Tokenised Bond,Public Blockchain,APAC,26920.02,Failed,,46.2,0.66,1.78,Failed,10.20066267308543,-0.5942215460820364,False
TXN100426,2026-04-02,Standard Chartered,BNY Mellon,Tokenised Bond,Hybrid Network,APAC,84935.94,Settled,27.4,53.8,4.29,36.44,N/A,11.349664377788615,0.28980921736525433,False
TXN100427,2026-04-08,UBS,Standard Chartered,Tokenised Deposit,Permissioned Ledger,MEA,46807.08,Settled,7.8,38.8,2.41,11.28,N/A,10.753811116576166,-0.16863450056488768,False
TXN100428,2026-03-07,Standard Chartered,UBS,Tokenised Bond,Public Blockchain,MEA,38515.26,Settled,57.0,51.4,0.91,3.5,N/A,10.558835768778765,-0.3186466414182934,False
TXN100429,2026-02-01,Deutsche Bank,HSBC,Tokenised Deposit,Permissioned Ledger,MEA,12416.68,Settled,5.6,35.1,3.18,3.95,N/A,9.426876542547875,-1.1895650872830887,False
TXN100430,2026-07-10,Standard Chartered,HSBC,Tokenised Equity,Permissioned Ledger,US,47374.34,Settled,9.6,59.2,1.84,8.72,N/A,10.765857119139977,-0.1593664230682367,False
TXN100431,2026-03-27,Barclays,BNY Mellon,Tokenised Deposit,Public Blockchain,MEA,27260.28,Settled,21.3,26.9,2.69,7.33,N/A,10.213222659393942,-0.5845580144791226,False
TXN100432,2026-02-20,JPMorgan,Standard Chartered,Tokenised Deposit,Public Blockchain,MEA,43771.7,Settled,65.7,42.9,2.09,9.15,N/A,10.686765614368793,-0.22021865945645502,False
TXN100433,2026-06-02,UBS,Citi,Tokenised Deposit,Public Blockchain,MEA,50776.18,Settled,81.9,15.5,1.6,8.12,N/A,10.835202320041942,-0.10601289831380088,False
TXN100434,2026-07-05,UBS,HSBC,Tokenised Deposit,Public Blockchain,US,214369.74,Settled,82.6,39.8,1.64,35.16,N/A,12.27546222498478,1.0021090984747478,False
TXN100435,2026-03-04,JPMorgan,Deutsche Bank,Regulated Stablecoin,Permissioned Ledger,UK,142084.23,Settled,8.3,40.6,1.24,17.62,N/A,11.864182367796264,0.6856743667832234,False
TXN100436,2026-07-09,UBS,JPMorgan,Tokenised Deposit,Hybrid Network,MEA,239819.55,Settled,30.5,35.6,4.3,103.12,N/A,12.3876462143175,1.0884223714058674,False
TXN100437,2026-05-05,JPMorgan,Deutsche Bank,Tokenised Deposit,Permissioned Ledger,US,872612.85,Pending,,30.5,1.17,102.1,Pending,13.679248411652035,2.0821685703071173,False
TXN100438,2026-05-30,Barclays,UBS,Regulated Stablecoin,Permissioned Ledger,APAC,38417.7,Settled,8.0,27.9,3.51,13.48,N/A,10.556299599206612,-0.32059794568000577,False
TXN100439,2026-02-27,Deutsche Bank,Citi,Tokenised Deposit,Hybrid Network,UK,26035.98,Settled,24.7,51.3,4.15,10.8,N/A,10.167273114174408,-0.619911148747077,False
TXN100440,2026-02-27,Deutsche Bank,HSBC,Tokenised Real Estate Fund,Permissioned Ledger,US,17215.89,Settled,3.9,17.0,4.16,7.16,N/A,9.753646157721969,-0.9381517158396108,False
TXN100441,2026-03-27,Barclays,JPMorgan,Tokenised Deposit,Hybrid Network,MEA,102426.28,Pending,,20.8,1.39,14.24,Pending,11.5369083623577,0.4338729223640914,False
TXN100442,2026-02-18,BNY Mellon,Citi,Tokenised Bond,Public Blockchain,APAC,21883.32,Settled,58.9,29.6,2.8,6.13,N/A,9.9935256776321,-0.7535907406439271,False
TXN100443,2026-06-29,BNY Mellon,Citi,Tokenised Bond,Public Blockchain,MEA,227324.4,Settled,67.0,25.2,1.29,29.32,N/A,12.334137750187859,1.0472534782686382,False
TXN100444,2026-06-19,Deutsche Bank,Barclays,Tokenised Deposit,Permissioned Ledger,APAC,11451.62,Settled,6.1,32.9,2.54,2.91,N/A,9.345973803767562,-1.2518108695444934,False
TXN100445,2026-03-11,UBS,HSBC,Tokenised Deposit,Permissioned Ledger,UK,11966.52,Settled,11.3,50.4,4.42,5.29,N/A,9.38995159245808,-1.21797478561906,False
TXN100446,2026-01-15,UBS,Deutsche Bank,Tokenised Real Estate Fund,Public Blockchain,US,79355.1,Settled,53.9,33.4,3.02,23.97,N/A,11.28170059760603,0.23751854430912003,False
TXN100447,2026-02-23,JPMorgan,BNY Mellon,Tokenised Bond,Permissioned Ledger,US,162123.86,Settled,7.7,25.1,4.26,69.06,N/A,11.996122058087145,0.7871874843525115,False
TXN100448,2026-07-07,UBS,Citi,Tokenised Real Estate Fund,Permissioned Ledger,UK,50731.29,Settled,7.3,38.8,3.38,17.15,N/A,10.834317870484158,-0.10669338522221708,False
TXN100449,2026-04-11,HSBC,Deutsche Bank,Tokenised Deposit,Public Blockchain,MEA,152818.12,Settled,52.2,13.8,0.88,13.45,N/A,11.937010278776393,0.7417074548809177,False
TXN100450,2026-01-08,HSBC,Barclays,Tokenised Equity,Hybrid Network,US,18671.76,Settled,27.2,45.5,4.5,8.4,N/A,9.834821056354391,-0.8756965364286153,False
TXN100451,2026-02-22,Barclays,JPMorgan,Tokenised Deposit,Permissioned Ledger,UK,28514.48,Pending,,46.3,3.68,10.49,Pending,10.258202376694621,-0.5499510564022114,False
TXN100452,2026-03-01,BNY Mellon,Deutsche Bank,Tokenised Deposit,Hybrid Network,UK,73748.16,Settled,42.3,43.9,1.32,9.73,N/A,11.208424884306693,0.1811409214518144,False
TXN100453,2026-04-18,BNY Mellon,UBS,Tokenised Deposit,Permissioned Ledger,EU,25179.82,Failed,,57.8,1.17,2.95,Failed,10.13383787259629,-0.6456358992129468,False
TXN100454,2026-01-05,JPMorgan,UBS,Tokenised Real Estate Fund,Hybrid Network,UK,101279.18,Settled,15.9,46.5,1.47,14.89,N/A,11.52564601462761,0.4252077812931192,False
TXN100455,2026-04-13,BNY Mellon,Citi,Tokenised Deposit,Permissioned Ledger,EU,147809.84,Settled,5.7,42.6,1.94,28.68,N/A,11.903688627161353,0.7160700994305373,False
TXN100456,2026-07-15,Standard Chartered,HSBC,Regulated Stablecoin,Permissioned Ledger,US,344206.01,Failed,,52.5,2.88,99.13,Failed,12.748998528618431,1.36644333602003,False
TXN100457,2026-01-06,Deutsche Bank,UBS,Tokenised Equity,Permissioned Ledger,EU,39750.18,Settled,7.1,37.0,3.07,12.2,N/A,10.590394805176462,-0.29436542501442053,False
TXN100458,2026-04-19,JPMorgan,BNY Mellon,Tokenised Deposit,Permissioned Ledger,US,65394.28,Settled,1.9,53.3,1.08,7.06,N/A,11.088205363586997,0.08864518863603595,False
TXN100459,2026-04-26,Barclays,UBS,Tokenised Deposit,Permissioned Ledger,EU,30758.25,Settled,3.7,37.4,3.5,10.77,N/A,10.333946041007632,-0.49167461598019857,False
TXN100460,2026-04-04,Citi,BNY Mellon,Regulated Stablecoin,Permissioned Ledger,MEA,143373.39,Settled,6.3,19.7,1.45,20.79,N/A,11.873214599845463,0.6926236784869418,False
TXN100461,2026-02-16,BNY Mellon,Barclays,Regulated Stablecoin,Hybrid Network,EU,102638.94,Settled,18.5,36.7,3.3,33.87,N/A,11.538982414721927,0.43546867812970275,False
TXN100462,2026-04-09,JPMorgan,Deutsche Bank,Tokenised Deposit,Hybrid Network,MEA,4347.95,Failed,,45.8,3.7,1.61,Failed,8.37768971563571,-1.9967992522085452,False
TXN100463,2026-02-24,Barclays,Standard Chartered,Tokenised Bond,Public Blockchain,US,70770.87,Settled,45.6,38.4,1.37,9.7,N/A,11.167216884346562,0.14943588610175737,False
TXN100464,2026-06-17,BNY Mellon,Deutsche Bank,Tokenised Deposit,Hybrid Network,EU,149413.39,Settled,46.5,32.2,0.9,13.45,N/A,11.91447886565028,0.7243720042319826,False
TXN100465,2026-02-21,Barclays,Standard Chartered,Regulated Stablecoin,Permissioned Ledger,MEA,17617.9,Settled,7.9,28.3,3.91,6.89,N/A,9.776727468483507,-0.9203931792853433,False
TXN100466,2026-05-24,HSBC,UBS,Tokenised Real Estate Fund,Hybrid Network,US,12024.49,Settled,34.6,24.9,4.36,5.24,N/A,9.394783842584514,-1.2142568992565301,False
TXN100467,2026-01-13,Deutsche Bank,HSBC,Tokenised Deposit,Public Blockchain,US,77950.34,Settled,69.4,35.8,0.52,4.05,N/A,11.263840064844903,0.22377682369394236,False
TXN100468,2026-04-24,HSBC,BNY Mellon,Tokenised Bond,Permissioned Ledger,UK,405284.71,Settled,5.9,23.6,1.46,59.17,N/A,12.912347554161125,1.4921224913840179,False
TXN100469,2026-05-04,Standard Chartered,Citi,Tokenised Deposit,Permissioned Ledger,EU,142198.55,Settled,5.6,32.8,3.31,47.07,N/A,11.864986631789309,0.6862931596961269,False
TXN100470,2026-04-16,Deutsche Bank,Barclays,Tokenised Deposit,Permissioned Ledger,EU,40850.4,Settled,8.8,41.2,2.97,12.13,N/A,10.617696371426714,-0.2733598648340277,False
TXN100471,2026-06-07,Deutsche Bank,HSBC,Tokenised Deposit,Public Blockchain,EU,30911.05,Settled,40.8,39.9,0.96,2.97,N/A,10.33890135450576,-0.4878620458535057,False
TXN100472,2026-05-27,Standard Chartered,HSBC,Tokenised Equity,Permissioned Ledger,APAC,113221.74,Settled,9.6,42.8,3.9,44.16,N/A,11.63711230796908,0.5109688658919926,False
TXN100473,2026-05-25,Citi,Deutsche Bank,Tokenised Deposit,Hybrid Network,US,29095.89,Settled,28.8,34.8,1.59,4.63,N/A,10.27838657459604,-0.534421530373378,False
TXN100474,2026-04-30,JPMorgan,Standard Chartered,Tokenised Bond,Hybrid Network,APAC,153226.88,Settled,26.1,48.1,0.55,8.43,N/A,11.93968150406569,0.7437626697010278,False
TXN100475,2026-03-04,HSBC,Deutsche Bank,Tokenised Bond,Permissioned Ledger,MEA,117405.99,Settled,8.1,60.0,3.56,41.8,N/A,11.673401724637767,0.538889590980006,False
TXN100476,2026-01-19,Standard Chartered,Citi,Tokenised Bond,Permissioned Ledger,UK,37571.9,Settled,9.3,27.0,3.07,11.53,N/A,10.534038324835818,-0.33772555419161115,False
TXN100477,2026-04-02,Deutsche Bank,HSBC,Tokenised Equity,Public Blockchain,MEA,77129.91,Settled,65.8,25.2,4.24,32.7,N/A,11.253259387121119,0.21563615291194155,False
TXN100478,2026-02-27,Standard Chartered,Deutsche Bank,Tokenised Deposit,Public Blockchain,UK,804948.24,Settled,100.6,34.0,3.91,314.73,N/A,13.598534498511972,2.020068068661247,False
TXN100479,2026-07-02,Barclays,UBS,Tokenised Equity,Permissioned Ledger,APAC,20445.75,Settled,6.4,39.5,2.99,6.11,N/A,9.92557922463578,-0.8058680823310653,False
TXN100480,2026-03-31,JPMorgan,HSBC,Tokenised Bond,Public Blockchain,APAC,18024.48,Settled,36.8,44.5,2.04,3.68,N/A,9.799541591479585,-0.9028402144054409,False
TXN100481,2026-04-27,BNY Mellon,HSBC,Tokenised Bond,Permissioned Ledger,US,133662.77,Settled,11.1,45.6,0.92,12.3,N/A,11.803082746562838,0.6386649110232956,False
TXN100482,2026-03-03,JPMorgan,Standard Chartered,Tokenised Bond,Hybrid Network,UK,10020.8,Settled,11.5,65.8,3.69,3.7,N/A,9.212517999223957,-1.3544904707097782,False
TXN100483,2026-01-23,Standard Chartered,Deutsche Bank,Tokenised Deposit,Hybrid Network,UK,183134.45,Settled,8.1,24.3,2.47,45.23,N/A,12.11798132197175,0.8809448196498161,False
TXN100484,2026-05-07,Barclays,Citi,Regulated Stablecoin,Permissioned Ledger,US,1721917.24,Settled,11.7,38.6,1.18,203.19,N/A,14.358949483167821,2.605123979954019,False
TXN100485,2026-05-17,Deutsche Bank,UBS,Tokenised Bond,Permissioned Ledger,US,39983.05,Settled,1.8,44.9,2.29,9.16,N/A,10.596235903574152,-0.2898713405803032,False
TXN100486,2026-05-20,Barclays,JPMorgan,Tokenised Real Estate Fund,Permissioned Ledger,UK,5829.88,Settled,7.9,32.0,3.16,1.84,N/A,8.670923211349956,-1.7711882456943753,False
TXN100487,2026-05-09,Citi,BNY Mellon,Tokenised Deposit,Permissioned Ledger,UK,75842.59,Settled,4.8,64.5,3.77,28.59,N/A,11.236428472306457,0.2026866103549394,False
TXN100488,2026-02-27,Deutsche Bank,Citi,Regulated Stablecoin,Permissioned Ledger,EU,27376.59,Settled,5.4,37.7,1.44,3.94,N/A,10.217480074515526,-0.5812824005920062,False
TXN100489,2026-05-02,Deutsche Bank,Standard Chartered,Tokenised Deposit,Permissioned Ledger,US,6232.03,Settled,8.3,45.6,1.58,0.98,N/A,8.737617849888878,-1.7198740379050714,False
TXN100490,2026-01-01,Barclays,JPMorgan,Regulated Stablecoin,Public Blockchain,APAC,9370.5,Settled,62.7,32.9,3.85,3.61,N/A,9.14542844779904,-1.4061085206419384,False
TXN100491,2026-02-03,BNY Mellon,Deutsche Bank,Tokenised Equity,Public Blockchain,US,19339.48,Settled,43.3,18.6,3.53,6.83,N/A,9.869955587727219,-0.8486643688819996,False
TXN100492,2026-04-06,HSBC,Deutsche Bank,Tokenised Bond,Permissioned Ledger,EU,368113.28,Settled,10.9,11.3,4.42,162.71,N/A,12.816148712420683,1.4181080359150273,False
TXN100493,2026-05-06,Deutsche Bank,Citi,Regulated Stablecoin,Permissioned Ledger,EU,1275718.6,Settled,1.0,66.6,3.0,382.72,N/A,14.059020969522175,2.3743618916016214,False
TXN100494,2026-04-28,Deutsche Bank,Barclays,Tokenised Real Estate Fund,Public Blockchain,APAC,63281.07,Settled,95.7,23.6,3.48,22.02,N/A,11.055357313663787,0.06337221773224477,False
TXN100495,2026-02-17,Barclays,Citi,Tokenised Real Estate Fund,Public Blockchain,MEA,134980.78,Settled,39.1,26.1,1.99,26.86,N/A,11.812895085349282,0.6462144292816908,False
TXN100496,2026-03-30,UBS,Citi,Tokenised Deposit,Permissioned Ledger,UK,737074.6,Settled,10.6,31.5,1.62,119.41,N/A,13.510445743929704,1.9522934355639012,False
TXN100497,2026-04-27,HSBC,Deutsche Bank,Tokenised Bond,Permissioned Ledger,US,5271.58,Settled,2.5,45.4,3.39,1.79,N/A,8.570275085305624,-1.8486259373377438,False
TXN100498,2026-05-09,Barclays,BNY Mellon,Tokenised Bond,Permissioned Ledger,APAC,23610.79,Settled,7.3,31.3,0.9,2.12,N/A,10.069501442538208,-0.6951357242775338,False
TXN100499,2026-01-16,Standard Chartered,Barclays,Tokenised Deposit,Hybrid Network,US,44148.7,Settled,25.5,47.7,1.55,6.84,N/A,10.695341410992032,-0.21362052474092033,False
TXN100500,2026-07-08,UBS,Standard Chartered,Tokenised Equity,Hybrid Network,US,28558.65,Settled,23.8,23.2,2.1,6.0,N/A,10.259750161476468,-0.5487602058083894,False
TXN100501,2026-07-11,JPMorgan,UBS,Tokenised Bond,Public Blockchain,UK,59112.74,Settled,113.9,45.9,0.56,3.31,N/A,10.987218663682848,0.010947001549925603,False
TXN100502,2026-07-10,JPMorgan,Citi,Tokenised Equity,Permissioned Ledger,APAC,31574.55,Settled,7.6,33.6,2.51,7.93,N/A,10.360138365911007,-0.4715224953297146,False
TXN100503,2026-03-10,HSBC,UBS,Tokenised Bond,Permissioned Ledger,APAC,27715.51,Settled,11.2,31.5,3.08,8.54,N/A,10.22978354350163,-0.5718162309281016,False
TXN100504,2026-01-22,BNY Mellon,Deutsche Bank,Regulated Stablecoin,Hybrid Network,MEA,153585.1,Settled,16.2,4.0,1.18,18.12,N/A,11.942016600809142,0.7455592704792394,False
TXN100505,2026-04-03,BNY Mellon,UBS,Tokenised Deposit,Permissioned Ledger,APAC,60588.29,Settled,7.0,43.1,1.81,10.97,N/A,11.01187342376508,0.029916134745193987,False
TXN100506,2026-07-14,Deutsche Bank,UBS,Tokenised Deposit,Permissioned Ledger,US,211168.67,Settled,9.4,31.6,3.91,82.57,N/A,12.260417212547088,0.9905336118789269,False
TXN100507,2026-03-17,UBS,Deutsche Bank,Tokenised Deposit,Hybrid Network,US,41856.11,Settled,32.2,32.6,4.26,17.83,N/A,10.642016953960647,-0.25464784460207335,False
TXN100508,2026-06-03,HSBC,UBS,Regulated Stablecoin,Public Blockchain,MEA,581041.92,Settled,80.8,27.1,3.87,224.86,N/A,13.27257990573899,1.769281767545456,False
TXN100509,2026-05-24,UBS,BNY Mellon,Tokenised Deposit,Hybrid Network,US,10561.88,Settled,23.4,28.7,2.28,2.41,N/A,9.265101247349657,-1.3140334297891043,False
TXN100510,2026-06-28,HSBC,Standard Chartered,Tokenised Deposit,Permissioned Ledger,UK,238113.38,Settled,5.4,48.1,3.31,78.82,N/A,12.380506425443366,1.0829290871196757,False
TXN100511,2026-03-27,JPMorgan,HSBC,Tokenised Bond,Permissioned Ledger,US,12408.19,Settled,8.7,21.5,2.52,3.13,N/A,9.426192606124884,-1.1900913013310674,False
TXN100512,2026-07-04,Standard Chartered,HSBC,Tokenised Deposit,Permissioned Ledger,APAC,56721.46,Settled,11.0,25.0,1.87,10.61,N/A,10.94592553121051,-0.02082353392902867,False
TXN100513,2026-01-29,BNY Mellon,Standard Chartered,Tokenised Deposit,Public Blockchain,EU,263426.36,Settled,61.7,32.0,2.54,66.91,N/A,12.481532935334307,1.1606579036233684,False
TXN100514,2026-03-10,Barclays,HSBC,Tokenised Bond,Permissioned Ledger,EU,263077.04,Settled,4.5,31.7,4.42,116.28,N/A,12.480205997182274,1.1596369702837679,False
TXN100515,2026-02-16,BNY Mellon,Standard Chartered,Tokenised Bond,Permissioned Ledger,MEA,115033.49,Settled,5.9,42.3,1.26,14.49,N/A,11.65298727542394,0.5231829118254107,False
TXN100516,2026-04-04,Deutsche Bank,Standard Chartered,Tokenised Bond,Permissioned Ledger,US,233988.55,Settled,9.5,27.2,1.59,37.2,N/A,12.363031735222977,1.0694842300117167,False
TXN100517,2026-07-09,HSBC,UBS,Tokenised Real Estate Fund,Public Blockchain,MEA,49812.01,Failed,,29.7,2.29,11.41,Failed,10.816031473874137,-0.12076276135080419,False
TXN100518,2026-07-16,Deutsche Bank,HSBC,Tokenised Bond,Hybrid Network,EU,32323.98,Pending,,16.9,2.38,7.69,Pending,10.383595584923702,-0.45347473861424503,False
TXN100519,2026-05-24,Citi,BNY Mellon,Tokenised Bond,Public Blockchain,US,45550.71,Settled,45.7,36.1,4.16,18.95,N/A,10.72660344314701,-0.18956782051972207,False
TXN100520,2026-06-25,Standard Chartered,UBS,Regulated Stablecoin,Permissioned Ledger,US,132625.53,Settled,12.9,48.5,4.07,53.98,N/A,11.795292412136265,0.6326711033009541,False
TXN100521,2026-03-26,Citi,Standard Chartered,Regulated Stablecoin,Public Blockchain,MEA,351907.11,Settled,54.7,50.5,3.09,108.74,N/A,12.771125369364091,1.3834675126047946,False
TXN100522,2026-02-08,UBS,Citi,Regulated Stablecoin,Public Blockchain,UK,58741.85,Failed,,28.0,3.93,23.09,Failed,10.980924722472441,0.006104504249396672,False
TXN100523,2026-04-10,UBS,BNY Mellon,Regulated Stablecoin,Hybrid Network,MEA,5023.32,Settled,26.1,39.6,2.59,1.3,N/A,8.522045400387157,-1.8857333889670775,False
TXN100524,2026-02-02,Standard Chartered,JPMorgan,Tokenised Deposit,Permissioned Ledger,MEA,50007.79,Pending,,32.3,1.3,6.5,Pending,10.819954068959275,-0.11774475475114926,False
TXN100525,2026-04-11,Standard Chartered,Barclays,Tokenised Bond,Permissioned Ledger,UK,233511.2,Settled,6.0,46.1,4.05,94.57,N/A,12.360989603120194,1.0679130333855549,False
TXN100526,2026-01-23,Citi,Deutsche Bank,Tokenised Deposit,Permissioned Ledger,UK,132241.34,Settled,3.3,38.4,4.03,53.29,N/A,11.792391427438169,0.630439113820948,False
TXN100527,2026-01-10,Deutsche Bank,Citi,Tokenised Bond,Public Blockchain,US,68256.53,Settled,69.6,34.5,4.0,27.3,N/A,11.131043036631665,0.12160407864548602,False
TXN100528,2026-03-10,Standard Chartered,UBS,Regulated Stablecoin,Public Blockchain,US,35574.23,Settled,53.2,15.5,2.92,10.39,N/A,10.479404888151489,-0.37975999029740676,False
TXN100529,2026-04-10,HSBC,UBS,Tokenised Deposit,Permissioned Ledger,UK,29024.59,Settled,10.2,23.1,4.43,12.86,N/A,10.275933133663544,-0.5363091840224096,False
TXN100530,2026-02-03,Barclays,JPMorgan,Regulated Stablecoin,Hybrid Network,US,22094.34,Settled,25.7,48.3,3.09,6.83,N/A,10.003122005543299,-0.7462074190571074,False
TXN100531,2026-06-29,Citi,Standard Chartered,Tokenised Real Estate Fund,Public Blockchain,EU,114942.88,Settled,74.6,62.6,3.5,40.23,N/A,11.652199288234636,0.5225766421273804,False
TXN100532,2026-05-18,JPMorgan,Standard Chartered,Regulated Stablecoin,Public Blockchain,MEA,138489.42,Settled,59.8,21.2,3.36,46.53,N/A,11.838556432542108,0.6659580208334712,False
TXN100533,2026-05-27,Deutsche Bank,Barclays,Regulated Stablecoin,Permissioned Ledger,UK,5074.18,Settled,10.9,34.3,2.15,1.09,N/A,8.53211727126131,-1.8779841892385007,False
TXN100534,2026-07-05,Deutsche Bank,Barclays,Tokenised Deposit,Public Blockchain,MEA,56072.35,Settled,43.4,43.1,4.16,23.33,N/A,10.934415934078093,-0.029678906291221482,False
TXN100535,2026-04-06,HSBC,UBS,Tokenised Equity,Public Blockchain,UK,142476.74,Settled,60.8,53.2,1.43,20.37,N/A,11.866941055962391,0.6877968746921599,False
TXN100536,2026-01-01,HSBC,Barclays,Tokenised Equity,Public Blockchain,UK,24341.65,Settled,46.8,29.1,0.77,1.87,N/A,10.099985234896163,-0.6716817902053179,False
TXN100537,2026-03-10,Deutsche Bank,Standard Chartered,Tokenised Real Estate Fund,Permissioned Ledger,US,120251.19,Settled,10.9,31.5,1.43,17.2,N/A,11.697346399860383,0.5573123917738608,False
TXN100538,2026-01-04,BNY Mellon,HSBC,Tokenised Deposit,Permissioned Ledger,EU,168970.23,Settled,4.5,34.8,2.93,49.51,N/A,12.037483742726911,0.819010763203959,False
TXN100539,2026-01-16,Standard Chartered,Citi,Tokenised Deposit,Hybrid Network,MEA,216844.06,Settled,29.1,36.2,3.29,71.34,N/A,12.286938368280024,1.010938731779205,False
TXN100540,2026-01-24,JPMorgan,Standard Chartered,Regulated Stablecoin,Permissioned Ledger,EU,85383.99,Settled,1.8,34.9,3.54,30.23,N/A,11.354925603204743,0.2938571531535559,False
TXN100541,2026-03-21,Citi,Standard Chartered,Regulated Stablecoin,Permissioned Ledger,MEA,61134.58,Settled,8.7,47.5,2.93,17.91,N/A,11.020849299733745,0.036822086627343535,False
TXN100542,2026-01-02,Standard Chartered,HSBC,Tokenised Bond,Public Blockchain,APAC,122343.52,Settled,96.0,20.4,2.75,33.64,N/A,11.714596278329527,0.5705842809016406,False
TXN100543,2026-05-08,Deutsche Bank,Standard Chartered,Tokenised Deposit,Permissioned Ledger,APAC,5383.4,Settled,7.5,29.1,4.2,2.26,N/A,8.591261162769937,-1.8324794529534294,False
TXN100544,2026-06-09,Barclays,BNY Mellon,Tokenised Bond,Public Blockchain,EU,83345.87,Settled,47.6,26.4,0.7,5.83,N/A,11.330766334984325,0.2752692465892739,False
TXN100545,2026-03-25,JPMorgan,Deutsche Bank,Tokenised Deposit,Public Blockchain,US,2461.52,Settled,68.7,43.4,1.59,0.39,N/A,7.808940494840673,-2.4343893844175937,False
TXN100546,2026-06-01,BNY Mellon,JPMorgan,Tokenised Deposit,Permissioned Ledger,MEA,707803.34,Settled,2.0,4.9,1.53,108.29,N/A,13.469922978550317,1.921115613051802,False
TXN100547,2026-05-20,JPMorgan,UBS,Tokenised Equity,Hybrid Network,APAC,874035.51,Settled,28.6,42.1,1.49,130.23,N/A,13.680877427220564,2.0834219190800733,False
TXN100548,2026-06-27,JPMorgan,Standard Chartered,Tokenised Deposit,Permissioned Ledger,UK,62315.9,Settled,1.0,29.1,2.13,13.27,N/A,11.039987936046803,0.051547167714618904,False
TXN100549,2026-06-12,JPMorgan,UBS,Tokenised Bond,Public Blockchain,APAC,92530.13,Pending,,33.8,1.88,17.4,Pending,11.435300407423991,0.3556967476859449,False
TXN100550,2026-05-04,HSBC,Citi,Regulated Stablecoin,Permissioned Ledger,APAC,89337.99,Settled,14.2,19.2,4.13,36.9,N/A,11.400193289715723,0.32868567194686116,False
TXN100551,2026-02-02,BNY Mellon,Barclays,Regulated Stablecoin,Permissioned Ledger,APAC,285886.3,Settled,9.5,19.5,3.29,94.06,N/A,12.563352956197487,1.2236094338194312,False
TXN100552,2026-06-10,Barclays,HSBC,Tokenised Deposit,Permissioned Ledger,MEA,89571.18,Settled,10.0,31.2,1.21,10.84,N/A,11.40280005967926,0.33069129546470616,False
TXN100553,2026-07-08,Barclays,HSBC,Tokenised Deposit,Permissioned Ledger,EU,172904.5,Settled,8.4,33.2,2.74,47.38,N/A,12.060500481460414,0.8367196186663638,False
TXN100554,2026-06-28,Citi,HSBC,Tokenised Bond,Hybrid Network,MEA,85318.6,Settled,29.2,50.3,1.11,9.47,N/A,11.35415948434176,0.2932677087336205,False
TXN100555,2026-06-20,Standard Chartered,JPMorgan,Tokenised Deposit,Permissioned Ledger,APAC,20657.08,Settled,9.1,47.6,1.51,3.12,N/A,9.935861805150813,-0.7979567646491985,False
TXN100556,2026-04-11,UBS,BNY Mellon,Regulated Stablecoin,Public Blockchain,UK,35145.73,Settled,75.7,18.4,2.67,9.38,N/A,10.467286863039288,-0.3890834812439934,False
TXN100557,2026-01-12,Standard Chartered,BNY Mellon,Tokenised Deposit,Public Blockchain,APAC,11595.81,Settled,65.5,52.3,3.46,4.01,N/A,9.358485339275022,-1.242184615517816,False
TXN100558,2026-03-08,HSBC,JPMorgan,Regulated Stablecoin,Permissioned Ledger,EU,247333.73,Settled,7.1,28.2,1.48,36.61,N/A,12.418497880365734,1.1121593439261008,False
TXN100559,2026-03-06,HSBC,Barclays,Tokenised Deposit,Permissioned Ledger,UK,176552.91,Settled,10.6,42.6,3.93,69.39,N/A,12.081381547811949,0.8527853085193738,False
TXN100560,2026-06-10,Standard Chartered,BNY Mellon,Tokenised Bond,Permissioned Ledger,MEA,369388.78,Settled,9.1,36.4,3.93,145.17,N/A,12.81960767987836,1.4207693319164456,False
TXN100561,2026-06-17,UBS,Deutsche Bank,Tokenised Bond,Permissioned Ledger,US,38278.38,Pending,,30.6,2.75,10.53,Pending,10.552666648988495,-0.3233931023292448,False
TXN100562,2026-03-15,HSBC,JPMorgan,Tokenised Real Estate Fund,Permissioned Ledger,US,101879.16,Settled,6.3,42.9,3.91,39.83,N/A,11.531552499567228,0.42975217349818545,False
TXN100563,2026-02-12,Deutsche Bank,Citi,Regulated Stablecoin,Hybrid Network,UK,283891.74,Settled,29.8,15.0,1.72,48.83,N/A,12.55635176974944,1.2182227888950856,False
TXN100564,2026-02-13,BNY Mellon,UBS,Tokenised Deposit,Permissioned Ledger,UK,23354.8,Settled,7.8,55.4,0.76,1.77,N/A,10.058600626256643,-0.7035227065597571,False
TXN100565,2026-01-29,BNY Mellon,Citi,Tokenised Real Estate Fund,Public Blockchain,EU,454939.18,Pending,,32.3,1.81,82.34,Pending,13.027921216762344,1.5810437460397269,False
TXN100566,2026-05-21,Barclays,Standard Chartered,Tokenised Deposit,Hybrid Network,APAC,219614.55,Settled,16.0,39.1,0.72,15.81,N/A,12.299633796675225,1.020706471209495,False
TXN100567,2026-01-12,Deutsche Bank,HSBC,Tokenised Bond,Permissioned Ledger,UK,57972.12,Settled,6.0,17.6,3.61,20.93,N/A,10.967734733827351,-0.004043745038703458,False
TXN100568,2026-04-05,HSBC,Barclays,Tokenised Real Estate Fund,Hybrid Network,UK,29688.99,Settled,33.9,16.4,2.37,7.04,N/A,10.298565230944007,-0.5188962679620029,False
TXN100569,2026-02-15,Deutsche Bank,HSBC,Tokenised Deposit,Hybrid Network,MEA,18463.81,Settled,18.1,36.5,0.94,1.74,N/A,9.823622037496383,-0.8843129528798537,False
TXN100570,2026-05-10,BNY Mellon,Citi,Tokenised Deposit,Permissioned Ledger,US,83100.18,Settled,11.8,37.9,3.73,31.0,N/A,11.32781418050205,0.2729978875737938,False
TXN100571,2026-02-04,Standard Chartered,Citi,Tokenised Bond,Permissioned Ledger,APAC,34724.43,Pending,,44.9,2.43,8.44,Pending,10.455227550555234,-0.3983617992641405,False
TXN100572,2026-03-22,BNY Mellon,UBS,Tokenised Bond,Hybrid Network,EU,27935.69,Settled,18.8,25.1,4.23,11.82,N/A,10.23769615764702,-0.5657283423765179,False
TXN100573,2026-03-31,BNY Mellon,JPMorgan,Tokenised Deposit,Public Blockchain,EU,534925.24,Settled,52.0,23.6,2.98,159.41,N/A,13.189884147214439,1.7056564532895502,False
TXN100574,2026-01-08,Standard Chartered,Deutsche Bank,Tokenised Deposit,Hybrid Network,MEA,209918.24,Settled,33.6,11.1,3.85,80.82,N/A,12.254478164304478,0.9859641657844838,False
TXN100575,2026-04-03,Deutsche Bank,Barclays,Tokenised Deposit,Public Blockchain,APAC,75382.11,Settled,81.8,18.3,1.6,12.06,N/A,11.230338523598071,0.19800106290623484,False
TXN100576,2026-06-03,UBS,Deutsche Bank,Tokenised Real Estate Fund,Public Blockchain,EU,77921.99,Settled,64.8,27.6,3.36,26.18,N/A,11.263476310270143,0.22349695445343873,False
TXN100577,2026-03-31,Citi,BNY Mellon,Tokenised Deposit,Permissioned Ledger,UK,26541.69,Pending,,36.1,2.98,7.91,Pending,10.186509659193087,-0.6051107376516527,False
TXN100578,2026-06-11,BNY Mellon,Citi,Tokenised Deposit,Hybrid Network,UK,55372.76,Settled,11.6,49.9,0.52,2.88,N/A,10.92186111432019,-0.03933846280022466,False
TXN100579,2026-04-25,BNY Mellon,Barclays,Tokenised Real Estate Fund,Permissioned Ledger,UK,69670.42,Settled,1.0,45.3,4.1,28.56,N/A,11.151545469616373,0.1373784516597371,False
TXN100580,2026-04-15,Standard Chartered,HSBC,Tokenised Real Estate Fund,Permissioned Ledger,EU,71576.58,Settled,12.2,60.0,3.94,28.2,N/A,11.178537175422154,0.15814560822056484,False
TXN100581,2026-05-15,Barclays,BNY Mellon,Regulated Stablecoin,Public Blockchain,APAC,45913.52,Settled,73.8,28.6,3.91,17.95,N/A,10.73453668589301,-0.18346406052297667,False
TXN100582,2026-07-15,Barclays,BNY Mellon,Tokenised Bond,Permissioned Ledger,MEA,78513.17,Settled,9.8,52.4,3.19,25.05,N/A,11.27103439703475,0.22931207307803886,False
TXN100583,2026-02-27,Deutsche Bank,Standard Chartered,Tokenised Bond,Permissioned Ledger,APAC,25853.6,Settled,8.9,32.7,4.01,10.37,N/A,10.160243813815269,-0.6253194242418428,False
TXN100584,2026-04-24,BNY Mellon,Standard Chartered,Tokenised Bond,Public Blockchain,APAC,212958.57,Settled,88.0,28.5,2.21,47.06,N/A,12.268857614468372,0.9970275752244401,False
TXN100585,2026-03-16,UBS,BNY Mellon,Tokenised Deposit,Hybrid Network,MEA,41740.71,Settled,5.4,49.9,3.53,14.73,N/A,10.639256147688533,-0.2567719821612058,False
TXN100586,2026-06-06,Citi,JPMorgan,Tokenised Deposit,Public Blockchain,MEA,46509.95,Settled,52.1,28.0,4.13,19.21,N/A,10.74744304772444,-0.1735340309534268,False
TXN100587,2026-04-30,UBS,BNY Mellon,Tokenised Deposit,Permissioned Ledger,APAC,159676.16,Settled,13.9,41.4,3.31,52.85,N/A,11.980909305815983,0.7754829403563087,False
TXN100588,2026-06-13,BNY Mellon,Citi,Tokenised Real Estate Fund,Public Blockchain,UK,575125.62,Pending,,24.7,0.8,46.01,Pending,13.262345504232764,1.7614075183255105,False
TXN100589,2026-01-21,HSBC,Citi,Regulated Stablecoin,Public Blockchain,UK,45727.5,Settled,91.6,31.1,3.81,17.42,N/A,10.73047701488955,-0.18658753200421455,False
TXN100590,2026-06-13,JPMorgan,Citi,Tokenised Equity,Permissioned Ledger,EU,19030.6,Settled,12.0,32.2,4.01,7.63,N/A,9.853856034527796,-0.8610512089082488,False
TXN100591,2026-05-18,Barclays,HSBC,Tokenised Deposit,Hybrid Network,MEA,4353.34,Pending,,26.6,0.83,0.36,Pending,8.378928327859155,-1.9958462759814215,False
TXN100592,2026-04-11,Deutsche Bank,Barclays,Tokenised Real Estate Fund,Public Blockchain,UK,187251.27,Settled,71.2,44.7,2.07,38.76,N/A,12.140212024136426,0.8980489062026603,False
TXN100593,2026-06-01,Citi,Deutsche Bank,Tokenised Bond,Public Blockchain,MEA,12862.68,Settled,37.1,45.6,0.56,0.72,N/A,9.462163115487453,-1.162415940430194,False
TXN100594,2026-07-11,HSBC,Barclays,Tokenised Deposit,Public Blockchain,US,47428.27,Settled,57.8,51.5,2.7,12.81,N/A,10.766994827650505,-0.15849108117881563,False
TXN100595,2026-06-26,BNY Mellon,HSBC,Tokenised Equity,Hybrid Network,UK,22608.4,Settled,17.7,34.0,3.43,7.75,N/A,10.026121027989344,-0.7285121943343806,False
TXN100596,2026-04-09,Standard Chartered,JPMorgan,Regulated Stablecoin,Permissioned Ledger,US,138903.19,Settled,3.1,20.0,3.84,53.34,N/A,11.841539693874216,0.6682533131574002,False
TXN100597,2026-02-05,UBS,JPMorgan,Tokenised Deposit,Permissioned Ledger,MEA,961561.62,Settled,9.8,17.4,2.52,242.31,N/A,13.77631496929537,2.156850637972809,False
TXN100598,2026-04-06,Citi,BNY Mellon,Tokenised Deposit,Hybrid Network,UK,137497.15,Settled,31.2,34.1,3.82,52.52,N/A,11.831365741452796,0.6604255728767993,False
TXN100599,2026-06-01,BNY Mellon,Standard Chartered,Tokenised Deposit,Permissioned Ledger,UK,14426.24,Settled,8.6,32.8,1.49,2.15,N/A,9.576873365282555,-1.0741589872102768,False
TXN100600,2026-05-31,HSBC,Deutsche Bank,Tokenised Equity,Hybrid Network,EU,799544.71,Settled,15.6,12.2,2.05,163.91,N/A,13.59179898285509,2.014885828265962,False
TXN100601,2026-07-09,Deutsche Bank,Standard Chartered,Tokenised Deposit,Hybrid Network,UK,27024.66,Settled,31.4,29.0,0.73,1.97,N/A,10.204542064040838,-0.591236780320609,False
TXN100602,2026-02-06,BNY Mellon,Citi,Tokenised Real Estate Fund,Hybrid Network,EU,273146.28,Settled,17.8,28.3,3.09,84.4,N/A,12.517766415875693,1.1885355919977543,False
TXN100603,2026-01-12,Citi,Standard Chartered,Tokenised Deposit,Public Blockchain,US,1701.25,Settled,92.6,34.6,2.31,0.39,N/A,7.439706184363076,-2.7184746804152744,False
TXN100604,2026-04-23,JPMorgan,UBS,Tokenised Deposit,Permissioned Ledger,MEA,9167.1,Settled,10.1,41.8,2.16,1.98,N/A,9.123485346399397,-1.4229913299566022,False
TXN100605,2026-07-02,JPMorgan,Deutsche Bank,Regulated Stablecoin,Hybrid Network,EU,39226.64,Settled,29.3,29.8,1.74,6.83,N/A,10.577136879351716,-0.30456594450938984,False
TXN100606,2026-01-13,UBS,Standard Chartered,Tokenised Deposit,Permissioned Ledger,MEA,231003.44,Settled,8.3,29.9,0.78,18.02,N/A,12.350192210098434,1.0596056239559648,False
TXN100607,2026-01-23,Standard Chartered,Deutsche Bank,Tokenised Deposit,Permissioned Ledger,US,2165.45,Settled,8.3,46.3,2.61,0.57,N/A,7.680845162215285,-2.5329446904988053,False
TXN100608,2026-04-09,Citi,Barclays,Tokenised Equity,Permissioned Ledger,US,414535.16,Settled,11.3,40.2,1.56,64.67,N/A,12.934915487388212,1.509486040244307,False
TXN100609,2026-04-15,Standard Chartered,Barclays,Tokenised Real Estate Fund,Public Blockchain,MEA,32497.13,Settled,80.9,20.4,1.46,4.74,N/A,10.38893782820089,-0.4493644684697171,False
TXN100610,2026-01-30,BNY Mellon,Deutsche Bank,Tokenised Deposit,Hybrid Network,US,4872.13,Settled,21.0,55.2,2.14,1.04,N/A,8.491491720098994,-1.9092410941347095,False
TXN100611,2026-01-17,JPMorgan,UBS,Regulated Stablecoin,Public Blockchain,UK,124512.07,Settled,40.9,39.9,3.52,43.83,N/A,11.732165969296572,0.5841022306623351,False
TXN100612,2026-04-23,Citi,Deutsche Bank,Tokenised Deposit,Hybrid Network,US,359333.99,Settled,18.3,35.3,4.47,160.62,N/A,12.792010352161952,1.3995362157336089,False
TXN100613,2026-03-03,BNY Mellon,Deutsche Bank,Tokenised Equity,Permissioned Ledger,EU,18049.32,Settled,7.5,12.2,2.41,4.35,N/A,9.800918692135735,-0.9017806865218732,False
TXN100614,2026-03-25,Standard Chartered,Deutsche Bank,Tokenised Bond,Permissioned Ledger,UK,277586.38,Settled,14.2,51.4,1.21,33.59,N/A,12.533891045486298,1.200941725571464,False
TXN100615,2026-04-22,Citi,Barclays,Tokenised Equity,Public Blockchain,UK,601.54,Settled,25.8,33.0,3.44,0.21,N/A,6.401154053202583,-3.5175266136121817,True
TXN100616,2026-03-27,UBS,Deutsche Bank,Regulated Stablecoin,Hybrid Network,UK,28294.36,Pending,,15.4,3.68,10.41,Pending,10.25045311259164,-0.5559132650160649,False
TXN100617,2026-05-21,Barclays,BNY Mellon,Tokenised Bond,Permissioned Ledger,MEA,10065.43,Settled,9.0,23.4,2.76,2.78,N/A,9.216961404484714,-1.3510717578141458,False
TXN100618,2026-07-06,Citi,BNY Mellon,Regulated Stablecoin,Hybrid Network,US,55719.81,Settled,29.3,42.0,1.52,8.47,N/A,10.928108964758648,-0.034531427292439305,False
TXN100619,2026-01-19,UBS,Citi,Tokenised Equity,Public Blockchain,UK,63345.83,Pending,,35.7,2.27,14.38,Pending,11.05638014503397,0.06415917426447525,False
TXN100620,2026-06-26,JPMorgan,Citi,Tokenised Deposit,Public Blockchain,APAC,212318.78,Settled,66.0,26.7,3.78,80.26,N/A,12.265848813393681,0.9947126328703669,False
TXN100621,2026-04-10,Deutsche Bank,Citi,Tokenised Real Estate Fund,Permissioned Ledger,EU,706695.72,Settled,16.3,17.4,1.18,83.39,N/A,13.46835688537767,1.919910676159735,False
TXN100622,2026-05-20,BNY Mellon,Citi,Tokenised Deposit,Permissioned Ledger,US,41334.79,Settled,9.9,28.5,0.68,2.81,N/A,10.629483989636716,-0.26429058575223086,False
TXN100623,2026-07-08,Standard Chartered,Barclays,Regulated Stablecoin,Permissioned Ledger,US,65839.53,Settled,6.9,50.9,1.81,11.92,N/A,11.094990885136292,0.09386590307976343,False
TXN100624,2026-05-27,HSBC,Barclays,Regulated Stablecoin,Permissioned Ledger,US,3392.2,Settled,7.3,37.6,3.07,1.04,N/A,8.129528707933579,-2.1877319237605306,False
TXN100625,2026-03-17,Barclays,HSBC,Tokenised Deposit,Permissioned Ledger,EU,55923.69,Settled,12.5,31.3,4.47,25.0,N/A,10.931761243204836,-0.031721399692054314,False
TXN100626,2026-01-09,Deutsche Bank,Barclays,Regulated Stablecoin,Permissioned Ledger,MEA,11855.35,Settled,9.6,73.1,1.63,1.93,N/A,9.380618868017812,-1.2251552932529497,False
TXN100627,2026-07-18,JPMorgan,Deutsche Bank,Tokenised Real Estate Fund,Hybrid Network,MEA,86186.36,Pending,,36.9,3.07,26.46,Pending,11.364278810168857,0.3010534198425617,False
TXN100628,2026-01-28,HSBC,UBS,Regulated Stablecoin,Hybrid Network,US,365223.24,Settled,11.4,33.7,1.6,58.44,N/A,12.808266800089521,1.4120437690414278,False
TXN100629,2026-05-08,Deutsche Bank,HSBC,Tokenised Equity,Permissioned Ledger,APAC,15445.1,Settled,7.5,58.0,2.11,3.26,N/A,9.645111823276322,-1.0216569797112727,False
TXN100630,2026-02-21,Standard Chartered,BNY Mellon,Tokenised Deposit,Permissioned Ledger,UK,27931.55,Settled,7.4,27.2,4.3,12.01,N/A,10.237547954449427,-0.5658423684788094,False
TXN100631,2026-03-24,HSBC,UBS,Tokenised Deposit,Public Blockchain,UK,779739.97,Settled,71.5,29.6,3.47,270.57,N/A,13.566717053768174,1.9955880353830828,False
TXN100632,2026-04-21,JPMorgan,Standard Chartered,Regulated Stablecoin,Permissioned Ledger,APAC,107762.84,Settled,6.9,36.4,1.91,20.58,N/A,11.587697445193218,0.47294954991832916,False
TXN100633,2026-05-24,Deutsche Bank,BNY Mellon,Tokenised Deposit,Permissioned Ledger,US,148355.43,Settled,11.9,36.4,1.9,28.19,N/A,11.907372968224225,0.7189047956971129,False
TXN100634,2026-04-27,Standard Chartered,HSBC,Tokenised Bond,Permissioned Ledger,US,664221.15,Settled,7.2,33.9,0.67,44.5,N/A,13.406371935757777,1.8722200573291294,False
TXN100635,2026-03-10,Barclays,Citi,Tokenised Bond,Public Blockchain,EU,106532.94,Settled,40.8,42.4,3.37,35.9,N/A,11.576218898808206,0.4641180676999205,False
TXN100636,2026-04-09,Citi,JPMorgan,Regulated Stablecoin,Permissioned Ledger,APAC,276603.53,Settled,8.4,8.3,2.47,68.32,N/A,12.530344075519034,1.198212721293011,False
TXN100637,2026-05-20,Deutsche Bank,UBS,Regulated Stablecoin,Permissioned Ledger,US,37447.23,Settled,5.7,39.1,2.92,10.93,N/A,10.530714724811078,-0.34028269980352527,False
TXN100638,2026-01-25,UBS,Standard Chartered,Tokenised Deposit,Permissioned Ledger,US,174339.29,Settled,4.7,36.2,3.61,62.94,N/A,12.068764357980497,0.8430777650809247,False
TXN100639,2026-06-29,Citi,Barclays,Tokenised Equity,Public Blockchain,EU,806331.19,Settled,48.1,15.9,3.1,249.96,N/A,13.600251082981751,2.021388792097191,False
TXN100640,2026-05-03,Citi,BNY Mellon,Tokenised Deposit,Hybrid Network,APAC,42547.75,Settled,27.2,47.2,1.1,4.68,N/A,10.658405756366712,-0.24203845904266505,False
TXN100641,2026-02-22,Citi,Barclays,Tokenised Bond,Public Blockchain,US,8895.56,Settled,67.2,21.6,2.2,1.96,N/A,9.093419964149406,-1.4461233433513598,False
TXN100642,2026-05-31,Standard Chartered,HSBC,Tokenised Bond,Permissioned Ledger,MEA,167994.45,Settled,9.2,24.8,0.96,16.13,N/A,12.031692174685302,0.8145547869452442,False
TXN100643,2026-05-24,UBS,Barclays,Regulated Stablecoin,Permissioned Ledger,APAC,27113.49,Settled,5.3,6.5,1.97,5.34,N/A,10.207823550320844,-0.5887120366152854,False
TXN100644,2026-02-26,Deutsche Bank,Barclays,Tokenised Deposit,Permissioned Ledger,EU,38744.97,Settled,2.6,29.2,0.59,2.29,N/A,10.564782029373118,-0.3140716462103965,False
TXN100645,2026-02-08,UBS,Citi,Tokenised Equity,Permissioned Ledger,MEA,27453.04,Settled,7.2,54.0,3.51,9.64,N/A,10.220268612793133,-0.579136926296917,False
TXN100646,2026-04-19,Barclays,Deutsche Bank,Tokenised Real Estate Fund,Public Blockchain,MEA,94344.62,Settled,53.0,37.4,2.33,21.98,N/A,11.454720126825638,0.37063809137438164,False
TXN100647,2026-06-30,Citi,JPMorgan,Regulated Stablecoin,Permissioned Ledger,MEA,53010.48,Failed,,56.1,1.4,7.42,Failed,10.878263772852634,-0.07288183432358758,False
TXN100648,2026-02-11,HSBC,Standard Chartered,Tokenised Deposit,Permissioned Ledger,UK,9820.49,Settled,3.7,49.2,3.1,3.04,N/A,9.192328120999399,-1.3700243671241223,False
TXN100649,2026-07-05,UBS,Barclays,Regulated Stablecoin,Permissioned Ledger,MEA,36495.46,Settled,13.1,44.4,3.92,14.31,N/A,10.504970548565737,-0.36009001922466566,False
TXN100650,2026-06-16,UBS,BNY Mellon,Tokenised Deposit,Public Blockchain,MEA,18734.65,Settled,52.2,33.9,2.11,3.95,N/A,9.838183405048154,-0.8731095779667122,False
TXN100651,2026-05-22,UBS,Standard Chartered,Regulated Stablecoin,Permissioned Ledger,MEA,1381.1,Pending,,45.6,1.18,0.16,Pending,7.231359360609981,-2.878774705132684,False
TXN100652,2026-05-02,UBS,HSBC,Tokenised Deposit,Permissioned Ledger,MEA,35665.57,Settled,9.5,42.1,3.83,13.66,N/A,10.481969114491887,-0.37778709943042615,False
TXN100653,2026-05-13,HSBC,Standard Chartered,Tokenised Deposit,Permissioned Ledger,EU,796643.87,Settled,4.6,46.0,4.03,321.05,N/A,13.58816427503266,2.012089319333018,False
TXN100654,2026-06-12,Barclays,HSBC,Regulated Stablecoin,Permissioned Ledger,MEA,3836.19,Settled,7.5,55.4,3.64,1.4,N/A,8.252495606873472,-2.093122384798479,False
TXN100655,2026-03-16,HSBC,JPMorgan,Tokenised Deposit,Public Blockchain,EU,90882.21,Settled,43.2,51.9,2.95,26.81,N/A,11.417330554634013,0.34187091730124286,False
TXN100656,2026-05-26,BNY Mellon,Standard Chartered,Regulated Stablecoin,Public Blockchain,MEA,22794.71,Settled,30.8,33.1,2.32,5.29,N/A,10.034327639343879,-0.7221981071825793,False
TXN100657,2026-03-17,HSBC,Barclays,Tokenised Bond,Permissioned Ledger,APAC,80941.92,Settled,6.4,46.1,4.0,32.38,N/A,11.301499493884887,0.2527516230079312,False
TXN100658,2026-01-09,Barclays,JPMorgan,Tokenised Equity,Permissioned Ledger,UK,149340.57,Settled,6.4,39.1,2.14,31.96,N/A,11.913991377457963,0.7239969355466525,False
TXN100659,2026-03-15,Barclays,HSBC,Regulated Stablecoin,Permissioned Ledger,MEA,69762.8,Settled,8.1,19.5,2.61,18.21,N/A,11.152870529576354,0.13839793993659605,False
TXN100660,2026-07-05,UBS,BNY Mellon,Tokenised Equity,Public Blockchain,US,10709.11,Settled,40.8,16.5,3.83,4.1,N/A,9.278943434164027,-1.303383385557491,False
TXN100661,2026-05-25,Citi,Barclays,Tokenised Deposit,Public Blockchain,EU,14271.78,Settled,36.7,37.7,3.49,4.98,N/A,9.566109505792767,-1.0824405962657266,False
TXN100662,2026-01-07,HSBC,Deutsche Bank,Tokenised Deposit,Permissioned Ledger,US,1198657.83,Pending,,26.8,3.38,405.15,Pending,13.996713848064367,2.3264233968847856,False
TXN100663,2026-06-23,Barclays,JPMorgan,Regulated Stablecoin,Public Blockchain,APAC,363015.48,Settled,91.8,29.2,2.59,94.02,N/A,12.8022035116655,1.4073787337568424,False
TXN100664,2026-05-21,Standard Chartered,BNY Mellon,Tokenised Deposit,Permissioned Ledger,MEA,202874.07,Settled,4.3,39.7,4.12,83.58,N/A,12.220345649856883,0.9597029403381054,False
TXN100665,2026-06-17,JPMorgan,Citi,Tokenised Deposit,Public Blockchain,UK,11990.88,Settled,41.2,29.4,4.11,4.93,N/A,9.391985033061252,-1.216410276148371,False
TXN100666,2026-06-19,JPMorgan,UBS,Tokenised Bond,Permissioned Ledger,APAC,26357.82,Settled,8.8,25.7,3.22,8.49,N/A,10.179558222819326,-0.6104591053515411,False
TXN100667,2026-05-17,Deutsche Bank,Standard Chartered,Tokenised Bond,Permissioned Ledger,EU,318135.94,Settled,7.8,55.9,2.91,92.58,N/A,12.670237197999104,1.3058451324207456,False
TXN100668,2026-06-27,Citi,BNY Mellon,Tokenised Deposit,Hybrid Network,US,241100.88,Settled,9.9,12.4,2.25,54.25,N/A,12.39297486173322,1.0925221810264956,False
TXN100669,2026-01-27,JPMorgan,UBS,Tokenised Deposit,Permissioned Ledger,UK,27910.27,Settled,6.2,23.7,2.87,8.01,N/A,10.236785828898917,-0.566428740482874,False
TXN100670,2026-05-02,UBS,BNY Mellon,Tokenised Deposit,Permissioned Ledger,US,173911.55,Settled,10.5,47.4,2.41,41.91,N/A,12.06630786565099,0.8411877637166378,False
TXN100671,2026-07-13,Barclays,Citi,Regulated Stablecoin,Permissioned Ledger,MEA,291858.47,Settled,11.4,21.4,0.63,18.39,N/A,12.58402769828094,1.2395163797824327,False
TXN100672,2026-01-05,BNY Mellon,UBS,Regulated Stablecoin,Hybrid Network,MEA,93300.49,Settled,40.0,36.9,2.57,23.98,N/A,11.443591356697198,0.36207572361408663,False
TXN100673,2026-01-29,Barclays,Deutsche Bank,Regulated Stablecoin,Public Blockchain,MEA,227139.98,Settled,65.3,34.3,1.19,27.03,N/A,12.333326160956009,1.046629049388071,False
TXN100674,2026-06-14,Deutsche Bank,Standard Chartered,Regulated Stablecoin,Public Blockchain,US,161163.37,Settled,76.5,22.5,3.85,62.05,N/A,11.99018005484731,0.7826157647118731,False
TXN100675,2026-06-15,Standard Chartered,UBS,Tokenised Deposit,Hybrid Network,US,14449.4,Settled,14.9,38.7,2.35,3.4,N/A,9.578477374818348,-1.0729248778362876,False
TXN100676,2026-03-24,JPMorgan,UBS,Tokenised Equity,Hybrid Network,UK,10535.03,Settled,38.4,54.6,2.65,2.79,N/A,9.262556090799473,-1.315991648544518,False
TXN100677,2026-05-16,Deutsche Bank,Barclays,Tokenised Equity,Permissioned Ledger,APAC,90787.92,Settled,6.1,37.4,1.08,9.81,N/A,11.416292530711836,0.34107227176691257,False
TXN100678,2026-04-19,JPMorgan,HSBC,Regulated Stablecoin,Permissioned Ledger,MEA,157781.89,Failed,,34.0,4.23,66.74,Failed,11.96897525312476,0.766300996005437,False
TXN100679,2026-03-06,HSBC,Barclays,Tokenised Bond,Public Blockchain,APAC,19292.06,Pending,,22.4,4.0,7.72,Pending,9.867500724734384,-0.850553116650459,False
TXN100680,2026-03-27,HSBC,Deutsche Bank,Regulated Stablecoin,Public Blockchain,US,75670.0,Settled,45.4,42.1,1.7,12.86,N/A,11.234150274878106,0.2009337873577016,False
TXN100681,2026-05-25,Citi,UBS,Tokenised Bond,Public Blockchain,UK,23288.92,Settled,56.9,23.3,3.76,8.76,N/A,10.055775927921864,-0.7056960020519931,False
TXN100682,2026-03-12,BNY Mellon,UBS,Tokenised Equity,Public Blockchain,EU,122706.86,Settled,53.1,34.6,2.96,36.32,N/A,11.71756168732704,0.5728658378125434,False
TXN100683,2026-02-14,Standard Chartered,Barclays,Tokenised Deposit,Permissioned Ledger,APAC,72553.73,Settled,8.1,40.4,3.65,26.48,N/A,11.192096452603405,0.16857798452537753,False
TXN100684,2026-05-12,JPMorgan,Standard Chartered,Tokenised Equity,Public Blockchain,MEA,108245.96,Settled,55.7,45.0,3.02,32.69,N/A,11.59217056232952,0.47639112284272733,False
TXN100685,2026-02-05,UBS,Deutsche Bank,Regulated Stablecoin,Permissioned Ledger,EU,20773.77,Settled,1.6,34.2,4.2,8.72,N/A,9.941494548663568,-0.7936229864419935,False
TXN100686,2026-03-11,Deutsche Bank,JPMorgan,Tokenised Deposit,Public Blockchain,US,69744.18,Settled,70.3,24.2,1.58,11.02,N/A,11.152603593353172,0.13819256179641945,False
TXN100687,2026-06-08,Standard Chartered,HSBC,Tokenised Equity,Permissioned Ledger,EU,125370.05,Settled,10.2,41.4,1.53,19.18,N/A,11.73903301928438,0.5893856722956269,False
TXN100688,2026-01-19,Deutsche Bank,UBS,Tokenised Deposit,Permissioned Ledger,UK,1533.14,Settled,4.1,49.6,3.0,0.46,N/A,7.335725242430371,-2.7984766082666206,False
TXN100689,2026-07-08,Standard Chartered,Citi,Regulated Stablecoin,Permissioned Ledger,EU,5814.65,Settled,12.7,28.7,2.31,1.34,N/A,8.66830783858548,-1.7732004881237946,False
TXN100690,2026-04-18,JPMorgan,HSBC,Tokenised Equity,Hybrid Network,MEA,8773.89,Settled,8.2,38.4,0.64,0.56,N/A,9.079649512642959,-1.4567181951330666,False
TXN100691,2026-07-01,Standard Chartered,HSBC,Tokenised Bond,Public Blockchain,US,44148.79,Settled,41.4,54.3,3.98,17.57,N/A,10.695343449508902,-0.21361895632581923,False
TXN100692,2026-06-16,BNY Mellon,HSBC,Regulated Stablecoin,Permissioned Ledger,US,191872.66,Settled,9.4,41.8,0.63,12.09,N/A,12.164592413585858,0.9168069412951243,False
TXN100693,2026-04-01,HSBC,Citi,Tokenised Real Estate Fund,Permissioned Ledger,EU,37442.37,Settled,6.0,47.5,2.48,9.29,N/A,10.530584937224571,-0.34038255711332427,False
TXN100694,2026-03-31,Deutsche Bank,Barclays,Tokenised Bond,Permissioned Ledger,MEA,44564.69,Settled,10.9,13.4,2.0,8.91,N/A,10.704719559447314,-0.20640506831060426,False
TXN100695,2026-01-19,JPMorgan,Standard Chartered,Tokenised Deposit,Permissioned Ledger,APAC,389091.45,Settled,8.3,47.7,2.67,103.89,N/A,12.871572255032142,1.4607503718551804,False
TXN100696,2026-02-08,JPMorgan,Barclays,Regulated Stablecoin,Permissioned Ledger,APAC,436623.86,Settled,6.4,36.3,2.76,120.51,N/A,12.9868296614678,1.5494283020855715,False
TXN100697,2026-05-06,Standard Chartered,Barclays,Tokenised Bond,Public Blockchain,US,18337.03,Pending,,27.8,3.8,6.97,Pending,9.816732324555721,-0.8896138311691855,False
TXN100698,2026-07-14,Citi,Standard Chartered,Tokenised Deposit,Permissioned Ledger,MEA,109840.19,Settled,10.4,15.6,4.04,44.38,N/A,11.606790874323442,0.48763984903775426,False
TXN100699,2026-06-22,HSBC,BNY Mellon,Regulated Stablecoin,Permissioned Ledger,MEA,54881.74,Settled,7.7,33.5,1.67,9.17,N/A,10.912954188267152,-0.04619136528627457,False
TXN100700,2026-05-21,Barclays,BNY Mellon,Tokenised Equity,Permissioned Ledger,US,32213.33,Settled,12.9,47.6,3.58,11.53,N/A,10.38016666359145,-0.4561129174182836,False
TXN100701,2026-05-06,Citi,Deutsche Bank,Tokenised Bond,Permissioned Ledger,MEA,474133.22,Settled,12.0,47.1,1.21,57.37,N/A,13.069245725150658,1.612838421844009,False
TXN100702,2026-02-27,JPMorgan,UBS,Tokenised Deposit,Hybrid Network,APAC,84861.59,Settled,16.8,25.1,4.41,37.42,N/A,11.348788639148447,0.28913543255233426,False
TXN100703,2026-05-28,Citi,Standard Chartered,Tokenised Deposit,Permissioned Ledger,US,276260.55,Settled,2.6,49.1,2.4,66.3,N/A,12.529103340894839,1.197258112111342,False
TXN100704,2026-07-19,Standard Chartered,Deutsche Bank,Tokenised Bond,Public Blockchain,UK,135330.95,Settled,82.2,23.7,0.82,11.1,N/A,11.815485928188641,0.6482077986247258,False
TXN100705,2026-03-02,Barclays,HSBC,Regulated Stablecoin,Public Blockchain,EU,32041.73,Settled,69.6,53.5,1.54,4.93,N/A,10.37482560354498,-0.46022227719657677,False
TXN100706,2026-05-07,BNY Mellon,HSBC,Tokenised Real Estate Fund,Hybrid Network,APAC,195493.13,Settled,23.2,21.5,4.19,81.91,N/A,12.183285632381333,0.9311893224660207,False
TXN100707,2026-04-15,JPMorgan,BNY Mellon,Tokenised Equity,Public Blockchain,MEA,64457.68,Settled,39.2,44.4,2.25,14.5,N/A,11.073779677344056,0.07754620560546473,False
TXN100708,2026-06-16,UBS,JPMorgan,Tokenised Equity,Public Blockchain,US,19047.21,Settled,67.8,42.8,2.93,5.58,N/A,9.85472841288543,-0.8603800094641073,False
TXN100709,2026-01-01,Deutsche Bank,JPMorgan,Regulated Stablecoin,Hybrid Network,US,83646.37,Settled,33.8,34.8,0.92,7.7,N/A,11.334365265394705,0.2780382287285161,False
TXN100710,2026-05-11,JPMorgan,HSBC,Regulated Stablecoin,Public Blockchain,MEA,45662.19,Failed,,39.3,0.73,3.33,Failed,10.72904778185715,-0.1876871700322568,False
TXN100711,2026-04-02,Citi,Barclays,Regulated Stablecoin,Hybrid Network,APAC,26105.94,Settled,36.0,44.6,2.39,6.24,N/A,10.169956458348684,-0.6178466097744478,False
TXN100712,2026-07-09,BNY Mellon,Deutsche Bank,Regulated Stablecoin,Permissioned Ledger,MEA,21576.55,Settled,4.4,22.1,3.48,7.51,N/A,9.979408701319722,-0.7644522052491712,False
TXN100713,2026-07-10,UBS,Standard Chartered,Tokenised Deposit,Permissioned Ledger,MEA,1127762.84,Settled,6.4,49.5,3.07,346.22,N/A,13.935747327418794,2.2795163474257474,False
TXN100714,2026-04-23,Standard Chartered,Deutsche Bank,Tokenised Deposit,Permissioned Ledger,MEA,146999.47,Settled,6.7,37.7,4.42,64.97,N/A,11.898191063034673,0.7118403269314056,False
TXN100715,2026-06-02,Barclays,BNY Mellon,Tokenised Deposit,Permissioned Ledger,US,56462.97,Settled,8.9,29.1,0.62,3.5,N/A,10.941358014602924,-0.02433773689072449,False
TXN100716,2026-02-25,BNY Mellon,Barclays,Tokenised Equity,Permissioned Ledger,UK,116919.58,Settled,8.8,50.3,1.93,22.57,N/A,11.669250179869737,0.5356954327157105,False
TXN100717,2026-06-10,HSBC,Deutsche Bank,Tokenised Deposit,Public Blockchain,APAC,142146.97,Settled,56.4,23.8,2.09,29.71,N/A,11.864623836287763,0.6860140283572487,False
TXN100718,2026-06-15,BNY Mellon,HSBC,Tokenised Real Estate Fund,Permissioned Ledger,EU,27458.67,Settled,2.1,15.2,2.16,5.93,N/A,10.22047366176978,-0.5789791636037652,False
TXN100719,2026-04-27,Citi,Barclays,Regulated Stablecoin,Public Blockchain,UK,708890.93,Settled,87.8,57.4,1.98,140.36,N/A,13.471458367944203,1.922296926754393,False
TXN100720,2026-05-14,HSBC,Standard Chartered,Tokenised Bond,Permissioned Ledger,UK,113889.31,Settled,8.9,53.6,2.16,24.6,N/A,11.642991071189357,0.5154919292751667,False
TXN100721,2026-02-27,HSBC,BNY Mellon,Tokenised Equity,Permissioned Ledger,MEA,2291.24,Settled,9.1,36.8,2.63,0.6,N/A,7.737284784394592,-2.4895205927976294,False
TXN100722,2026-02-13,Standard Chartered,Barclays,Tokenised Real Estate Fund,Permissioned Ledger,MEA,40073.83,Settled,6.6,43.2,2.04,8.18,N/A,10.598503735422593,-0.2881264927596771,False
TXN100723,2026-06-22,HSBC,Citi,Tokenised Real Estate Fund,Hybrid Network,EU,148664.23,Settled,42.0,35.6,3.58,53.22,N/A,11.909452278610267,0.720504596933693,False
TXN100724,2026-06-09,Barclays,Deutsche Bank,Tokenised Bond,Permissioned Ledger,US,4074.45,Settled,7.4,25.6,3.81,1.55,N/A,8.312736449025934,-2.0467736653311692,False
TXN100725,2026-06-22,UBS,Deutsche Bank,Regulated Stablecoin,Public Blockchain,MEA,253636.64,Settled,45.0,32.3,1.55,39.31,N/A,12.443661913244581,1.131520306669882,False
TXN100726,2026-03-02,Standard Chartered,UBS,Tokenised Equity,Permissioned Ledger,EU,95563.28,Settled,8.2,53.8,0.75,7.17,N/A,11.46755438905125,0.3805126482067591,False
TXN100727,2026-02-16,Citi,JPMorgan,Tokenised Bond,Hybrid Network,US,15642.98,Settled,28.6,27.8,3.08,4.82,N/A,9.657841457429177,-1.0118629227029239,False
TXN100728,2026-05-29,Citi,HSBC,Tokenised Bond,Hybrid Network,EU,223632.15,Settled,18.0,20.3,3.19,71.34,N/A,12.317762265088227,1.0346543389155887,False
TXN100729,2026-03-21,Citi,Standard Chartered,Tokenised Deposit,Hybrid Network,US,24817.08,Settled,16.9,54.0,2.11,5.24,N/A,10.119327698796209,-0.6567998861502443,False
TXN100730,2026-04-28,JPMorgan,Barclays,Tokenised Equity,Hybrid Network,EU,82116.12,Settled,26.2,34.5,4.45,36.54,N/A,11.315901799889533,0.2638326175100044,False
TXN100731,2026-06-13,HSBC,JPMorgan,Regulated Stablecoin,Public Blockchain,EU,67814.8,Settled,79.1,19.2,1.65,11.19,N/A,11.124550485127351,0.11660877251183481,False
TXN100732,2026-05-27,Barclays,Citi,Tokenised Deposit,Public Blockchain,MEA,35503.76,Settled,74.4,18.7,1.84,6.53,N/A,10.477422050982025,-0.38128556597718005,False
TXN100733,2026-01-20,JPMorgan,HSBC,Tokenised Deposit,Permissioned Ledger,UK,69529.19,Settled,7.1,30.8,1.9,13.21,N/A,11.149516325722725,0.13581724803566678,False
TXN100734,2026-07-04,Deutsche Bank,Citi,Tokenised Equity,Public Blockchain,US,44920.17,Settled,41.7,31.7,4.29,19.27,N/A,10.712664454817721,-0.2002923428976995,False
TXN100735,2026-05-26,Standard Chartered,UBS,Tokenised Bond,Hybrid Network,APAC,413935.45,Failed,,52.5,0.92,38.08,Failed,12.933467738609291,1.5083721563805408,False
TXN100736,2026-02-16,Deutsche Bank,UBS,Regulated Stablecoin,Hybrid Network,MEA,43597.85,Settled,27.9,44.3,1.94,8.46,N/A,10.68278605284248,-0.2232804954832349,False
TXN100737,2026-02-18,BNY Mellon,JPMorgan,Tokenised Deposit,Public Blockchain,APAC,4289.9,Settled,88.1,33.3,2.86,1.23,N/A,8.364251780128964,-2.0071382694063082,False
TXN100738,2026-01-14,JPMorgan,HSBC,Tokenised Deposit,Public Blockchain,US,302911.36,Settled,77.4,58.9,1.94,58.76,N/A,12.62119880172919,1.2681154661241045,False
TXN100739,2026-05-23,Standard Chartered,Barclays,Regulated Stablecoin,Permissioned Ledger,US,31942.31,Settled,11.2,32.9,1.51,4.82,N/A,10.371718048209242,-0.4626132001209401,False
TXN100740,2026-06-08,BNY Mellon,Citi,Tokenised Real Estate Fund,Public Blockchain,MEA,125321.69,Settled,46.1,51.7,3.28,41.11,N/A,11.738647209885231,0.5890888342872252,False
TXN100741,2026-01-01,Deutsche Bank,BNY Mellon,Tokenised Deposit,Permissioned Ledger,MEA,7682.06,Settled,13.1,37.7,2.54,1.95,N/A,8.946773184286576,-1.558951952942252,False
TXN100742,2026-04-27,BNY Mellon,Barclays,Tokenised Bond,Permissioned Ledger,UK,178960.91,Settled,9.8,31.9,4.11,73.55,N/A,12.094928268883097,0.863208024274898,False
TXN100743,2026-02-23,UBS,Deutsche Bank,Regulated Stablecoin,Hybrid Network,MEA,85597.7,Pending,,38.4,1.26,10.79,Pending,11.357425375098623,0.29578045339475284,False
TXN100744,2026-04-28,Barclays,Deutsche Bank,Tokenised Equity,Hybrid Network,US,16835.85,Pending,,35.8,2.55,4.29,Pending,9.731325215667589,-0.9553252320880428,False
TXN100745,2026-01-03,UBS,HSBC,Tokenised Deposit,Permissioned Ledger,UK,35501.45,Settled,6.5,23.7,2.17,7.7,N/A,10.477356987166651,-0.38133562544544897,False
TXN100746,2026-05-24,UBS,Standard Chartered,Tokenised Bond,Permissioned Ledger,EU,47384.78,Settled,10.0,29.6,2.67,12.65,N/A,10.766077462674167,-0.15919689289090674,False
TXN100747,2026-07-04,HSBC,Standard Chartered,Regulated Stablecoin,Permissioned Ledger,MEA,15225.12,Settled,13.0,33.1,2.98,4.54,N/A,9.630767653090848,-1.0326932450781359,False
TXN100748,2026-01-12,BNY Mellon,HSBC,Tokenised Equity,Permissioned Ledger,EU,20697.19,Settled,6.4,48.7,2.8,5.8,N/A,9.937801535816869,-0.7964643546949084,False
TXN100749,2026-03-15,Citi,Barclays,Tokenised Deposit,Permissioned Ledger,EU,7339.2,Pending,,43.1,0.63,0.46,Pending,8.901121369193746,-1.5940760165394372,False
TXN100750,2026-01-16,Barclays,UBS,Tokenised Bond,Public Blockchain,US,481077.33,Settled,58.7,30.4,4.07,195.8,N/A,13.083785384062413,1.6240250943401495,False
TXN100751,2026-07-19,Standard Chartered,JPMorgan,Tokenised Bond,Public Blockchain,UK,223951.24,Settled,52.7,30.0,2.31,51.73,N/A,12.319188093818065,1.0357513577062694,False
TXN100752,2026-04-12,HSBC,UBS,Tokenised Bond,Public Blockchain,UK,19072.15,Settled,65.4,33.4,2.09,3.99,N/A,9.856036865866027,-0.8593732984360583,False
TXN100753,2026-06-01,UBS,BNY Mellon,Regulated Stablecoin,Public Blockchain,EU,12950.76,Settled,68.0,18.6,2.19,2.84,N/A,9.468986965229027,-1.1571657366472052,False
TXN100754,2026-06-05,Citi,Barclays,Tokenised Bond,Permissioned Ledger,US,81251.92,Settled,11.7,50.6,1.67,13.57,N/A,11.305322038007752,0.2556926513679549,False
TXN100755,2026-04-27,Standard Chartered,Deutsche Bank,Tokenised Bond,Hybrid Network,MEA,226838.75,Settled,31.8,47.6,2.86,64.88,N/A,12.33199910002896,1.0456080215865653,False
TXN100756,2026-01-08,Barclays,UBS,Tokenised Bond,Hybrid Network,MEA,71469.57,Settled,32.1,9.2,1.34,9.58,N/A,11.177041035556504,0.15699449272418228,False
TXN100757,2026-05-02,Barclays,UBS,Tokenised Deposit,Permissioned Ledger,APAC,690412.53,Settled,9.1,35.5,1.9,131.18,N/A,13.445046015894208,1.901975519352106,False
TXN100758,2026-04-02,JPMorgan,Standard Chartered,Tokenised Bond,Permissioned Ledger,APAC,18130.57,Settled,6.5,27.8,2.39,4.33,N/A,9.805409896800493,-0.8983251972285744,False
TXN100759,2026-06-13,Citi,BNY Mellon,Regulated Stablecoin,Hybrid Network,US,364063.47,Settled,34.1,23.2,0.51,18.57,N/A,12.805086246320416,1.4095966818306964,False
TXN100760,2026-03-31,Standard Chartered,BNY Mellon,Tokenised Equity,Permissioned Ledger,US,58271.59,Settled,2.8,20.4,1.84,10.72,N/A,10.972887107407434,-7.955879692309772e-05,False
TXN100761,2026-05-16,Standard Chartered,Citi,Regulated Stablecoin,Public Blockchain,US,38591.59,Settled,40.4,57.6,1.22,4.71,N/A,10.560815568112615,-0.3171234030197678,False
TXN100762,2026-07-05,Standard Chartered,HSBC,Regulated Stablecoin,Public Blockchain,UK,22601.22,Settled,66.8,29.5,4.28,9.67,N/A,10.025803410524613,-0.7287565661300716,False
TXN100763,2026-03-01,JPMorgan,UBS,Tokenised Deposit,Public Blockchain,US,635255.35,Settled,73.1,26.4,3.24,205.82,N/A,13.361783897196991,1.837914453074442,False
TXN100764,2026-06-27,Barclays,HSBC,Tokenised Equity,Public Blockchain,US,40405.91,Pending,,41.0,0.88,3.56,Pending,10.606756088927597,-0.28177721204111644,False
TXN100765,2026-01-28,HSBC,Standard Chartered,Tokenised Deposit,Permissioned Ledger,APAC,68253.56,Settled,9.2,44.4,0.84,5.73,N/A,11.130999524002117,0.12157060045049203,False
TXN100766,2026-04-11,Deutsche Bank,Standard Chartered,Regulated Stablecoin,Public Blockchain,MEA,72178.25,Settled,58.3,37.9,3.56,25.7,N/A,11.186907887452854,0.16458595284042687,False
TXN100767,2026-02-10,Citi,Barclays,Tokenised Deposit,Public Blockchain,EU,89474.51,Settled,53.7,39.2,2.37,21.21,N/A,11.40172023553416,0.3298604892444249,False
TXN100768,2026-07-11,Standard Chartered,Deutsche Bank,Tokenised Real Estate Fund,Permissioned Ledger,APAC,14619.83,Settled,7.3,61.6,4.21,6.15,N/A,9.590202503238153,-1.0639036777927637,False
TXN100769,2026-06-04,JPMorgan,Deutsche Bank,Regulated Stablecoin,Public Blockchain,MEA,237623.04,Settled,65.8,35.0,4.19,99.56,N/A,12.37844503980361,1.081343077008974,False
TXN100770,2026-07-10,Standard Chartered,BNY Mellon,Tokenised Equity,Permissioned Ledger,EU,42128.99,Settled,4.7,15.3,1.93,8.13,N/A,10.648515117612483,-0.24964822053657054,False
TXN100771,2026-05-25,Standard Chartered,BNY Mellon,Tokenised Deposit,Permissioned Ledger,MEA,51157.28,Settled,7.9,24.2,3.29,16.83,N/A,10.842679635111976,-0.10025992464732102,False
TXN100772,2026-06-10,JPMorgan,UBS,Tokenised Bond,Permissioned Ledger,MEA,386390.03,Settled,8.9,12.4,1.05,40.57,N/A,12.86460516676533,1.4553899617406405,False
TXN100773,2026-06-06,BNY Mellon,Citi,Tokenised Equity,Permissioned Ledger,APAC,108996.64,Settled,7.3,38.3,3.94,42.94,N/A,11.59908150960074,0.4817083386199656,False
TXN100774,2026-05-21,Citi,JPMorgan,Regulated Stablecoin,Permissioned Ledger,APAC,28520.65,Settled,7.4,12.3,1.65,4.71,N/A,10.258418726992193,-0.5497845985823909,False
TXN100775,2026-02-15,Citi,Standard Chartered,Tokenised Deposit,Public Blockchain,APAC,184809.84,Settled,76.2,40.0,2.44,45.09,N/A,12.127088094478065,0.8879514820580141,False
TXN100776,2026-02-04,HSBC,Barclays,Tokenised Bond,Hybrid Network,MEA,11485.11,Settled,22.8,28.3,4.5,5.17,N/A,9.348893758254581,-1.2495642848929431,False
TXN100777,2026-05-14,JPMorgan,BNY Mellon,Tokenised Deposit,Permissioned Ledger,APAC,19156.21,Settled,7.7,33.9,3.57,6.84,N/A,9.860434425055443,-0.8559898590628956,False
TXN100778,2026-03-23,UBS,Standard Chartered,Tokenised Equity,Permissioned Ledger,UK,96993.23,Settled,6.5,38.2,1.74,16.88,N/A,11.482406771180163,0.39193992691199436,False
TXN100779,2026-04-25,Citi,HSBC,Tokenised Deposit,Public Blockchain,MEA,378386.35,Settled,94.2,65.7,1.89,71.52,N/A,12.843673685368499,1.4392854830409303,False
TXN100780,2026-07-16,HSBC,JPMorgan,Tokenised Bond,Public Blockchain,EU,148779.42,Settled,71.0,35.6,3.02,44.93,N/A,11.910226806701424,0.7211005113321953,False
TXN100781,2026-02-16,JPMorgan,Deutsche Bank,Tokenised Deposit,Permissioned Ledger,EU,234211.38,Settled,10.5,34.0,4.47,104.69,N/A,12.363983589551404,1.0702165774966732,False
TXN100782,2026-06-02,BNY Mellon,JPMorgan,Tokenised Deposit,Permissioned Ledger,APAC,1074925.87,Settled,8.5,38.8,3.05,327.85,N/A,13.887763189322921,2.242597817139309,False
TXN100783,2026-07-13,HSBC,BNY Mellon,Tokenised Equity,Public Blockchain,UK,63044.18,Settled,79.5,22.4,3.2,20.17,N/A,11.051606891206749,0.06048667908215027,False
TXN100784,2026-01-10,HSBC,Standard Chartered,Tokenised Deposit,Permissioned Ledger,MEA,120434.45,Settled,9.7,63.0,2.92,35.17,N/A,11.698869203735264,0.5584840223002396,False
TXN100785,2026-02-25,JPMorgan,Deutsche Bank,Tokenised Equity,Permissioned Ledger,MEA,18399.93,Settled,7.4,71.8,1.72,3.16,N/A,9.820156485798059,-0.8869793147321431,False
TXN100786,2026-01-30,Deutsche Bank,UBS,Tokenised Real Estate Fund,Public Blockchain,EU,36742.02,Settled,33.9,41.3,1.99,7.31,N/A,10.511703554628832,-0.35490970968649044,False
TXN100787,2026-04-19,Deutsche Bank,Citi,Tokenised Bond,Public Blockchain,EU,9284.96,Settled,56.5,48.0,2.15,2.0,N/A,9.136258861010822,-1.4131635117491783,False
TXN100788,2026-01-05,Citi,Standard Chartered,Tokenised Deposit,Permissioned Ledger,EU,111894.09,Settled,4.9,36.8,2.68,29.99,N/A,11.625317014874415,0.5018936818284021,False
TXN100789,2026-04-29,Citi,JPMorgan,Tokenised Deposit,Permissioned Ledger,EU,8244.41,Settled,7.1,23.1,4.12,3.4,N/A,9.017411960864685,-1.5046031636134667,False
TXN100790,2026-02-02,Deutsche Bank,Barclays,Tokenised Real Estate Fund,Hybrid Network,UK,6385.68,Settled,33.0,35.0,1.25,0.8,N/A,8.761969850537234,-1.7011378448807133,False
TXN100791,2026-04-28,Deutsche Bank,UBS,Tokenised Bond,Public Blockchain,APAC,51182.41,Settled,48.1,34.0,4.15,21.24,N/A,10.843170735083163,-0.099882077094371,False
TXN100792,2026-03-06,BNY Mellon,Standard Chartered,Tokenised Bond,Permissioned Ledger,UK,13953.1,Settled,5.7,36.4,3.48,4.86,N/A,9.543528650877402,-1.0998140869476045,False
TXN100793,2026-05-26,BNY Mellon,Deutsche Bank,Tokenised Bond,Permissioned Ledger,MEA,6351.83,Settled,10.9,21.0,2.21,1.4,N/A,8.756655661897014,-1.7052265300597578,False
TXN100794,2026-06-26,Barclays,HSBC,Tokenised Equity,Hybrid Network,UK,106334.12,Settled,22.3,42.4,3.3,35.09,N/A,11.574350895465548,0.4626808440523208,False
TXN100795,2026-01-11,JPMorgan,HSBC,Regulated Stablecoin,Hybrid Network,APAC,205460.01,Settled,11.5,30.5,1.92,39.45,N/A,12.233011562556868,0.9694479706788716,False
TXN100796,2026-03-26,Deutsche Bank,UBS,Tokenised Deposit,Permissioned Ledger,EU,3438.23,Settled,5.4,35.4,0.82,0.28,N/A,8.143002888102854,-2.177365020271081,False
TXN100797,2026-01-26,Barclays,Deutsche Bank,Tokenised Deposit,Public Blockchain,APAC,78693.83,Settled,41.1,26.7,3.44,27.07,N/A,11.273332739744472,0.23108039565930397,False
TXN100798,2026-03-04,Citi,Standard Chartered,Tokenised Deposit,Public Blockchain,APAC,11874.73,Settled,69.0,27.5,4.33,5.14,N/A,9.382252100697624,-1.2238986998754893,False
TXN100799,2026-03-27,BNY Mellon,Barclays,Tokenised Equity,Permissioned Ledger,UK,29719.91,Settled,6.4,39.9,3.72,11.06,N/A,10.29960611747465,-0.518095419964494,False
TXN100800,2026-02-28,JPMorgan,BNY Mellon,Tokenised Deposit,Permissioned Ledger,US,37146.87,Settled,8.9,22.0,1.52,5.65,N/A,10.522661713374324,-0.34647860866888464,False
TXN100801,2026-01-27,Standard Chartered,UBS,Tokenised Deposit,Public Blockchain,APAC,37594.48,Settled,40.0,51.2,0.94,3.53,N/A,10.534639109385894,-0.3372633163878744,False
TXN100802,2026-06-26,Barclays,UBS,Tokenised Deposit,Public Blockchain,EU,18216.54,Settled,50.2,16.6,0.56,1.02,N/A,9.810140145232983,-0.8946857899796962,False
TXN100803,2026-06-10,UBS,HSBC,Tokenised Deposit,Permissioned Ledger,US,3553.36,Settled,9.3,27.4,2.25,0.8,N/A,8.175930297900937,-2.1520309906495494,False
TXN100804,2026-04-08,Deutsche Bank,BNY Mellon,Tokenised Bond,Permissioned Ledger,EU,472459.58,Settled,7.6,34.4,4.47,211.19,N/A,13.065709593864149,1.6101177567413667,False
TXN100805,2026-04-15,HSBC,Barclays,Regulated Stablecoin,Hybrid Network,MEA,6602.8,Settled,29.5,24.8,2.92,1.93,N/A,8.795400519905474,-1.675416612228762,False
TXN100806,2026-04-09,Deutsche Bank,Barclays,Tokenised Deposit,Permissioned Ledger,APAC,144525.34,Settled,12.9,48.1,1.87,27.03,N/A,11.881217053659986,0.6987806888082904,False
TXN100807,2026-05-09,Citi,Deutsche Bank,Tokenised Deposit,Hybrid Network,EU,5284.56,Settled,31.9,8.5,3.87,2.05,N/A,8.572733852955846,-1.8467341853637758,False
TXN100808,2026-05-29,JPMorgan,BNY Mellon,Regulated Stablecoin,Permissioned Ledger,US,142959.87,Settled,11.4,22.7,3.69,52.75,N/A,11.870326235433147,0.690401398932367,False
TXN100809,2026-02-24,HSBC,Barclays,Tokenised Equity,Permissioned Ledger,MEA,15799.13,Settled,9.5,31.9,0.58,0.92,N/A,9.66777344682931,-1.0042213464232626,False
TXN100810,2026-01-06,UBS,Citi,Regulated Stablecoin,Hybrid Network,EU,30744.78,Failed,,30.6,1.08,3.32,Failed,10.333508028044616,-0.49201161890413697,False
TXN100811,2026-07-16,Deutsche Bank,UBS,Tokenised Real Estate Fund,Permissioned Ledger,MEA,5067930.64,Settled,13.7,50.0,2.52,1277.12,N/A,15.438443331776552,3.43567607331993,True
TXN100812,2026-04-05,HSBC,Deutsche Bank,Tokenised Equity,Hybrid Network,APAC,23546.29,Settled,42.1,59.3,1.9,4.47,N/A,10.066766018513029,-0.6972403329821446,False
TXN100813,2026-05-13,Citi,HSBC,Tokenised Real Estate Fund,Permissioned Ledger,EU,181404.48,Settled,7.2,27.9,1.99,36.1,N/A,12.108490025688685,0.8736423083786171,False
TXN100814,2026-04-12,Standard Chartered,UBS,Tokenised Deposit,Public Blockchain,EU,67750.89,Pending,,34.7,2.1,14.23,Pending,11.123607635031808,0.11588335279629644,False
TXN100815,2026-01-03,Citi,Deutsche Bank,Tokenised Deposit,Permissioned Ledger,US,24892.49,Failed,,36.0,1.06,2.64,Failed,10.122361602486759,-0.6544656300870859,False
TXN100816,2026-06-30,Barclays,Standard Chartered,Tokenised Deposit,Public Blockchain,MEA,151625.56,Pending,,44.5,2.93,44.43,Pending,11.929175934734232,0.7356797865873452,False
TXN100817,2026-01-23,Citi,Barclays,Regulated Stablecoin,Public Blockchain,APAC,164392.35,Settled,68.8,39.9,1.36,22.36,N/A,12.010017310664434,0.7978783568672452,False
TXN100818,2026-02-22,Citi,Barclays,Tokenised Deposit,Permissioned Ledger,UK,416840.01,Pending,,41.4,2.51,104.63,Pending,12.940460157095464,1.5137520553200907,False
TXN100819,2026-06-14,Standard Chartered,HSBC,Regulated Stablecoin,Permissioned Ledger,UK,217129.04,Settled,7.8,39.0,1.41,30.62,N/A,12.288251715709235,1.011949208548529,False
TXN100820,2026-03-24,BNY Mellon,Citi,Tokenised Deposit,Public Blockchain,EU,7763.23,Settled,41.4,8.6,3.95,3.07,N/A,8.957282567755325,-1.5508661352683446,False
TXN100821,2026-05-25,HSBC,Deutsche Bank,Tokenised Real Estate Fund,Permissioned Ledger,US,21647.2,Settled,3.1,42.7,3.8,8.23,N/A,9.982677589096644,-0.7619371547098835,False
TXN100822,2026-03-26,JPMorgan,BNY Mellon,Tokenised Deposit,Public Blockchain,MEA,64378.18,Settled,51.5,28.4,3.64,23.43,N/A,11.072545567896878,0.07659669377071192,False
TXN100823,2026-03-19,HSBC,Deutsche Bank,Tokenised Deposit,Public Blockchain,US,13630.39,Settled,99.1,44.2,2.87,3.91,N/A,9.52013050041531,-1.1178163968933514,False
TXN100824,2026-04-20,BNY Mellon,Citi,Regulated Stablecoin,Public Blockchain,US,210450.12,Settled,92.0,18.2,1.17,24.62,N/A,12.257008696113754,0.9879111324061387,False
TXN100825,2026-01-01,Standard Chartered,JPMorgan,Regulated Stablecoin,Public Blockchain,MEA,25036.53,Settled,83.5,26.7,3.09,7.74,N/A,10.128131178176051,-0.6500265745308631,False
TXN100826,2026-02-20,JPMorgan,HSBC,Regulated Stablecoin,Public Blockchain,APAC,123789.89,Settled,56.9,40.1,1.51,18.69,N/A,11.726349050095294,0.5796267494673395,False
TXN100827,2026-06-22,Standard Chartered,Citi,Tokenised Deposit,Permissioned Ledger,APAC,301495.35,Settled,4.2,36.7,4.41,132.96,N/A,12.616513188940111,1.2645104011061918,False
TXN100828,2026-01-04,Citi,Standard Chartered,Tokenised Deposit,Hybrid Network,MEA,175803.43,Settled,14.1,38.3,2.63,46.24,N/A,12.077127463005597,0.8495122569444851,False
TXN100829,2026-07-09,HSBC,Citi,Tokenised Bond,Permissioned Ledger,MEA,265043.25,Settled,5.4,19.1,0.84,22.26,N/A,12.487652072160637,1.1653659081268222,False
TXN100830,2026-07-12,JPMorgan,Citi,Tokenised Deposit,Permissioned Ledger,US,371713.88,Settled,13.0,48.2,3.68,136.79,N/A,12.825882387768173,1.425597031286721,False
TXN100831,2026-04-23,Standard Chartered,BNY Mellon,Tokenised Deposit,Public Blockchain,US,13437.58,Settled,81.9,11.8,0.96,1.29,N/A,9.505884953733378,-1.1287767822934798,False
TXN100832,2026-02-01,Citi,Barclays,Tokenised Real Estate Fund,Permissioned Ledger,EU,96654.8,Settled,3.3,36.2,2.07,20.01,N/A,11.47891149318254,0.38925069393344386,False
TXN100833,2026-02-03,Citi,HSBC,Regulated Stablecoin,Public Blockchain,APAC,34823.91,Settled,51.3,25.9,4.4,15.32,N/A,10.458088214294344,-0.3961608323387653,False
TXN100834,2026-04-02,HSBC,JPMorgan,Tokenised Deposit,Permissioned Ledger,US,1750.76,Settled,10.1,27.9,3.86,0.68,N/A,7.468376275811487,-2.696416190225489,False
TXN100835,2026-04-05,Citi,Standard Chartered,Tokenised Real Estate Fund,Permissioned Ledger,MEA,38710.13,Settled,5.9,27.7,1.3,5.03,N/A,10.563882434569038,-0.31476378572436675,False
TXN100836,2026-03-13,Deutsche Bank,JPMorgan,Tokenised Real Estate Fund,Hybrid Network,APAC,103968.35,Settled,20.8,39.7,1.96,20.38,N/A,11.551851423149069,0.44536996835241366,False
TXN100837,2026-02-08,UBS,JPMorgan,Tokenised Equity,Permissioned Ledger,MEA,48601.82,Settled,1.1,39.6,3.46,16.82,N/A,10.791436832896576,-0.1396856394902427,False
TXN100838,2026-06-03,HSBC,Barclays,Tokenised Equity,Public Blockchain,UK,36274.08,Settled,18.6,50.0,1.82,6.6,N/A,10.49888628312556,-0.3647711940219527,False
TXN100839,2026-06-11,BNY Mellon,Standard Chartered,Tokenised Deposit,Permissioned Ledger,MEA,21860.61,Settled,7.6,30.7,0.64,1.4,N/A,9.992487409521667,-0.7543895740543318,False
TXN100840,2026-07-01,JPMorgan,BNY Mellon,Tokenised Deposit,Public Blockchain,MEA,31928.16,Settled,55.1,34.0,2.81,8.97,N/A,10.371274977815018,-0.4629540941833804,False
TXN100841,2026-04-28,Barclays,Citi,Tokenised Equity,Permissioned Ledger,EU,131234.29,Settled,9.7,33.6,3.7,48.56,N/A,11.784747097982388,0.6245576409065259,False
TXN100842,2026-01-03,Citi,Standard Chartered,Tokenised Bond,Permissioned Ledger,APAC,1559294.15,Pending,,12.2,2.4,374.23,Pending,14.259744450198102,2.528796590120695,False
TXN100843,2026-05-03,HSBC,BNY Mellon,Regulated Stablecoin,Hybrid Network,APAC,33643.24,Settled,11.5,12.9,4.02,13.52,N/A,10.423597146572519,-0.42269792519548505,False
TXN100844,2026-02-19,Standard Chartered,JPMorgan,Tokenised Real Estate Fund,Hybrid Network,US,463904.18,Settled,32.6,37.7,1.57,72.83,N/A,13.047435456877105,1.5960578130477496,False
TXN100845,2026-01-12,HSBC,JPMorgan,Tokenised Equity,Public Blockchain,EU,527331.62,Settled,48.7,50.2,4.26,224.64,N/A,13.175586785922633,1.6946562022313134,False
TXN100846,2026-07-12,HSBC,Citi,Tokenised Bond,Public Blockchain,EU,27755.43,Settled,91.1,22.6,2.14,5.94,N/A,10.231222804045279,-0.5707088778301967,False
TXN100847,2026-02-23,Deutsche Bank,Barclays,Tokenised Bond,Public Blockchain,APAC,6241.86,Settled,69.7,49.2,1.74,1.09,N/A,8.739193689694167,-1.7186616020484158,False
TXN100848,2026-05-13,Standard Chartered,HSBC,Regulated Stablecoin,Permissioned Ledger,UK,171315.4,Settled,7.4,51.1,1.97,33.75,N/A,12.051267418200096,0.8296157893773686,False
TXN100849,2026-02-26,UBS,Deutsche Bank,Tokenised Real Estate Fund,Hybrid Network,UK,138783.35,Settled,16.2,31.6,1.56,21.65,N/A,11.840676568536455,0.6675892328969726,False
TXN100850,2026-05-25,BNY Mellon,Standard Chartered,Tokenised Bond,Permissioned Ledger,US,223703.67,Settled,14.7,44.1,0.53,11.86,N/A,12.318082023433764,1.0349003578841998,False
TXN100851,2026-04-22,Deutsche Bank,JPMorgan,Tokenised Deposit,Permissioned Ledger,UK,71855.3,Settled,11.6,48.4,3.38,24.29,N/A,11.182423570335503,0.1611357627592769,False
TXN100852,2026-02-16,UBS,HSBC,Regulated Stablecoin,Permissioned Ledger,MEA,51523.64,Failed,,50.3,2.42,12.47,Failed,10.849815418834687,-0.0947697218857742,False
TXN100853,2026-05-31,Deutsche Bank,Standard Chartered,Tokenised Deposit,Hybrid Network,APAC,76604.59,Settled,1.0,38.0,4.01,30.72,N/A,11.246425329567332,0.21037809533727694,False
TXN100854,2026-03-26,UBS,HSBC,Tokenised Deposit,Hybrid Network,US,114806.42,Settled,16.6,33.7,1.47,16.88,N/A,11.651011394925249,0.5216626885406338,False
TXN100855,2026-05-22,Deutsche Bank,UBS,Regulated Stablecoin,Public Blockchain,US,140791.05,Settled,26.7,46.6,2.31,32.52,N/A,11.855039258043798,0.678639746850398,False
TXN100856,2026-03-07,BNY Mellon,Standard Chartered,Tokenised Deposit,Public Blockchain,APAC,186243.96,Settled,108.5,41.8,4.21,78.41,N/A,12.134818075472982,0.893898854435616,False
TXN100857,2026-03-16,Standard Chartered,BNY Mellon,Tokenised Bond,Hybrid Network,APAC,41555.92,Settled,17.3,44.7,0.72,2.99,N/A,10.634819332746018,-0.2601856245299257,False
TXN100858,2026-06-28,Standard Chartered,JPMorgan,Tokenised Equity,Permissioned Ledger,APAC,772194.74,Settled,7.9,51.0,3.29,254.05,N/A,13.55699334609154,1.9881067090406348,False
TXN100859,2026-04-13,UBS,Standard Chartered,Regulated Stablecoin,Permissioned Ledger,EU,15162.09,Settled,6.2,26.3,2.64,4.0,N/A,9.626619464284214,-1.0358848212982936,False
TXN100860,2026-06-15,HSBC,Standard Chartered,Tokenised Equity,Permissioned Ledger,APAC,131317.38,Settled,10.2,25.3,3.59,47.14,N/A,11.785380035261642,0.6250446167081313,False
TXN100861,2026-07-11,BNY Mellon,Barclays,Tokenised Bond,Permissioned Ledger,UK,19583.0,Settled,4.8,24.3,1.08,2.11,N/A,9.882468185312053,-0.8390372977032957,False
TXN100862,2026-02-07,Deutsche Bank,Standard Chartered,Tokenised Deposit,Permissioned Ledger,MEA,10556.74,Settled,10.6,51.7,3.76,3.97,N/A,9.264614519204226,-1.3144079137017348,False
TXN100863,2026-02-19,Citi,BNY Mellon,Tokenised Real Estate Fund,Hybrid Network,MEA,64214.22,Settled,21.4,50.6,1.39,8.93,N/A,11.069995533232099,0.07463472184125872,False
TXN100864,2026-04-08,JPMorgan,Citi,Tokenised Bond,Public Blockchain,EU,741048.7,Settled,47.3,35.2,2.66,197.12,N/A,13.515822973553997,1.9564306238644378,False
TXN100865,2026-03-23,JPMorgan,HSBC,Tokenised Deposit,Permissioned Ledger,UK,61337.63,Settled,8.1,50.5,3.49,21.41,N/A,11.024165102889967,0.03937323340426885,False
TXN100866,2026-01-30,JPMorgan,Standard Chartered,Tokenised Deposit,Permissioned Ledger,APAC,8429.1,Settled,6.0,51.7,2.72,2.29,N/A,9.039563913321748,-1.487559666321594,False
TXN100867,2026-03-20,HSBC,Deutsche Bank,Tokenised Real Estate Fund,Public Blockchain,US,17710.21,Settled,89.0,20.8,3.4,6.02,N/A,9.781953051424336,-0.9163726664717163,False
TXN100868,2026-04-01,Deutsche Bank,BNY Mellon,Tokenised Deposit,Hybrid Network,EU,21453.12,Failed,,22.0,4.13,8.86,Failed,9.973671980504275,-0.7688659825842308,False
TXN100869,2026-06-28,HSBC,Standard Chartered,Tokenised Bond,Permissioned Ledger,MEA,8398.38,Settled,8.6,36.7,1.74,1.46,N/A,9.035913172583538,-1.4903685108243812,False
TXN100870,2026-07-10,Standard Chartered,Barclays,Tokenised Bond,Public Blockchain,MEA,2926.89,Settled,48.9,43.3,4.02,1.18,N/A,7.9820373060694845,-2.301210377324278,False
TXN100871,2026-02-21,UBS,Standard Chartered,Tokenised Deposit,Permissioned Ledger,US,9101.68,Settled,10.5,31.9,1.31,1.19,N/A,9.116324154641216,-1.4285010814141184,False
TXN100872,2026-06-15,Deutsche Bank,HSBC,Tokenised Deposit,Public Blockchain,APAC,125140.2,Settled,44.5,34.4,2.69,33.66,N/A,11.737197978766407,0.5879738099255191,False
TXN100873,2026-03-20,Barclays,UBS,Regulated Stablecoin,Permissioned Ledger,APAC,52068.54,Settled,12.2,37.7,3.67,19.11,N/A,10.86033541185635,-0.08667574132479343,False
TXN100874,2026-01-30,Barclays,UBS,Regulated Stablecoin,Public Blockchain,EU,173007.19,Settled,38.8,47.8,1.69,29.24,N/A,12.061094213399826,0.8371764302598832,False
TXN100875,2026-04-16,Citi,JPMorgan,Tokenised Deposit,Permissioned Ledger,UK,44011.72,Settled,9.6,48.5,1.86,8.19,N/A,10.692233962030764,-0.21601136582179845,False
TXN100876,2026-02-20,Standard Chartered,Barclays,Tokenised Deposit,Public Blockchain,UK,58343.67,Settled,55.0,30.9,3.25,18.96,N/A,10.974123288212558,0.0008715467205357766,False
TXN100877,2026-03-22,Citi,JPMorgan,Tokenised Deposit,Public Blockchain,UK,59065.09,Settled,54.8,34.6,2.89,17.07,N/A,10.986412265457666,0.010326566579523216,False
TXN100878,2026-05-13,Barclays,HSBC,Tokenised Deposit,Public Blockchain,APAC,53840.22,Settled,40.2,37.9,1.56,8.4,N/A,10.893794623794422,-0.060932548296547415,False
TXN100879,2026-01-29,JPMorgan,Standard Chartered,Tokenised Bond,Public Blockchain,MEA,24235.29,Settled,29.6,53.0,4.44,10.76,N/A,10.095606375664195,-0.6750508420126563,False
TXN100880,2026-05-12,Citi,Standard Chartered,Tokenised Deposit,Hybrid Network,MEA,299040.72,Settled,22.5,30.5,3.3,98.68,N/A,12.608338374411746,1.2582207781239374,False
TXN100881,2026-05-18,HSBC,JPMorgan,Tokenised Deposit,Permissioned Ledger,MEA,111072.16,Settled,5.4,42.1,1.09,12.11,N/A,11.617944362283152,0.4962212344576043,False
TXN100882,2026-07-03,Barclays,HSBC,Tokenised Bond,Permissioned Ledger,APAC,307877.0,Settled,14.1,39.3,1.63,50.18,N/A,12.637458879589737,1.2806258122671377,False
TXN100883,2026-05-25,Deutsche Bank,Citi,Tokenised Bond,Permissioned Ledger,MEA,78220.9,Settled,10.8,32.3,3.15,24.64,N/A,11.267304938477293,0.22644266384888093,False
TXN100884,2026-03-15,HSBC,Standard Chartered,Tokenised Deposit,Public Blockchain,MEA,6118.88,Settled,15.8,46.5,3.39,2.07,N/A,8.719297767470998,-1.7339693315673894,False
TXN100885,2026-01-17,Deutsche Bank,UBS,Tokenised Deposit,Hybrid Network,MEA,16661.62,Settled,22.7,39.5,4.17,6.95,N/A,9.720923166261482,-0.9633284679755583,False
TXN100886,2026-03-25,Barclays,Deutsche Bank,Tokenised Equity,Hybrid Network,US,408029.53,Settled,15.1,24.8,0.53,21.63,N/A,12.919097279018164,1.49731566420004,False
TXN100887,2026-03-10,Barclays,HSBC,Tokenised Equity,Permissioned Ledger,UK,110313.17,Settled,8.4,2.1,3.05,33.65,N/A,11.61108766480536,0.49094575794507345,False
TXN100888,2026-02-03,UBS,Standard Chartered,Tokenised Deposit,Public Blockchain,MEA,30608.97,Settled,102.5,2.7,4.32,13.22,N/A,10.329081051867107,-0.49541769142252134,False
TXN100889,2026-01-06,HSBC,BNY Mellon,Tokenised Deposit,Public Blockchain,EU,47405.54,Pending,,40.5,4.3,20.38,Pending,10.76651547284908,-0.15885989211210713,False
TXN100890,2026-02-22,Standard Chartered,Barclays,Tokenised Deposit,Permissioned Ledger,UK,73702.56,Settled,4.3,26.4,3.29,24.25,N/A,11.207806380945701,0.1806650509668762,False
TXN100891,2026-07-13,BNY Mellon,JPMorgan,Regulated Stablecoin,Permissioned Ledger,EU,64822.76,Settled,5.3,27.5,1.52,9.85,N/A,11.079427481801238,0.08189157155718273,False
TXN100892,2026-05-06,BNY Mellon,Barclays,Tokenised Bond,Hybrid Network,US,28707.68,Settled,3.2,52.0,4.36,12.52,N/A,10.26495479504664,-0.5447558112372859,False
TXN100893,2026-02-12,Barclays,JPMorgan,Tokenised Deposit,Permissioned Ledger,US,20401.14,Settled,14.1,25.3,3.6,7.34,N/A,9.923395076291266,-0.8075485448757062,False
TXN100894,2026-04-25,Standard Chartered,Citi,Tokenised Deposit,Public Blockchain,US,204325.84,Settled,46.2,19.0,2.3,46.99,N/A,12.227476147605008,0.9651890761220927,False
TXN100895,2026-04-21,Deutsche Bank,Barclays,Tokenised Equity,Permissioned Ledger,UK,5791.14,Pending,,52.2,3.08,1.78,Pending,8.66425710504415,-1.7763170832083848,False
TXN100896,2026-05-31,JPMorgan,Standard Chartered,Tokenised Equity,Permissioned Ledger,EU,278999.36,Settled,8.9,38.5,2.64,73.66,N/A,12.53896835112525,1.2048481552676826,False
TXN100897,2026-07-02,Deutsche Bank,BNY Mellon,Tokenised Bond,Permissioned Ledger,UK,32610.78,Settled,7.9,50.7,1.75,5.71,N/A,10.392428851776973,-0.4466785088018201,False
TXN100898,2026-03-21,Barclays,Citi,Tokenised Equity,Permissioned Ledger,UK,8164.17,Settled,4.6,47.7,0.7,0.57,N/A,9.007632825763448,-1.512127135278621,False
TXN100899,2026-04-05,UBS,Citi,Tokenised Deposit,Permissioned Ledger,US,186208.75,Settled,6.5,41.9,2.13,39.66,N/A,12.13462900550469,0.8937533858364578,False
TXN100900,2026-04-28,HSBC,Deutsche Bank,Tokenised Bond,Public Blockchain,EU,156460.15,Settled,42.1,26.5,4.16,65.09,N/A,11.960563015333497,0.7598287018682998,False
TXN100901,2026-05-24,Standard Chartered,Barclays,Tokenised Deposit,Permissioned Ledger,US,110905.96,Settled,11.6,44.0,3.76,41.7,N/A,11.61644693061174,0.4950691250584015,False
TXN100902,2026-01-08,Citi,JPMorgan,Tokenised Bond,Permissioned Ledger,EU,2662.32,Settled,5.6,41.4,3.9,1.04,N/A,7.887328743821857,-2.3740782262108846,False
TXN100903,2026-05-12,Standard Chartered,JPMorgan,Regulated Stablecoin,Permissioned Ledger,EU,56209.35,Settled,7.3,20.0,0.79,4.44,N/A,10.936856182626798,-0.027801402734279203,False
TXN100904,2026-04-14,JPMorgan,BNY Mellon,Tokenised Bond,Public Blockchain,US,39415.25,Settled,86.7,22.5,4.15,16.36,N/A,10.581933446805674,-0.30087551204885266,False
TXN100905,2026-05-12,Citi,Barclays,Tokenised Deposit,Hybrid Network,MEA,229866.23,Settled,30.8,43.2,1.27,29.19,N/A,12.345257160356564,1.0558086445667276,False
TXN100906,2026-07-03,Barclays,UBS,Regulated Stablecoin,Permissioned Ledger,EU,73986.33,Settled,12.5,20.2,1.65,12.21,N/A,11.211649141310922,0.1836216335076203,False
TXN100907,2026-01-25,Deutsche Bank,Barclays,Tokenised Deposit,Permissioned Ledger,EU,99924.26,Settled,7.4,44.2,4.11,41.07,N/A,11.512177785527603,0.4148454564986254,False
TXN100908,2026-07-14,Standard Chartered,HSBC,Tokenised Real Estate Fund,Hybrid Network,MEA,38346.32,Settled,34.0,24.7,0.73,2.8,N/A,10.554439921693783,-0.32202876351491666,False
TXN100909,2026-04-06,BNY Mellon,Citi,Tokenised Bond,Public Blockchain,MEA,82510.54,Settled,99.6,37.9,3.1,25.58,N/A,11.320693441328526,0.26751925994242215,False
TXN100910,2026-07-14,Barclays,HSBC,Tokenised Bond,Permissioned Ledger,EU,60908.89,Pending,,37.2,0.6,3.65,Pending,11.017150837885705,0.03397652596566576,False
TXN100911,2026-06-04,JPMorgan,HSBC,Tokenised Deposit,Hybrid Network,MEA,4072.78,Pending,,23.8,1.53,0.62,Pending,8.312326594346809,-2.0470890035446865,False
TXN100912,2026-04-03,UBS,Citi,Tokenised Deposit,Permissioned Ledger,US,244912.93,Settled,7.0,54.2,1.42,34.78,N/A,12.408662121681964,1.1045918066259335,False
TXN100913,2026-06-09,JPMorgan,Standard Chartered,Regulated Stablecoin,Public Blockchain,UK,3727.38,Settled,101.3,36.9,4.15,1.55,N/A,8.22372910194131,-2.115255054587215,False
TXN100914,2026-06-27,Citi,JPMorgan,Tokenised Bond,Hybrid Network,APAC,158683.85,Settled,4.9,40.0,1.53,24.28,N/A,11.97467543881961,0.770686663573189,False
TXN100915,2026-03-02,Barclays,HSBC,Tokenised Deposit,Permissioned Ledger,MEA,41069.63,Settled,7.1,37.9,3.02,12.4,N/A,10.62304854649694,-0.269241953264298,False
TXN100916,2026-05-02,Citi,Standard Chartered,Tokenised Equity,Permissioned Ledger,EU,26017.1,Settled,9.3,29.3,1.0,2.6,N/A,10.166547728647085,-0.62046925333377,False
TXN100917,2026-02-20,HSBC,Standard Chartered,Tokenised Deposit,Public Blockchain,APAC,30137.35,Settled,55.0,50.2,3.41,10.28,N/A,10.313553726156403,-0.5073642651709682,False
TXN100918,2026-05-27,Deutsche Bank,Citi,Tokenised Bond,Public Blockchain,US,106762.78,Settled,77.0,46.7,3.67,39.18,N/A,11.57837400941096,0.46577618888778927,False
TXN100919,2026-01-21,Deutsche Bank,Citi,Tokenised Deposit,Permissioned Ledger,APAC,14082.9,Settled,7.9,24.3,3.57,5.03,N/A,9.552787579994128,-1.0926903567196515,False
TXN100920,2026-01-05,HSBC,Standard Chartered,Tokenised Deposit,Permissioned Ledger,EU,77248.55,Settled,6.2,46.6,3.43,26.5,N/A,11.254796369500307,0.21681869224196734,False
TXN100921,2026-04-02,HSBC,Barclays,Tokenised Bond,Hybrid Network,MEA,311794.87,Failed,,28.1,1.86,57.99,Failed,12.650103989847787,1.2903548374109144,False
TXN100922,2026-06-19,Deutsche Bank,Barclays,Tokenised Deposit,Permissioned Ledger,US,6630.58,Settled,8.3,34.9,0.93,0.62,N/A,8.79959836549732,-1.6721868305598542,False
TXN100923,2026-03-02,BNY Mellon,JPMorgan,Tokenised Real Estate Fund,Permissioned Ledger,APAC,33074.63,Pending,,38.9,0.86,2.84,Pending,10.4065520364208,-0.4358122675665952,False
TXN100924,2026-01-22,Barclays,Standard Chartered,Tokenised Deposit,Public Blockchain,UK,110534.45,Settled,89.3,35.8,3.35,37.03,N/A,11.613091562969622,0.4924875377499,False
TXN100925,2026-05-29,UBS,Barclays,Tokenised Equity,Hybrid Network,MEA,28842.74,Settled,21.5,32.6,3.2,9.23,N/A,10.269648263989644,-0.5411447017707663,False
TXN100926,2026-03-11,Citi,HSBC,Regulated Stablecoin,Public Blockchain,EU,46779.56,Settled,61.3,33.1,4.01,18.76,N/A,10.753223010994265,-0.16908698329352723,False
TXN100927,2026-01-01,Standard Chartered,Deutsche Bank,Tokenised Equity,Permissioned Ledger,EU,32024.76,Settled,11.9,19.2,3.51,11.24,N/A,10.374295857943146,-0.4606298583227891,False
TXN100928,2026-05-13,Deutsche Bank,HSBC,Regulated Stablecoin,Permissioned Ledger,US,76871.42,Pending,,16.1,0.55,4.23,Pending,11.249902443570027,0.21305335311436632,False
TXN100929,2026-01-12,Barclays,Standard Chartered,Tokenised Deposit,Public Blockchain,MEA,11794.93,Failed,,41.3,3.42,4.03,Failed,9.375509835702571,-1.2290861331460778,False
TXN100930,2026-03-31,UBS,HSBC,Tokenised Equity,Hybrid Network,EU,119918.12,Settled,34.6,42.9,0.84,10.07,N/A,11.69457279452407,0.5551784067389172,False
TXN100931,2026-02-15,Citi,Standard Chartered,Regulated Stablecoin,Permissioned Ledger,APAC,119676.8,Settled,11.2,38.6,2.43,29.08,N/A,11.692558410686406,0.553628559358711,False
TXN100932,2026-02-03,Barclays,Standard Chartered,Tokenised Deposit,Public Blockchain,MEA,6741.2,Settled,34.9,59.1,4.41,2.97,N/A,8.816141560141912,-1.6594586571101093,False
TXN100933,2026-06-26,Citi,HSBC,Regulated Stablecoin,Public Blockchain,MEA,147267.94,Settled,62.9,14.0,1.55,22.83,N/A,11.90001571803015,0.7132441987812708,False
TXN100934,2026-03-19,JPMorgan,Standard Chartered,Tokenised Deposit,Public Blockchain,MEA,376963.72,Settled,51.7,42.1,3.79,142.87,N/A,12.839906881149325,1.4363873404219925,False
TXN100935,2026-02-14,Citi,UBS,Regulated Stablecoin,Hybrid Network,US,482500.98,Settled,26.2,37.8,1.24,59.83,N/A,13.0867403033797,1.6262985805928631,False
TXN100936,2026-06-04,Standard Chartered,Citi,Tokenised Deposit,Public Blockchain,EU,165440.61,Settled,73.2,36.8,1.38,22.83,N/A,12.016373601879607,0.8027688256564924,False
TXN100937,2026-03-14,Deutsche Bank,UBS,Tokenised Equity,Public Blockchain,UK,107622.43,Settled,63.8,22.2,4.17,44.88,N/A,11.586393653934897,0.4719464255741688,False
TXN100938,2026-01-26,Citi,JPMorgan,Tokenised Bond,Hybrid Network,APAC,16319.83,Settled,46.9,15.8,3.98,6.5,N/A,9.700197485068019,-0.979274605995567,False
TXN100939,2026-02-16,Deutsche Bank,Citi,Regulated Stablecoin,Public Blockchain,EU,31263.56,Settled,96.9,47.9,3.25,10.16,N/A,10.350240466657526,-0.47913784298130013,False
TXN100940,2026-05-01,Deutsche Bank,HSBC,Tokenised Equity,Permissioned Ledger,UK,25697.43,Settled,7.0,60.0,4.0,10.28,N/A,10.15418517952311,-0.6299808786825299,False
TXN100941,2026-02-25,BNY Mellon,Standard Chartered,Regulated Stablecoin,Hybrid Network,MEA,40141.15,Settled,23.5,25.8,1.04,4.17,N/A,10.60018218344705,-0.286835111134747,False
TXN100942,2026-04-04,JPMorgan,Citi,Tokenised Real Estate Fund,Permissioned Ledger,UK,15706.48,Settled,12.7,27.8,1.9,2.98,N/A,9.661892310999194,-1.008746235269426,False
TXN100943,2026-04-17,Standard Chartered,Barclays,Regulated Stablecoin,Public Blockchain,MEA,30789.82,Settled,70.6,40.8,0.5,1.54,N/A,10.334971872587305,-0.49088535111589543,False
TXN100944,2026-03-04,Standard Chartered,BNY Mellon,Tokenised Bond,Public Blockchain,EU,28094.25,Settled,68.0,20.2,2.44,6.85,N/A,10.243355801887203,-0.5613738670106339,False
TXN100945,2026-02-17,HSBC,BNY Mellon,Tokenised Equity,Hybrid Network,US,43897.89,Settled,8.9,46.6,4.14,18.17,N/A,10.689644314005557,-0.2180038158864179,False
TXN100946,2026-03-02,BNY Mellon,HSBC,Tokenised Equity,Public Blockchain,UK,58182.08,Settled,73.2,41.5,2.24,13.03,N/A,10.971349869802314,-0.0012622944953052833,False
TXN100947,2026-03-22,JPMorgan,Barclays,Tokenised Deposit,Public Blockchain,APAC,22010.48,Settled,63.7,39.6,4.23,9.31,N/A,9.999319414422509,-0.7491330957709276,False
TXN100948,2026-01-26,Citi,Deutsche Bank,Tokenised Deposit,Hybrid Network,US,106917.87,Settled,28.0,39.7,1.83,19.57,N/A,11.57982560154755,0.46689302979365643,False
TXN100949,2026-02-05,BNY Mellon,HSBC,Tokenised Bond,Permissioned Ledger,MEA,74033.42,Settled,5.8,29.3,0.61,4.52,N/A,11.212285399179628,0.18411116413853162,False
TXN100950,2026-01-01,Deutsche Bank,BNY Mellon,Tokenised Real Estate Fund,Permissioned Ledger,EU,15180.14,Settled,10.9,19.9,1.58,2.4,N/A,9.627809146944076,-1.0349694910026535,False
TXN100951,2026-01-08,Standard Chartered,JPMorgan,Tokenised Bond,Hybrid Network,EU,95420.3,Settled,12.4,51.5,4.07,38.84,N/A,11.466057102955494,0.37936065081205395,False
TXN100952,2026-04-23,Deutsche Bank,HSBC,Tokenised Deposit,Public Blockchain,MEA,28666.03,Failed,,32.4,0.6,1.72,Failed,10.26350296090582,-0.5458728383388596,False
TXN100953,2026-04-09,Deutsche Bank,Barclays,Regulated Stablecoin,Hybrid Network,MEA,19445.14,Settled,23.1,46.2,2.6,5.06,N/A,9.875403871767732,-0.8444725120030259,False
TXN100954,2026-06-29,Citi,BNY Mellon,Tokenised Bond,Permissioned Ledger,EU,572032.3,Settled,8.8,39.2,3.31,189.34,N/A,13.25695248545062,1.757258182000117,False
TXN100955,2026-02-16,Standard Chartered,HSBC,Tokenised Bond,Permissioned Ledger,APAC,17653.24,Settled,10.9,36.1,4.25,7.5,N/A,9.778731260140543,-0.9188514814261431,False
TXN100956,2026-05-07,Barclays,Deutsche Bank,Tokenised Equity,Public Blockchain,APAC,19560.93,Failed,,28.0,4.41,8.63,Failed,9.881340609477816,-0.8399048436098905,False
TXN100957,2026-02-25,Standard Chartered,HSBC,Regulated Stablecoin,Public Blockchain,UK,53490.59,Settled,44.4,44.8,1.39,7.44,N/A,10.887279724265788,-0.06594504878327945,False
TXN100958,2026-01-14,HSBC,Barclays,Tokenised Deposit,Permissioned Ledger,UK,53709.95,Pending,,25.2,1.58,8.49,Pending,10.891372170324537,-0.06279636049250155,False
TXN100959,2026-01-28,HSBC,Standard Chartered,Tokenised Bond,Public Blockchain,MEA,14893.37,Settled,58.2,18.3,1.86,2.77,N/A,9.608738568180371,-1.049642209271783,False
TXN100960,2026-03-19,Deutsche Bank,Barclays,Tokenised Bond,Public Blockchain,EU,54463.44,Settled,97.8,38.9,0.88,4.79,N/A,10.905303290631318,-0.052077891694702005,False
TXN100961,2026-05-10,HSBC,Barclays,Tokenised Equity,Permissioned Ledger,UK,20070.3,Settled,5.4,59.4,1.3,2.61,N/A,9.907046212986158,-0.8201272016783465,False
TXN100962,2026-04-19,UBS,Standard Chartered,Tokenised Deposit,Permissioned Ledger,UK,185160.37,Settled,13.8,30.2,2.38,44.07,N/A,12.1289829941241,0.8894093994604712,False
TXN100963,2026-06-03,Citi,HSBC,Tokenised Real Estate Fund,Permissioned Ledger,MEA,64333.32,Settled,8.4,37.7,2.42,15.57,N/A,11.07184851588887,0.07606038871887526,False
TXN100964,2026-01-14,Standard Chartered,BNY Mellon,Tokenised Deposit,Permissioned Ledger,APAC,6865.41,Settled,8.8,24.3,1.02,0.7,N/A,8.834396686770187,-1.6454133398020812,False
TXN100965,2026-07-06,Barclays,BNY Mellon,Tokenised Bond,Hybrid Network,EU,4599.16,Settled,32.6,33.6,1.0,0.46,N/A,8.433846364480981,-1.9535928714450368,False
TXN100966,2026-02-25,HSBC,Citi,Tokenised Bond,Permissioned Ledger,UK,63213.7,Settled,4.6,27.6,0.76,4.8,N/A,11.054292148025649,0.06255268962499573,False
TXN100967,2026-04-25,Deutsche Bank,HSBC,Tokenised Equity,Permissioned Ledger,EU,28458.51,Settled,1.0,28.6,2.0,5.69,N/A,10.256237654348753,-0.5514626947124679,False
TXN100968,2026-01-07,Citi,UBS,Regulated Stablecoin,Permissioned Ledger,US,56980.85,Settled,7.3,60.0,0.84,4.79,N/A,10.950488075057308,-0.017313156961233752,False
TXN100969,2026-01-03,JPMorgan,BNY Mellon,Tokenised Bond,Public Blockchain,MEA,79991.0,Settled,47.4,27.5,2.59,20.72,N/A,11.289681908655686,0.24365928759231698,False
TXN100970,2026-04-21,HSBC,BNY Mellon,Tokenised Deposit,Permissioned Ledger,EU,335390.42,Settled,10.5,45.8,3.9,130.8,N/A,12.723053546648687,1.3464815186228456,False
TXN100971,2026-05-31,Citi,UBS,Regulated Stablecoin,Hybrid Network,MEA,697.17,Pending,,59.0,1.17,0.08,Pending,6.548462626116749,-3.404188826868617,True
TXN100972,2026-04-17,Citi,Deutsche Bank,Regulated Stablecoin,Permissioned Ledger,EU,62607.06,Settled,6.9,47.4,1.27,7.95,N/A,11.044649302793717,0.05513357806293677,False
TXN100973,2026-01-18,BNY Mellon,JPMorgan,Tokenised Deposit,Public Blockchain,MEA,143933.04,Settled,46.6,60.7,4.37,62.9,N/A,11.87711041806309,0.6956210832245356,False
TXN100974,2026-02-07,JPMorgan,Barclays,Tokenised Deposit,Permissioned Ledger,UK,10028.79,Settled,5.5,10.7,3.4,3.41,N/A,9.21331494354836,-1.3538773094789087,False
TXN100975,2026-04-25,HSBC,UBS,Tokenised Bond,Permissioned Ledger,EU,66257.62,Settled,4.8,46.2,0.66,4.37,N/A,11.101320848592026,0.09873611554634235,False
TXN100976,2026-01-15,Standard Chartered,BNY Mellon,Tokenised Bond,Hybrid Network,EU,24308.16,Settled,16.3,37.7,3.35,8.14,N/A,10.098608513031564,-0.6727410266503415,False
TXN100977,2026-07-11,JPMorgan,HSBC,Tokenised Real Estate Fund,Permissioned Ledger,APAC,4879.21,Settled,3.2,25.6,2.31,1.13,N/A,8.492943530708194,-1.9081240851381356,False
TXN100978,2026-04-29,BNY Mellon,Citi,Tokenised Bond,Permissioned Ledger,MEA,27931.56,Settled,8.0,29.1,2.91,8.13,N/A,10.237548312454628,-0.5658420930330816,False
TXN100979,2026-01-28,Deutsche Bank,JPMorgan,Tokenised Equity,Public Blockchain,EU,68812.51,Settled,42.2,34.1,2.98,20.51,N/A,11.13915537092317,0.12784562993971288,False
TXN100980,2026-02-08,BNY Mellon,Citi,Tokenised Deposit,Public Blockchain,US,47234.69,Settled,100.5,30.9,3.88,18.33,N/A,10.762905029908545,-0.1616377318803513,False
TXN100981,2026-07-04,Deutsche Bank,JPMorgan,Tokenised Real Estate Fund,Hybrid Network,US,50448.81,Settled,27.1,31.0,0.51,2.57,N/A,10.82873425966961,-0.11098936120813023,False
TXN100982,2026-01-17,JPMorgan,Deutsche Bank,Tokenised Deposit,Permissioned Ledger,MEA,86296.96,Settled,13.5,17.6,3.32,28.65,N/A,11.365561238321675,0.30204010762062267,False
TXN100983,2026-03-27,JPMorgan,UBS,Tokenised Deposit,Public Blockchain,UK,51063.91,Settled,87.9,31.5,4.4,22.47,N/A,10.840852847551036,-0.10166543727236214,False
TXN100984,2026-05-06,HSBC,Citi,Tokenised Deposit,Hybrid Network,UK,99205.6,Settled,31.8,26.1,3.28,32.54,N/A,11.504959823317856,0.40929202640648743,False
TXN100985,2026-02-13,Deutsche Bank,Barclays,Tokenised Deposit,Public Blockchain,EU,73803.58,Failed,,47.3,2.11,15.57,Failed,11.209176068283542,0.18171887511526416,False
TXN100986,2026-01-25,Citi,Deutsche Bank,Regulated Stablecoin,Hybrid Network,UK,49800.42,Settled,33.8,45.5,2.58,12.85,N/A,10.81579877666245,-0.12094179632773847,False
TXN100987,2026-05-25,Citi,Deutsche Bank,Tokenised Bond,Public Blockchain,APAC,58183.72,Settled,54.9,51.3,0.79,4.6,N/A,10.971378056293768,-0.001240608082259275,False
TXN100988,2026-01-13,JPMorgan,BNY Mellon,Tokenised Equity,Permissioned Ledger,APAC,27095.33,Settled,8.4,29.4,1.82,4.93,N/A,10.207153573342843,-0.5892275104017297,False
TXN100989,2026-01-25,BNY Mellon,HSBC,Tokenised Bond,Permissioned Ledger,APAC,329859.33,Settled,3.1,51.3,4.12,135.9,N/A,12.706424601426065,1.333687369510355,False
TXN100990,2026-03-09,HSBC,Citi,Tokenised Bond,Permissioned Ledger,US,31012.34,Settled,8.5,45.0,0.7,2.17,N/A,10.34217271348572,-0.4853450939945775,False
TXN100991,2026-05-18,HSBC,Standard Chartered,Tokenised Equity,Public Blockchain,UK,25757.11,Settled,51.4,26.3,2.78,7.16,N/A,10.156504807961394,-0.6281961790682327,False
TXN100992,2026-03-08,Citi,BNY Mellon,Tokenised Deposit,Permissioned Ledger,MEA,26106.7,Settled,8.2,36.4,3.09,8.07,N/A,10.169985568958278,-0.617824212353871,False
TXN100993,2026-04-19,UBS,Barclays,Tokenised Bond,Permissioned Ledger,UK,536016.97,Pending,,55.4,3.08,165.09,Pending,13.191922965610354,1.7072251003817989,False
TXN100994,2026-05-26,UBS,Standard Chartered,Tokenised Bond,Hybrid Network,APAC,14749.48,Settled,28.4,43.5,1.45,2.14,N/A,9.599030903611355,-1.0571111922028866,False
TXN100995,2026-04-21,HSBC,JPMorgan,Tokenised Deposit,Hybrid Network,APAC,137861.4,Settled,14.3,31.6,3.07,42.32,N/A,11.834011365253726,0.6624610901601569,False
TXN100996,2026-04-21,Deutsche Bank,Barclays,Tokenised Bond,Permissioned Ledger,US,250023.4,Settled,6.0,30.3,3.85,96.26,N/A,12.429313792081814,1.120481001459424,False
TXN100997,2026-02-03,Citi,BNY Mellon,Tokenised Deposit,Hybrid Network,APAC,196693.22,Settled,18.0,53.6,2.23,43.86,N/A,12.189405619095382,0.9358979808648398,False
TXN100998,2026-04-21,Citi,UBS,Tokenised Deposit,Hybrid Network,EU,196476.93,Settled,15.1,55.4,2.4,47.15,N/A,12.188305388461965,0.9350514740904401,False
TXN100999,2026-01-08,HSBC,BNY Mellon,Tokenised Real Estate Fund,Public Blockchain,US,17079.58,Settled,27.3,32.8,1.98,3.38,N/A,9.74569742461144,-0.9442673939725299,False
TXN101000,2026-06-17,JPMorgan,Barclays,Tokenised Deposit,Public Blockchain,MEA,726145.38,Settled,64.0,60.1,3.86,280.29,N/A,13.495506898827628,1.9407996330860182,False
TXN101001,2026-04-23,BNY Mellon,UBS,Regulated Stablecoin,Permissioned Ledger,US,15417.26,Settled,8.0,11.3,4.33,6.68,N/A,9.64330780028343,-1.023044977498529,False
TXN101002,2026-03-24,Deutsche Bank,BNY Mellon,Regulated Stablecoin,Public Blockchain,MEA,76692.87,Settled,45.1,37.7,1.06,8.13,N/A,11.24757706238829,0.211264227395072,False
TXN101003,2026-02-11,Standard Chartered,Deutsche Bank,Tokenised Deposit,Public Blockchain,MEA,344272.51,Settled,61.9,12.8,3.49,120.15,N/A,12.749191707650445,1.3665919660929482,False
TXN101004,2026-06-18,Standard Chartered,Deutsche Bank,Tokenised Bond,Public Blockchain,UK,64267.23,Settled,45.1,43.4,3.06,19.67,N/A,11.070820697920748,0.07526959554657212,False
TXN101005,2026-04-11,JPMorgan,Deutsche Bank,Tokenised Deposit,Permissioned Ledger,UK,95054.34,Settled,6.1,13.1,3.09,29.37,N/A,11.462214527295876,0.3764042103820079,False
TXN101006,2026-01-06,Citi,Deutsche Bank,Tokenised Bond,Public Blockchain,APAC,79248.41,Settled,63.9,57.0,3.97,31.46,N/A,11.280355246916862,0.23648344454209572,False
TXN101007,2026-06-29,JPMorgan,UBS,Tokenised Deposit,Public Blockchain,EU,33517.73,Settled,31.5,58.9,1.82,6.1,N/A,10.419859666050096,-0.42557350644665504,False
TXN101008,2026-01-26,Deutsche Bank,Citi,Tokenised Deposit,Public Blockchain,MEA,30345.23,Settled,41.8,49.7,2.99,9.07,N/A,10.320427571309084,-0.5020755954037527,False
TXN101009,2026-03-05,Citi,JPMorgan,Tokenised Bond,Permissioned Ledger,APAC,11272.05,Settled,9.0,25.6,0.79,0.89,N/A,9.330170200411258,-1.2639700086328904,False
TXN101010,2026-07-06,HSBC,Standard Chartered,Tokenised Bond,Public Blockchain,UK,166759.95,Settled,69.2,45.0,2.86,47.69,N/A,12.024316628788293,0.8088801134930774,False
TXN101011,2026-07-03,HSBC,UBS,Regulated Stablecoin,Hybrid Network,EU,51571.16,Settled,26.5,33.9,2.14,11.04,N/A,10.850737270984615,-0.09406045778586027,False
TXN101012,2026-02-28,Barclays,Standard Chartered,Tokenised Real Estate Fund,Permissioned Ledger,UK,11935.87,Settled,7.7,22.9,4.01,4.79,N/A,9.387387208527233,-1.2199477977346032,False
TXN101013,2026-04-19,JPMorgan,BNY Mellon,Tokenised Bond,Public Blockchain,MEA,23855.38,Settled,72.2,31.0,3.3,7.87,N/A,10.07980696578443,-0.6872067546808917,False
TXN101014,2026-07-17,HSBC,Deutsche Bank,Tokenised Bond,Public Blockchain,EU,9542.55,Settled,66.2,34.2,1.8,1.72,N/A,9.163620812624243,-1.3921114916562494,False
TXN101015,2026-05-01,HSBC,JPMorgan,Tokenised Real Estate Fund,Permissioned Ledger,MEA,100462.53,Settled,8.5,34.8,2.88,28.93,N/A,11.517550055050226,0.4189788285450623,False
TXN101016,2026-02-02,Citi,Deutsche Bank,Tokenised Equity,Permissioned Ledger,APAC,47118.66,Settled,7.4,19.6,2.96,13.95,N/A,10.760445602679741,-0.16352999132768067,False
TXN101017,2026-06-30,UBS,HSBC,Tokenised Real Estate Fund,Hybrid Network,EU,17912.51,Settled,22.9,37.2,2.45,4.39,N/A,9.793310455752703,-0.9076343897763138,False
TXN101018,2026-05-30,BNY Mellon,Standard Chartered,Regulated Stablecoin,Public Blockchain,MEA,185758.05,Settled,69.1,41.1,3.37,62.6,N/A,12.132205682792888,0.8918889048542061,False
TXN101019,2026-01-21,JPMorgan,HSBC,Tokenised Equity,Permissioned Ledger,EU,76734.64,Settled,10.0,35.5,1.36,10.44,N/A,11.248121546966674,0.21168314854683704,False
TXN101020,2026-07-17,UBS,Citi,Tokenised Deposit,Hybrid Network,US,56731.24,Settled,26.9,19.0,4.08,23.15,N/A,10.946097934822246,-0.020690888262898624,False
TXN101021,2026-03-11,BNY Mellon,JPMorgan,Tokenised Bond,Public Blockchain,APAC,14852.08,Settled,13.9,55.9,2.76,4.1,N/A,9.60596253013231,-1.0517780660115434,False
TXN101022,2026-04-22,BNY Mellon,Deutsche Bank,Tokenised Bond,Permissioned Ledger,MEA,27067.42,Settled,13.0,20.7,0.78,2.11,N/A,10.206123013708758,-0.5900204129852236,False
TXN101023,2026-01-04,JPMorgan,BNY Mellon,Tokenised Bond,Permissioned Ledger,UK,169183.13,Settled,6.4,29.9,0.56,9.47,N/A,12.038742927429055,0.8199795676965906,False
TXN101024,2026-04-04,HSBC,BNY Mellon,Tokenised Equity,Hybrid Network,APAC,70030.79,Settled,30.6,33.1,1.4,9.8,N/A,11.156704560796982,0.14134780635818459,False
TXN101025,2026-03-16,HSBC,JPMorgan,Tokenised Equity,Permissioned Ledger,APAC,19864.61,Settled,8.6,33.9,3.74,7.43,N/A,9.89674537505134,-0.8280525664418531,False
TXN101026,2026-07-09,Citi,Standard Chartered,Tokenised Real Estate Fund,Permissioned Ledger,APAC,47465.51,Settled,6.2,30.1,3.41,16.19,N/A,10.767779688724659,-0.15788721668345063,False
TXN101027,2026-03-03,Barclays,Standard Chartered,Tokenised Deposit,Public Blockchain,US,205696.26,Settled,45.7,20.9,4.3,88.45,N/A,12.234160755182861,0.970332148335307,False
TXN101028,2026-04-04,Barclays,Deutsche Bank,Regulated Stablecoin,Permissioned Ledger,EU,64118.43,Settled,3.3,40.1,2.08,13.34,N/A,11.068502717101943,0.07348616359471608,False
TXN101029,2026-04-05,Barclays,Citi,Tokenised Bond,Permissioned Ledger,UK,144130.94,Settled,11.0,31.4,3.53,50.88,N/A,11.878484409057332,0.696678218564403,False
TXN101030,2026-06-01,BNY Mellon,Citi,Regulated Stablecoin,Permissioned Ledger,US,31857.65,Settled,9.2,6.2,2.95,9.4,N/A,10.369064209684927,-0.4646550377327671,False
TXN101031,2026-02-24,UBS,Standard Chartered,Tokenised Deposit,Public Blockchain,MEA,47054.08,Settled,61.2,20.3,1.55,7.29,N/A,10.75907410942958,-0.16458520492748657,False
TXN101032,2026-05-17,Standard Chartered,BNY Mellon,Regulated Stablecoin,Permissioned Ledger,APAC,102973.19,Settled,5.0,42.9,1.86,19.15,N/A,11.542233653286454,0.4379701495362142,False
TXN101033,2026-05-11,Barclays,UBS,Regulated Stablecoin,Permissioned Ledger,MEA,23376.05,Pending,,46.2,1.54,3.6,Pending,10.05951005084618,-0.7028230041042297,False
TXN101034,2026-01-31,BNY Mellon,Citi,Regulated Stablecoin,Permissioned Ledger,EU,59839.17,Settled,8.2,32.1,3.17,18.97,N/A,10.999432453553414,0.02034417297244386,False
TXN101035,2026-02-09,BNY Mellon,UBS,Tokenised Equity,Permissioned Ledger,APAC,122187.24,Settled,8.0,43.0,4.17,50.95,N/A,11.713318085409467,0.5696008516705715,False
TXN101036,2026-02-05,UBS,Standard Chartered,Regulated Stablecoin,Public Blockchain,EU,93342.72,Settled,55.4,36.3,2.23,20.82,N/A,11.444043873005766,0.36242388527137454,False
TXN101037,2026-06-01,Standard Chartered,HSBC,Tokenised Bond,Public Blockchain,UK,260774.49,Settled,40.0,15.2,1.89,49.29,N/A,12.471415124556883,1.1528733581789448,False
TXN101038,2026-01-06,Deutsche Bank,Barclays,Tokenised Equity,Permissioned Ledger,EU,141633.4,Settled,8.1,56.5,0.76,10.76,N/A,11.861004368590242,0.6832292450285431,False
TXN101039,2026-03-07,Barclays,JPMorgan,Tokenised Deposit,Permissioned Ledger,US,228892.29,Settled,11.8,44.5,0.97,22.2,N/A,12.341011191400026,1.0525418372479425,False
TXN101040,2026-03-16,Deutsche Bank,UBS,Tokenised Equity,Public Blockchain,US,112401.54,Settled,45.0,47.0,1.04,11.69,N/A,11.629841814051169,0.5053750184132805,False
TXN101041,2026-01-04,Deutsche Bank,UBS,Tokenised Bond,Permissioned Ledger,UK,295433.08,Settled,6.6,36.1,4.2,124.08,N/A,12.596201011416124,1.2488824087974721,False
TXN101042,2026-03-20,UBS,HSBC,Tokenised Equity,Public Blockchain,MEA,64515.73,Settled,70.8,12.2,3.59,23.16,N/A,11.07467984899569,0.07823878894034526,False
TXN101043,2026-05-14,HSBC,Deutsche Bank,Tokenised Deposit,Permissioned Ledger,EU,326979.91,Settled,5.3,37.4,1.03,33.68,N/A,12.697657068970365,1.3269417151056357,False
TXN101044,2026-04-28,Citi,Deutsche Bank,Regulated Stablecoin,Public Blockchain,EU,6008.7,Settled,51.6,39.0,2.54,1.53,N/A,8.701130109478044,-1.747947351356063,False
TXN101045,2026-04-23,Citi,UBS,Regulated Stablecoin,Permissioned Ledger,UK,36727.25,Settled,5.8,58.3,3.77,13.85,N/A,10.511301492701797,-0.3552190522321587,False
TXN101046,2026-04-04,HSBC,Standard Chartered,Tokenised Deposit,Permissioned Ledger,EU,307716.97,Settled,13.4,41.7,1.72,52.93,N/A,12.636938960644832,1.2802257916754245,False
TXN101047,2026-06-28,Citi,BNY Mellon,Tokenised Bond,Public Blockchain,APAC,43060.78,Settled,94.9,11.9,2.12,9.13,N/A,10.670391107732346,-0.23281704598942424,False
TXN101048,2026-03-03,JPMorgan,HSBC,Tokenised Deposit,Public Blockchain,US,180052.41,Settled,48.6,51.3,1.11,19.99,N/A,12.101008808081238,0.8678863321377157,False
TXN101049,2026-07-04,UBS,Deutsche Bank,Tokenised Deposit,Permissioned Ledger,US,7686.71,Pending,,48.8,2.65,2.04,Pending,8.94737822881484,-1.5584864375526304,False
TXN101050,2026-07-13,JPMorgan,HSBC,Tokenised Equity,Permissioned Ledger,APAC,2294.7,Settled,5.7,30.5,0.52,0.12,N/A,7.738793086881525,-2.488360119498438,False
TXN101051,2026-03-20,Deutsche Bank,JPMorgan,Regulated Stablecoin,Permissioned Ledger,EU,127547.02,Settled,5.9,36.7,0.83,10.59,N/A,11.756248200125283,0.6026308654048906,False
TXN101052,2026-05-16,HSBC,Barclays,Regulated Stablecoin,Permissioned Ledger,EU,21439.23,Settled,10.1,32.6,2.81,6.02,N/A,9.973024342739139,-0.769364268797042,False
TXN101053,2026-01-26,Barclays,HSBC,Tokenised Equity,Hybrid Network,US,281423.94,Settled,21.4,53.6,1.27,35.74,N/A,12.547621048022307,1.2115054563077705,False
TXN101054,2026-06-28,Standard Chartered,Deutsche Bank,Tokenised Real Estate Fund,Permissioned Ledger,EU,69275.15,Settled,7.9,30.2,4.12,28.54,N/A,11.145855970098625,0.13300100593296393,False
TXN101055,2026-06-22,Standard Chartered,JPMorgan,Tokenised Real Estate Fund,Permissioned Ledger,APAC,235139.14,Settled,7.1,22.2,3.82,89.82,N/A,12.367936955811535,1.0732582591398114,False
TXN101056,2026-02-13,HSBC,Standard Chartered,Regulated Stablecoin,Permissioned Ledger,MEA,168069.1,Settled,7.1,32.9,2.81,47.23,N/A,12.032136433260618,0.8148965951826878,False
TXN101057,2026-05-13,Citi,BNY Mellon,Regulated Stablecoin,Permissioned Ledger,UK,43428.45,Pending,,21.9,3.46,15.03,Pending,10.678893061391575,-0.22627572533394003,False
TXN101058,2026-03-11,Citi,JPMorgan,Tokenised Bond,Hybrid Network,APAC,15745.44,Settled,33.5,40.4,1.7,2.68,N/A,9.664369586958722,-1.006840243181854,False
TXN101059,2026-06-03,HSBC,UBS,Tokenised Bond,Public Blockchain,APAC,447232.67,Settled,28.6,41.5,3.71,165.92,N/A,13.010836488686499,1.567898922022185,False
TXN101060,2026-04-28,Deutsche Bank,UBS,Tokenised Deposit,Public Blockchain,APAC,114643.41,Settled,73.2,37.4,4.06,46.55,N/A,11.649590530010599,0.5205694888611976,False
TXN101061,2026-03-09,BNY Mellon,UBS,Regulated Stablecoin,Hybrid Network,UK,507405.49,Settled,21.7,34.4,4.29,217.68,N/A,13.137067716763193,1.665020004150045,False
TXN101062,2026-01-19,Barclays,Deutsche Bank,Regulated Stablecoin,Hybrid Network,US,46321.2,Failed,,32.8,2.37,10.98,Failed,10.743376606801203,-0.17666271114525597,False
TXN101063,2026-01-20,Standard Chartered,BNY Mellon,Tokenised Equity,Public Blockchain,MEA,206793.33,Pending,,34.6,3.31,68.45,Pending,12.239480003445566,0.9744247263388003,False
TXN101064,2026-04-23,Deutsche Bank,JPMorgan,Tokenised Deposit,Hybrid Network,APAC,18610.0,Settled,24.2,34.8,1.26,2.34,N/A,9.831508082743964,-0.8782455061804603,False
TXN101065,2026-05-20,UBS,BNY Mellon,Tokenised Deposit,Permissioned Ledger,APAC,685374.79,Settled,8.4,42.9,1.52,104.18,N/A,13.437722565359342,1.8963409275661187,False
TXN101066,2026-02-16,Citi,Barclays,Tokenised Real Estate Fund,Public Blockchain,US,28930.14,Settled,52.9,35.3,1.74,5.03,N/A,10.272673802655264,-0.5388168816766282,False
TXN101067,2026-01-01,Barclays,HSBC,Tokenised Bond,Public Blockchain,UK,146057.32,Settled,67.4,25.4,3.71,54.19,N/A,11.891761272985535,0.7068933088524259,False
TXN101068,2026-03-31,Deutsche Bank,BNY Mellon,Tokenised Real Estate Fund,Permissioned Ledger,APAC,24043.29,Settled,3.9,32.5,1.59,3.82,N/A,10.087652825307412,-0.6811702264881037,False
TXN101069,2026-05-22,Deutsche Bank,HSBC,Regulated Stablecoin,Permissioned Ledger,EU,32836.15,Settled,7.3,30.0,1.4,4.6,N/A,10.399315775391123,-0.4413797765932433,False
TXN101070,2026-03-05,Barclays,Standard Chartered,Regulated Stablecoin,Permissioned Ledger,APAC,54793.06,Settled,7.5,6.9,1.6,8.77,N/A,10.911337072900452,-0.04743555815940524,False
TXN101071,2026-02-07,JPMorgan,UBS,Tokenised Deposit,Hybrid Network,APAC,174409.63,Settled,28.2,2.0,2.02,35.23,N/A,12.069167740434391,0.8433881236271462,False
TXN101072,2026-02-06,HSBC,Deutsche Bank,Tokenised Bond,Permissioned Ledger,US,861664.3,Settled,5.9,34.8,2.38,205.08,N/A,13.666622191181798,2.072454078782807,False
TXN101073,2026-05-06,Citi,Standard Chartered,Tokenised Deposit,Public Blockchain,MEA,42017.65,Settled,66.7,41.6,1.95,8.19,N/A,10.645868846324586,-0.25168423599011847,False
TXN101074,2026-05-19,Standard Chartered,HSBC,Regulated Stablecoin,Permissioned Ledger,US,1647.76,Settled,12.9,21.3,3.76,0.62,N/A,7.40777876921404,-2.7430393238562445,False
TXN101075,2026-04-10,Barclays,UBS,Tokenised Bond,Hybrid Network,MEA,41249.59,Settled,17.1,43.9,1.98,8.17,N/A,10.627420694690842,-0.2658780648645345,False
TXN101076,2026-03-18,Barclays,BNY Mellon,Regulated Stablecoin,Permissioned Ledger,MEA,14015.06,Settled,1.5,41.0,1.65,2.31,N/A,9.547959093988927,-1.0964053470038257,False
TXN101077,2026-01-03,UBS,HSBC,Tokenised Deposit,Public Blockchain,APAC,119124.15,Settled,76.1,21.3,1.96,23.35,N/A,11.687929900137242,0.5500674282501559,False
TXN101078,2026-06-10,BNY Mellon,Barclays,Tokenised Equity,Permissioned Ledger,APAC,37287.85,Settled,14.1,46.8,3.92,14.62,N/A,10.5264496333302,-0.3435642198070028,False
TXN101079,2026-05-14,Standard Chartered,BNY Mellon,Tokenised Deposit,Public Blockchain,APAC,36473.75,Settled,72.6,19.8,1.21,4.41,N/A,10.504375519357902,-0.3605478289239225,False
TXN101080,2026-06-27,Deutsche Bank,Standard Chartered,Tokenised Equity,Permissioned Ledger,APAC,20729.59,Settled,4.5,42.0,1.82,3.77,N/A,9.939365666192204,-0.7952609279600489,False
TXN101081,2026-01-10,BNY Mellon,Standard Chartered,Tokenised Bond,Permissioned Ledger,MEA,136711.76,Settled,4.4,57.9,2.99,40.88,N/A,11.825637361442897,0.6560182128766023,False
TXN101082,2026-01-05,JPMorgan,Deutsche Bank,Tokenised Deposit,Permissioned Ledger,EU,9426.14,Settled,5.5,26.5,1.8,1.7,N/A,9.151348042245884,-1.4015540421092072,False
TXN101083,2026-05-31,JPMorgan,UBS,Tokenised Deposit,Public Blockchain,EU,29262.29,Settled,35.4,47.4,3.06,8.95,N/A,10.284089108444578,-0.5300340561589604,False
TXN101084,2026-05-18,Citi,Standard Chartered,Regulated Stablecoin,Permissioned Ledger,APAC,36400.48,Settled,6.2,30.2,2.45,8.92,N/A,10.502364712138922,-0.3620949244884146,False
TXN101085,2026-06-21,Citi,BNY Mellon,Tokenised Real Estate Fund,Permissioned Ledger,MEA,204163.64,Settled,7.9,33.8,1.52,31.03,N/A,12.226682006153029,0.9645780713940708,False
TXN101086,2026-05-10,Citi,Standard Chartered,Tokenised Deposit,Hybrid Network,MEA,30698.64,Settled,33.3,44.6,1.64,5.03,N/A,10.33200620712217,-0.4931671053504985,False
TXN101087,2026-01-13,HSBC,JPMorgan,Tokenised Bond,Permissioned Ledger,APAC,51176.83,Settled,13.1,28.3,4.27,21.85,N/A,10.843061709440144,-0.09996596036629171,False
TXN101088,2026-06-17,Standard Chartered,BNY Mellon,Tokenised Deposit,Permissioned Ledger,EU,217777.71,Settled,9.4,30.3,2.35,51.18,N/A,12.291234734473564,1.0142443142431623,False
TXN101089,2026-05-10,Barclays,Deutsche Bank,Tokenised Bond,Public Blockchain,US,64626.46,Settled,112.7,36.7,1.87,12.09,N/A,11.07639467685027,0.07955816085359897,False
TXN101090,2026-03-25,Barclays,JPMorgan,Regulated Stablecoin,Permissioned Ledger,US,11014.01,Pending,,40.7,4.43,4.88,Pending,9.30701416708896,-1.281786036000413,False
TXN101091,2026-03-06,Citi,Standard Chartered,Regulated Stablecoin,Permissioned Ledger,MEA,66368.77,Settled,10.5,32.9,1.6,10.62,N/A,11.102996960712842,0.10002569994967496,False
TXN101092,2026-03-04,Deutsche Bank,BNY Mellon,Tokenised Deposit,Permissioned Ledger,APAC,123927.64,Settled,3.5,28.3,3.05,37.8,N/A,11.727461195061807,0.5804824230140242,False
TXN101093,2026-04-11,Deutsche Bank,JPMorgan,Tokenised Equity,Public Blockchain,MEA,15102.89,Settled,40.5,37.9,1.06,1.6,N/A,9.622707605519778,-1.0388945674769694,False
TXN101094,2026-03-14,HSBC,Deutsche Bank,Tokenised Deposit,Permissioned Ledger,APAC,21351.62,Settled,10.6,27.1,3.33,7.11,N/A,9.968929727755336,-0.7725146258377124,False
TXN101095,2026-01-17,Citi,JPMorgan,Regulated Stablecoin,Permissioned Ledger,MEA,4743.19,Settled,4.7,34.5,3.16,1.5,N/A,8.464675990465777,-1.9298728563357699,False
TXN101096,2026-01-09,Standard Chartered,BNY Mellon,Tokenised Deposit,Permissioned Ledger,APAC,105730.83,Settled,5.7,2.0,4.31,45.57,N/A,11.568661261814752,0.45830329512488205,False
TXN101097,2026-05-23,BNY Mellon,Deutsche Bank,Tokenised Real Estate Fund,Public Blockchain,UK,168027.95,Settled,66.9,25.1,3.59,60.32,N/A,12.031891564968335,0.8147081958944319,False
TXN101098,2026-06-01,Citi,BNY Mellon,Tokenised Equity,Permissioned Ledger,MEA,197962.1,Settled,12.2,41.1,0.77,15.24,N/A,12.195835928672448,0.9408453986635668,False
TXN101099,2026-02-07,Deutsche Bank,Citi,Tokenised Equity,Permissioned Ledger,MEA,28719.82,Settled,8.1,10.4,2.35,6.75,N/A,10.265377574286607,-0.5444305289920569,False
TXN101100,2026-06-12,BNY Mellon,UBS,Tokenised Deposit,Public Blockchain,US,13202.74,Settled,52.9,47.4,1.95,2.57,N/A,9.488255401776486,-1.1423407885189631,False
TXN101101,2026-04-04,Barclays,HSBC,Tokenised Real Estate Fund,Hybrid Network,UK,40544.66,Settled,22.0,48.2,0.52,2.11,N/A,10.610184025455567,-0.2791397909359379,False
TXN101102,2026-04-05,Citi,Deutsche Bank,Tokenised Deposit,Public Blockchain,APAC,119826.94,Settled,89.9,31.3,3.53,42.3,N/A,11.693812159508182,0.5545931815377289,False
TXN101103,2026-02-18,JPMorgan,UBS,Tokenised Bond,Permissioned Ledger,UK,409759.75,Settled,6.2,31.0,1.38,56.55,N/A,12.923328731771388,1.5005713028928391,False
TXN101104,2026-03-10,BNY Mellon,Standard Chartered,Regulated Stablecoin,Permissioned Ledger,MEA,52662.71,Settled,10.5,33.3,1.41,7.43,N/A,10.871681882524621,-0.07794587688138568,False
TXN101105,2026-03-03,Barclays,BNY Mellon,Tokenised Deposit,Permissioned Ledger,UK,522647.35,Settled,4.0,23.1,2.89,151.05,N/A,13.166664145967445,1.6877912096214134,False
TXN101106,2026-07-07,Deutsche Bank,HSBC,Tokenised Bond,Hybrid Network,EU,110747.43,Settled,14.8,51.5,1.52,16.83,N/A,11.615016511734666,0.4939685746529727,False
TXN101107,2026-06-27,UBS,Citi,Tokenised Equity,Public Blockchain,APAC,115220.8,Settled,83.9,32.8,0.71,8.18,N/A,11.654614245452144,0.5244346867794885,False
TXN101108,2026-03-19,Barclays,BNY Mellon,Tokenised Equity,Public Blockchain,UK,17524.56,Settled,55.0,27.2,0.9,1.58,N/A,9.77141566574319,-0.9244800287761519,False
TXN101109,2026-04-27,Deutsche Bank,JPMorgan,Tokenised Bond,Permissioned Ledger,UK,49750.21,Settled,8.6,55.3,3.32,16.52,N/A,10.814790063899013,-0.1217178901409253,False
TXN101110,2026-04-30,Standard Chartered,JPMorgan,Tokenised Deposit,Hybrid Network,APAC,74611.42,Settled,17.5,56.4,1.98,14.77,N/A,11.22006226026993,0.19009460560667107,False
TXN101111,2026-05-17,UBS,Barclays,Tokenised Bond,Permissioned Ledger,UK,174953.73,Pending,,34.2,2.53,44.26,Pending,12.072282533726444,0.8457846153648717,False
TXN101112,2026-06-11,JPMorgan,Deutsche Bank,Tokenised Bond,Hybrid Network,APAC,178994.76,Settled,45.7,27.9,3.53,63.19,N/A,12.095117397391508,0.8633535379142568,False
TXN101113,2026-03-17,Barclays,UBS,Tokenised Bond,Hybrid Network,EU,528573.67,Settled,24.3,32.0,4.44,234.69,N/A,13.177939360972768,1.6964662506491055,False
TXN101114,2026-02-04,Citi,UBS,Tokenised Deposit,Permissioned Ledger,APAC,37310.37,Settled,9.5,38.5,1.85,6.9,N/A,10.527053384919247,-0.34309969919227007,False
TXN101115,2026-01-01,HSBC,UBS,Regulated Stablecoin,Permissioned Ledger,MEA,24156.62,Settled,9.4,31.6,0.73,1.76,N/A,10.092355137262555,-0.6775523132938445,False
TXN101116,2026-02-09,UBS,Deutsche Bank,Tokenised Deposit,Hybrid Network,APAC,102402.64,Settled,13.1,24.9,3.82,39.12,N/A,11.53667753783077,0.4336953282126385,False
TXN101117,2026-03-05,Deutsche Bank,Standard Chartered,Regulated Stablecoin,Permissioned Ledger,MEA,260890.92,Settled,7.0,22.1,1.87,48.79,N/A,12.47186150092505,1.1532167958256603,False
TXN101118,2026-05-30,Barclays,Citi,Tokenised Bond,Public Blockchain,MEA,36489.9,Settled,66.3,39.3,2.46,8.98,N/A,10.504818193417922,-0.3602072397971738,False
TXN101119,2026-03-01,HSBC,BNY Mellon,Tokenised Deposit,Permissioned Ledger,MEA,53202.58,Settled,9.0,44.9,1.86,9.9,N/A,10.88188096629873,-0.07009880078186151,False
TXN101120,2026-03-05,UBS,BNY Mellon,Tokenised Bond,Hybrid Network,UK,1321210.72,Settled,25.5,21.2,1.2,158.55,N/A,14.094059843183011,2.4013204610327468,False
TXN101121,2026-04-03,Citi,Deutsche Bank,Tokenised Bond,Hybrid Network,MEA,6967.76,Settled,29.4,46.0,0.57,0.4,N/A,8.849192582619079,-1.634029521092638,False
TXN101122,2026-03-13,Deutsche Bank,BNY Mellon,Tokenised Deposit,Permissioned Ledger,UK,12476.26,Settled,5.6,41.9,1.3,1.62,N/A,9.431663066536457,-1.185882382167366,False
TXN101123,2026-01-11,Standard Chartered,HSBC,Tokenised Deposit,Permissioned Ledger,MEA,66507.01,Settled,11.2,32.1,4.13,27.47,N/A,11.10507767051811,0.1016265778858297,False
TXN101124,2026-04-15,HSBC,UBS,Tokenised Bond,Public Blockchain,EU,5261.17,Settled,52.9,30.3,0.99,0.52,N/A,8.568298768185938,-1.8501464965544783,False
TXN101125,2026-01-14,Citi,BNY Mellon,Tokenised Equity,Public Blockchain,UK,69777.94,Settled,79.2,55.3,2.76,19.26,N/A,11.153087524026361,0.13856489336104974,False
TXN101126,2026-03-01,Citi,Deutsche Bank,Tokenised Equity,Hybrid Network,MEA,125961.33,Settled,21.2,51.9,1.55,19.52,N/A,11.743738172979729,0.5930057718972293,False
TXN101127,2026-01-30,BNY Mellon,Deutsche Bank,Tokenised Deposit,Permissioned Ledger,MEA,40968.45,Settled,13.3,38.0,1.97,8.07,N/A,10.620581945993889,-0.2711397317592356,False
TXN101128,2026-02-04,Deutsche Bank,JPMorgan,Tokenised Deposit,Hybrid Network,EU,82264.76,Settled,30.7,35.5,1.5,12.34,N/A,11.317710261214836,0.26522403010715645,False
TXN101129,2026-06-14,UBS,HSBC,Tokenised Equity,Public Blockchain,US,62541.41,Settled,44.7,21.8,3.95,24.7,N/A,11.04360016560675,0.054326382090503,False
TXN101130,2026-01-05,BNY Mellon,JPMorgan,Tokenised Bond,Public Blockchain,MEA,11728.42,Settled,40.0,39.3,2.56,3.0,N/A,9.369855494559731,-1.2334365283603195,False
TXN101131,2026-03-24,BNY Mellon,Standard Chartered,Tokenised Deposit,Permissioned Ledger,MEA,93423.04,Settled,6.6,50.4,3.65,34.1,N/A,11.444903978678733,0.36308564223100803,False
TXN101132,2026-05-03,BNY Mellon,Citi,Tokenised Bond,Permissioned Ledger,US,77362.22,Settled,8.6,41.4,1.95,15.09,N/A,11.256266752839016,0.21794999091642434,False
TXN101133,2026-03-19,UBS,Citi,Tokenised Deposit,Hybrid Network,EU,114916.29,Settled,33.8,29.2,0.78,8.96,N/A,11.651967931193177,0.522398638264416,False
TXN101134,2026-06-03,Deutsche Bank,HSBC,Tokenised Equity,Public Blockchain,MEA,41407.22,Settled,24.8,62.3,1.63,6.75,N/A,10.631234690829457,-0.262943613240657,False
TXN101135,2026-03-03,Deutsche Bank,HSBC,Tokenised Deposit,Permissioned Ledger,UK,10903.8,Settled,9.3,45.6,3.57,3.89,N/A,9.296958338256633,-1.289522893137656,False
TXN101136,2026-05-12,BNY Mellon,HSBC,Tokenised Equity,Permissioned Ledger,US,54818.68,Settled,7.2,60.0,1.64,8.99,N/A,10.911804532554077,-0.047075899237417486,False
TXN101137,2026-03-30,JPMorgan,BNY Mellon,Tokenised Deposit,Permissioned Ledger,MEA,87944.12,Settled,9.6,37.6,4.5,39.57,N/A,11.384468262554664,0.31658698862070245,False
TXN101138,2026-02-11,Standard Chartered,UBS,Tokenised Bond,Permissioned Ledger,APAC,248045.32,Settled,4.7,18.6,1.19,29.52,N/A,12.42137078190054,1.1143697264927477,False
TXN101139,2026-03-30,Citi,Standard Chartered,Tokenised Deposit,Public Blockchain,UK,5879.08,Settled,56.6,38.6,3.49,2.05,N/A,8.679325646242296,-1.7647234938125584,False
TXN101140,2026-05-26,HSBC,Deutsche Bank,Tokenised Deposit,Hybrid Network,EU,51228.33,Settled,15.9,26.9,1.64,8.4,N/A,10.844067498573278,-0.09919211596589508,False
TXN101141,2026-02-09,Barclays,HSBC,Tokenised Equity,Hybrid Network,MEA,121458.15,Settled,15.2,35.9,1.88,22.83,N/A,11.707333271238374,0.5649961937147957,False
TXN101142,2026-03-13,JPMorgan,HSBC,Tokenised Deposit,Public Blockchain,APAC,52412.41,Settled,56.4,64.7,2.04,10.69,N/A,10.866917753598747,-0.0816113514531487,False
TXN101143,2026-02-08,Deutsche Bank,Citi,Tokenised Deposit,Public Blockchain,EU,391091.94,Settled,43.3,22.8,0.98,38.33,N/A,12.876700508931478,1.4646960006486145,False
TXN101144,2026-04-14,BNY Mellon,Citi,Tokenised Equity,Permissioned Ledger,EU,82313.55,Settled,11.8,28.7,2.49,20.5,N/A,11.31830316326283,0.2656802031902695,False
TXN101145,2026-01-14,Deutsche Bank,JPMorgan,Tokenised Bond,Public Blockchain,EU,36126.51,Settled,77.3,53.6,3.08,11.13,N/A,10.4948099039699,-0.3679075205933819,False
TXN101146,2026-02-01,UBS,Standard Chartered,Regulated Stablecoin,Permissioned Ledger,US,6788.49,Settled,10.4,54.5,2.83,1.92,N/A,8.823131107275257,-1.654080967361565,False
TXN101147,2026-06-28,BNY Mellon,Deutsche Bank,Tokenised Real Estate Fund,Hybrid Network,EU,34341.34,Settled,18.3,40.0,2.76,9.48,N/A,10.444134274238227,-0.40689685843029644,False
TXN101148,2026-05-05,BNY Mellon,JPMorgan,Tokenised Deposit,Permissioned Ledger,US,41466.52,Settled,6.7,27.1,2.68,11.11,N/A,10.6326657491855,-0.26184257082631374,False
TXN101149,2026-06-15,JPMorgan,BNY Mellon,Tokenised Equity,Public Blockchain,MEA,36272.65,Settled,79.9,47.2,3.17,11.5,N/A,10.498846861346566,-0.3648015247562215,False
TXN101150,2026-04-07,UBS,JPMorgan,Tokenised Equity,Hybrid Network,APAC,35028.7,Settled,10.4,41.4,3.43,12.01,N/A,10.463951552066936,-0.39164963714537554,False
TXN101151,2026-01-23,Barclays,Citi,Regulated Stablecoin,Permissioned Ledger,US,196398.05,Settled,7.1,24.0,1.21,23.76,N/A,12.187903837823594,0.9347425249253097,False
TXN101152,2026-03-04,UBS,Citi,Tokenised Bond,Permissioned Ledger,MEA,93163.96,Failed,,30.2,2.56,23.85,Failed,11.442126964315637,0.360949034323933,False
TXN101153,2026-05-23,UBS,Barclays,Regulated Stablecoin,Permissioned Ledger,APAC,26278.94,Settled,7.6,25.7,2.85,7.49,N/A,10.176561189490918,-0.6127649937158001,False
TXN101154,2026-06-02,JPMorgan,UBS,Tokenised Real Estate Fund,Permissioned Ledger,MEA,116118.63,Settled,7.4,52.7,3.59,41.69,N/A,11.662376231774552,0.530406683745531,False
TXN101155,2026-05-25,Citi,Deutsche Bank,Tokenised Real Estate Fund,Public Blockchain,EU,45437.02,Settled,80.6,40.8,1.54,7.0,N/A,10.724104478502,-0.19149049967147047,False
TXN101156,2026-07-13,Deutsche Bank,Barclays,Tokenised Deposit,Public Blockchain,UK,28484.47,Settled,79.3,40.6,0.98,2.79,N/A,10.257149411690609,-0.5507611974599401,False
TXN101157,2026-02-22,HSBC,Barclays,Tokenised Bond,Permissioned Ledger,UK,446580.9,Settled,8.1,34.0,3.02,134.87,N/A,13.009378089129815,1.566776843553346,False
TXN101158,2026-04-14,HSBC,UBS,Tokenised Real Estate Fund,Permissioned Ledger,MEA,24728.73,Settled,6.7,40.4,0.52,1.29,N/A,10.115761442542395,-0.6595437291104445,False
TXN101159,2026-04-14,Deutsche Bank,UBS,Tokenised Bond,Permissioned Ledger,UK,24433.79,Settled,5.6,23.7,2.74,6.69,N/A,10.103763215437736,-0.6687750486323641,False
TXN101160,2026-06-28,UBS,Standard Chartered,Tokenised Bond,Public Blockchain,US,3818.74,Settled,59.8,31.5,4.08,1.56,N/A,8.247937636457017,-2.096629243013341,False
TXN101161,2026-02-08,BNY Mellon,HSBC,Regulated Stablecoin,Permissioned Ledger,US,47506.71,Pending,,57.0,3.31,15.72,Pending,10.768647292640424,-0.15721969064855965,False
TXN101162,2026-06-28,BNY Mellon,Citi,Tokenised Equity,Public Blockchain,MEA,244900.12,Settled,54.8,43.2,2.96,72.49,N/A,12.408609816225024,1.104551563314856,False
TXN101163,2026-07-17,Barclays,Standard Chartered,Tokenised Deposit,Permissioned Ledger,MEA,93991.6,Failed,,30.3,3.79,35.62,Failed,11.450971334749037,0.36775380712317657,False
TXN101164,2026-05-14,JPMorgan,Citi,Tokenised Deposit,Permissioned Ledger,APAC,38093.45,Settled,13.0,46.3,2.87,10.93,N/A,10.547823881212652,-0.3271190808691829,False
TXN101165,2026-03-08,UBS,BNY Mellon,Tokenised Bond,Public Blockchain,MEA,34510.18,Settled,70.6,29.1,2.16,7.45,N/A,10.449038608495021,-0.403123511237261,False
TXN101166,2026-05-15,Barclays,JPMorgan,Tokenised Deposit,Permissioned Ledger,APAC,123785.3,Settled,6.8,21.3,2.7,33.42,N/A,11.726311970750459,0.5795982209791842,False
TXN101167,2026-06-28,Standard Chartered,Deutsche Bank,Regulated Stablecoin,Hybrid Network,MEA,18758.36,Settled,20.5,47.0,0.85,1.59,N/A,9.839448106839688,-0.8721365286790334,False
TXN101168,2026-07-19,HSBC,Barclays,Regulated Stablecoin,Permissioned Ledger,APAC,32734.55,Pending,,38.6,2.31,7.56,Pending,10.39621692232256,-0.4437640040776754,False
TXN101169,2026-02-11,Standard Chartered,Deutsche Bank,Tokenised Equity,Permissioned Ledger,UK,9996.1,Settled,10.4,22.5,3.99,3.99,N/A,9.210050329918051,-1.3563890715312619,False
TXN101170,2026-07-11,Deutsche Bank,JPMorgan,Tokenised Bond,Hybrid Network,UK,175411.55,Settled,24.0,14.9,1.07,18.77,N/A,12.07489590710175,0.8477953194836627,False
TXN101171,2026-01-15,BNY Mellon,Barclays,Tokenised Deposit,Public Blockchain,MEA,43197.89,Settled,54.1,35.4,0.64,2.76,N/A,10.67357007945765,-0.23037117598784496,False
TXN101172,2026-04-21,Barclays,HSBC,Regulated Stablecoin,Hybrid Network,EU,36456.67,Settled,32.4,33.9,3.12,11.37,N/A,10.503907140540573,-0.3609081950415455,False
TXN101173,2026-06-06,JPMorgan,HSBC,Tokenised Deposit,Permissioned Ledger,EU,102800.3,Settled,7.6,44.9,3.98,40.91,N/A,11.54055327783764,0.4366772849696846,False
TXN101174,2026-02-02,BNY Mellon,UBS,Tokenised Bond,Hybrid Network,US,29966.66,Settled,31.2,31.5,1.32,3.96,N/A,10.307874079184378,-0.511734130444656,False
TXN101175,2026-06-04,Deutsche Bank,JPMorgan,Tokenised Deposit,Hybrid Network,EU,128901.93,Settled,39.3,13.7,3.92,50.53,N/A,11.766814919468008,0.6107607967439355,False
TXN101176,2026-06-13,Deutsche Bank,HSBC,Tokenised Real Estate Fund,Permissioned Ledger,US,54431.42,Settled,7.2,23.2,4.33,23.57,N/A,10.904715211215203,-0.052530354291639686,False
TXN101177,2026-06-06,UBS,Standard Chartered,Tokenised Deposit,Hybrid Network,MEA,178962.14,Settled,9.3,39.1,3.9,69.8,N/A,12.09493514183038,0.8632133122538532,False
TXN101178,2026-02-07,JPMorgan,HSBC,Regulated Stablecoin,Permissioned Ledger,EU,387622.36,Settled,7.4,36.8,3.42,132.57,N/A,12.86778942550054,1.4578398995163453,False
TXN101179,2026-07-04,HSBC,Citi,Tokenised Real Estate Fund,Public Blockchain,EU,40692.5,Settled,41.5,21.5,3.1,12.61,N/A,10.613823653516754,-0.27633949641903266,False
TXN101180,2026-04-07,Deutsche Bank,Citi,Tokenised Equity,Public Blockchain,US,9751.67,Settled,67.3,31.7,1.26,1.23,N/A,9.185296372656724,-1.3754345260736685,False
TXN101181,2026-06-04,BNY Mellon,Citi,Tokenised Deposit,Public Blockchain,US,41630.55,Pending,,45.9,2.36,9.82,Pending,10.636613572260732,-0.2588051540558547,False
TXN101182,2026-07-02,HSBC,Barclays,Tokenised Bond,Permissioned Ledger,US,78333.71,Settled,9.2,27.6,3.18,24.91,N/A,11.268746078771843,0.22755146320889058,False
TXN101183,2026-02-02,Citi,Standard Chartered,Tokenised Deposit,Public Blockchain,UK,746311.5,Settled,77.4,18.7,2.76,205.98,N/A,13.52289969227574,1.9618753825873156,False
TXN101184,2026-07-15,BNY Mellon,Deutsche Bank,Regulated Stablecoin,Public Blockchain,UK,23709.89,Settled,82.2,43.5,1.88,4.46,N/A,10.073689715259219,-0.6919133078825664,False
TXN101185,2026-03-27,UBS,JPMorgan,Tokenised Deposit,Hybrid Network,EU,102457.6,Settled,9.7,28.8,4.42,45.29,N/A,11.537214093531015,0.4341081489624931,False
TXN101186,2026-03-07,Standard Chartered,Deutsche Bank,Tokenised Equity,Permissioned Ledger,APAC,45842.84,Settled,11.5,43.2,1.45,6.65,N/A,10.732996117513649,-0.1846493588867434,False
TXN101187,2026-01-10,Standard Chartered,BNY Mellon,Tokenised Deposit,Public Blockchain,EU,89824.56,Settled,45.7,50.8,2.32,20.84,N/A,11.405624846306845,0.3328646588885703,False
TXN101188,2026-01-05,Citi,Barclays,Regulated Stablecoin,Hybrid Network,EU,34215.84,Settled,45.1,18.3,1.6,5.47,N/A,10.440473199523566,-0.4097136537942988,False
TXN101189,2026-05-03,Standard Chartered,Citi,Tokenised Deposit,Permissioned Ledger,US,155458.74,Settled,5.5,38.9,2.85,44.31,N/A,11.954142070326874,0.7548884890792126,False
TXN101190,2026-03-15,JPMorgan,Deutsche Bank,Tokenised Bond,Public Blockchain,MEA,46189.78,Settled,61.3,30.7,2.45,11.32,N/A,10.7405354900541,-0.1788486388046348,False
TXN101191,2026-04-07,HSBC,UBS,Tokenised Deposit,Public Blockchain,US,7833.85,Settled,64.5,11.7,3.63,2.84,N/A,8.966337009744061,-1.5438997354526374,False
TXN101192,2026-04-28,Citi,JPMorgan,Tokenised Equity,Public Blockchain,EU,8165.08,Settled,65.4,49.8,3.94,3.22,N/A,9.007744268549633,-1.5120413922802,False
TXN101193,2026-02-07,Barclays,HSBC,Tokenised Equity,Public Blockchain,EU,7733.8,Settled,56.8,36.8,2.92,2.26,N/A,8.953484906176437,-1.5537880192404543,False
TXN101194,2026-05-21,Standard Chartered,JPMorgan,Tokenised Bond,Permissioned Ledger,APAC,1458130.03,Settled,9.3,51.2,4.2,612.41,N/A,14.192666057197203,2.4771871253717093,False
TXN101195,2026-06-08,Deutsche Bank,Standard Chartered,Regulated Stablecoin,Hybrid Network,UK,43481.36,Settled,10.7,42.0,4.27,18.57,N/A,10.680110617591044,-0.2253389494073675,False
TXN101196,2026-02-16,BNY Mellon,HSBC,Regulated Stablecoin,Permissioned Ledger,MEA,224136.39,Settled,4.5,48.3,1.02,22.86,N/A,12.320014491030324,1.03638717970329,False
TXN101197,2026-04-19,BNY Mellon,Deutsche Bank,Tokenised Equity,Permissioned Ledger,MEA,25790.62,Pending,,39.8,3.37,8.69,Pending,10.1578049119472,-0.6271958916757703,False
TXN101198,2026-06-29,Barclays,HSBC,Tokenised Deposit,Public Blockchain,US,19493.83,Failed,,60.1,0.91,1.77,Failed,9.877904581194015,-0.8425484904334952,False
TXN101199,2026-07-03,Citi,Deutsche Bank,Tokenised Deposit,Permissioned Ledger,UK,52759.31,Settled,7.1,27.5,2.02,10.66,N/A,10.87351448247737,-0.07653589225848145,False
TXN101200,2026-01-15,UBS,Barclays,Tokenised Bond,Permissioned Ledger,UK,12041.6,Settled,6.0,29.7,0.77,0.93,N/A,9.396205642393502,-1.2131629802784611,False
TXN101201,2026-06-06,JPMorgan,UBS,Tokenised Deposit,Public Blockchain,MEA,17086.09,Settled,56.8,33.4,4.38,7.48,N/A,9.746078486596572,-0.9439742085784104,False
TXN101202,2026-05-16,BNY Mellon,JPMorgan,Regulated Stablecoin,Public Blockchain,MEA,103398.85,Settled,86.1,43.3,2.63,27.19,N/A,11.54635879037843,0.4411439899907741,False
TXN101203,2026-01-05,Standard Chartered,Citi,Tokenised Equity,Hybrid Network,MEA,5461.64,Settled,41.2,30.9,2.29,1.25,N/A,8.605687468366039,-1.8213799933985455,False
TXN101204,2026-06-06,BNY Mellon,Citi,Tokenised Deposit,Permissioned Ledger,EU,12303.48,Settled,8.8,37.1,2.97,3.65,N/A,9.417718702688,-1.1966110404176367,False
TXN101205,2026-02-16,JPMorgan,Citi,Tokenised Real Estate Fund,Public Blockchain,EU,68872.83,Failed,,19.4,1.67,11.5,Failed,11.140031559015105,0.1285197605564613,False
TXN101206,2026-03-09,BNY Mellon,HSBC,Tokenised Equity,Public Blockchain,UK,185785.08,Settled,54.6,56.5,4.06,75.43,N/A,12.132351183287257,0.8920008515228601,False
TXN101207,2026-03-17,UBS,JPMorgan,Tokenised Deposit,Hybrid Network,UK,10902.56,Settled,30.7,35.0,1.32,1.44,N/A,9.296844620397854,-1.289610386554857,False
TXN101208,2026-06-22,HSBC,UBS,Tokenised Deposit,Permissioned Ledger,US,20944.94,Settled,2.6,37.5,3.93,8.23,N/A,9.94970011182025,-0.7873097057634493,False
TXN101209,2026-05-10,HSBC,UBS,Tokenised Bond,Permissioned Ledger,MEA,68572.81,Settled,7.8,41.4,4.38,30.03,N/A,11.135665962392384,0.1251609128719978,False
TXN101210,2026-06-04,Citi,UBS,Tokenised Deposit,Public Blockchain,APAC,552871.72,Settled,73.3,31.0,0.91,50.31,N/A,13.222883091264318,1.7310455206703554,False
TXN101211,2026-04-05,Deutsche Bank,Standard Chartered,Tokenised Deposit,Permissioned Ledger,UK,71981.32,Settled,12.4,36.0,1.1,7.92,N/A,11.184175812288935,0.16248392071717688,False
TXN101212,2026-04-25,UBS,Standard Chartered,Regulated Stablecoin,Permissioned Ledger,US,20201.2,Pending,,39.1,4.32,8.73,Pending,9.913546788350025,-0.815125722065006,False
TXN101213,2026-06-13,UBS,Citi,Tokenised Bond,Permissioned Ledger,EU,8415.53,Settled,12.6,33.6,1.85,1.56,N/A,9.037952908279802,-1.4887991579701436,False
TXN101214,2026-02-05,JPMorgan,BNY Mellon,Regulated Stablecoin,Permissioned Ledger,APAC,33024.67,Settled,11.1,45.3,0.7,2.31,N/A,10.405040416845598,-0.43697529300131666,False
TXN101215,2026-01-26,Deutsche Bank,BNY Mellon,Tokenised Bond,Permissioned Ledger,UK,31432.02,Settled,9.2,45.3,3.0,9.43,N/A,10.355614211717118,-0.47500333567103564,False
TXN101216,2026-02-12,Citi,Barclays,Tokenised Deposit,Public Blockchain,UK,1184.48,Settled,45.6,43.8,2.31,0.27,N/A,7.0779030348443825,-2.9968425132717704,False
TXN101217,2026-01-27,JPMorgan,Barclays,Tokenised Real Estate Fund,Permissioned Ledger,EU,22498.93,Pending,,29.3,1.01,2.27,Pending,10.021267477076561,-0.7322464693152572,False
TXN101218,2026-03-10,UBS,BNY Mellon,Tokenised Bond,Public Blockchain,UK,84844.07,Settled,26.4,62.2,1.72,14.59,N/A,11.34858216644047,0.288976574454112,False
TXN101219,2026-05-28,HSBC,JPMorgan,Tokenised Bond,Permissioned Ledger,US,118026.68,Settled,7.2,40.3,4.39,51.81,N/A,11.678674452210277,0.5429463764158292,False
TXN101220,2026-01-11,Citi,Standard Chartered,Tokenised Deposit,Permissioned Ledger,US,216141.6,Settled,11.3,58.0,4.24,91.64,N/A,12.283693654025113,1.0084422801132096,False
TXN101221,2026-03-15,Deutsche Bank,Barclays,Regulated Stablecoin,Permissioned Ledger,UK,103937.33,Settled,10.6,69.5,3.94,40.95,N/A,11.55155302147165,0.4451403809970398,False
TXN101222,2026-04-14,UBS,Citi,Regulated Stablecoin,Permissioned Ledger,MEA,7589.01,Settled,9.2,35.7,1.83,1.39,N/A,8.934588187911864,-1.5683269709284278,False
TXN101223,2026-02-07,Deutsche Bank,Barclays,Tokenised Deposit,Permissioned Ledger,EU,132736.36,Settled,4.4,36.5,2.97,39.42,N/A,11.796127717998294,0.6333137795266718,False
TXN101224,2026-05-14,Deutsche Bank,Standard Chartered,Tokenised Deposit,Public Blockchain,APAC,13487.65,Settled,12.8,34.1,2.77,3.74,N/A,9.509603870065067,-1.1259154841505419,False
TXN101225,2026-07-19,Barclays,UBS,Tokenised Equity,Public Blockchain,APAC,396441.67,Settled,10.3,23.5,1.66,65.81,N/A,12.89028671943894,1.4751490991932943,False
TXN101226,2026-01-23,HSBC,BNY Mellon,Tokenised Deposit,Public Blockchain,US,21857.69,Settled,46.0,37.9,2.92,6.38,N/A,9.992353833127893,-0.7544923464356806,False
TXN101227,2026-02-16,Standard Chartered,UBS,Regulated Stablecoin,Public Blockchain,MEA,14297.12,Settled,70.0,59.3,2.1,3.0,N/A,9.567883339073786,-1.0810758261498696,False
TXN101228,2026-03-31,Barclays,BNY Mellon,Tokenised Bond,Permissioned Ledger,EU,51184.85,Settled,7.9,30.8,2.78,14.23,N/A,10.84321840564365,-0.09984539982765396,False
TXN101229,2026-02-15,Deutsche Bank,Citi,Tokenised Bond,Hybrid Network,MEA,56928.9,Settled,19.3,43.1,1.84,10.47,N/A,10.949575965400461,-0.018014925281497614,False
TXN101230,2026-04-17,BNY Mellon,Citi,Tokenised Deposit,Permissioned Ledger,EU,260752.53,Settled,9.3,57.8,1.74,45.37,N/A,12.471330910642907,1.1528085648106146,False
TXN101231,2026-05-20,Barclays,UBS,Tokenised Deposit,Public Blockchain,EU,68050.91,Settled,51.9,45.9,4.46,30.35,N/A,11.12802607528308,0.11928285785585298,False
TXN101232,2026-05-21,BNY Mellon,Standard Chartered,Tokenised Deposit,Public Blockchain,US,90621.87,Settled,59.6,58.8,0.72,6.52,N/A,11.41446188843249,0.33966379335893027,False
TXN101233,2026-04-14,Barclays,Citi,Tokenised Equity,Public Blockchain,MEA,10207.87,Settled,45.3,22.2,4.32,4.41,N/A,9.23101222922566,-1.3402611895861274,False
TXN101234,2026-07-09,UBS,BNY Mellon,Tokenised Deposit,Public Blockchain,MEA,74358.19,Settled,32.4,39.8,2.97,22.08,N/A,11.216662548822852,0.1874789006048773,False
TXN101235,2026-04-21,JPMorgan,Barclays,Regulated Stablecoin,Permissioned Ledger,EU,159358.7,Settled,12.8,47.4,3.07,48.92,N/A,11.978919190286533,0.7739517647769804,False
TXN101236,2026-04-14,Standard Chartered,HSBC,Tokenised Equity,Permissioned Ledger,UK,210965.56,Settled,3.7,52.7,1.68,35.44,N/A,12.259454916486058,0.9897932306262168,False
TXN101237,2026-03-01,JPMorgan,BNY Mellon,Tokenised Equity,Permissioned Ledger,MEA,100223.25,Settled,10.0,49.4,4.1,41.09,N/A,11.515165454319826,0.417144139879603,False
TXN101238,2026-06-20,Barclays,Deutsche Bank,Tokenised Deposit,Hybrid Network,UK,4617.91,Settled,24.4,21.0,1.98,0.91,N/A,8.437914025503819,-1.9504632525204133,False
TXN101239,2026-04-10,Deutsche Bank,Barclays,Tokenised Deposit,Public Blockchain,EU,60957.82,Settled,73.8,42.6,1.37,8.35,N/A,11.017953833217799,0.03459434278314323,False
TXN101240,2026-03-09,BNY Mellon,UBS,Tokenised Deposit,Permissioned Ledger,US,135513.84,Pending,,20.7,2.2,29.81,Pending,11.816836433600185,0.6492468643851335,False
TXN101241,2026-05-13,HSBC,Standard Chartered,Tokenised Deposit,Permissioned Ledger,APAC,465367.24,Settled,15.4,23.4,2.04,94.93,N/A,13.050584285149558,1.5984804909691719,False
TXN101242,2026-04-30,HSBC,Standard Chartered,Tokenised Deposit,Permissioned Ledger,US,39575.82,Settled,9.6,41.7,3.1,12.27,N/A,10.585998872320953,-0.29774761310205483,False
TXN101243,2026-02-06,Standard Chartered,HSBC,Tokenised Deposit,Permissioned Ledger,UK,42986.03,Settled,10.7,59.5,3.39,14.57,N/A,10.668653721269877,-0.2341537742767131,False
TXN101244,2026-03-13,Standard Chartered,UBS,Tokenised Bond,Permissioned Ledger,UK,22874.99,Settled,8.5,24.2,2.75,6.29,N/A,10.037843167895751,-0.7194932936240689,False
TXN101245,2026-05-07,Standard Chartered,UBS,Tokenised Deposit,Permissioned Ledger,MEA,12956.84,Settled,10.5,43.2,2.15,2.79,N/A,9.469456289349166,-1.1568046432227719,False
TXN101246,2026-04-16,JPMorgan,Citi,Regulated Stablecoin,Permissioned Ledger,EU,165035.08,Settled,4.7,34.0,3.92,64.69,N/A,12.013919395645313,0.8008805831916822,False
TXN101247,2026-04-02,HSBC,Citi,Regulated Stablecoin,Permissioned Ledger,MEA,41810.33,Settled,5.1,26.8,3.44,14.38,N/A,10.640922634416299,-0.2554898034418956,False
TXN101248,2026-01-31,Citi,Barclays,Tokenised Deposit,Public Blockchain,APAC,138406.83,Settled,67.5,51.9,4.23,58.55,N/A,11.837959895709902,0.6654990511826516,False
TXN101249,2026-05-02,HSBC,BNY Mellon,Tokenised Deposit,Hybrid Network,MEA,2549.66,Settled,26.7,25.8,0.71,0.18,N/A,7.844107428192852,-2.4073322871024443,False
TXN101250,2026-05-17,Standard Chartered,BNY Mellon,Tokenised Deposit,Public Blockchain,MEA,33833.67,Settled,53.5,47.7,1.51,5.11,N/A,10.429241295404635,-0.41835537184622335,False
TXN101251,2026-02-20,HSBC,Citi,Tokenised Bond,Hybrid Network,US,49279.89,Settled,17.9,57.5,2.87,14.14,N/A,10.805291658109255,-0.1290258713975946,False
TXN101252,2026-01-29,UBS,Standard Chartered,Regulated Stablecoin,Public Blockchain,UK,38852.68,Settled,49.8,32.3,1.64,6.37,N/A,10.567558074604548,-0.31193578394382204,False
TXN101253,2026-02-09,Barclays,Standard Chartered,Regulated Stablecoin,Permissioned Ledger,EU,15933.21,Settled,5.9,41.2,4.01,6.39,N/A,9.676223649218345,-0.9977198426929503,False
TXN101254,2026-02-10,Barclays,HSBC,Tokenised Deposit,Public Blockchain,US,6744.32,Settled,42.9,25.3,0.87,0.59,N/A,8.816604210066531,-1.6591026987469528,False
TXN101255,2026-01-11,Deutsche Bank,Citi,Tokenised Real Estate Fund,Public Blockchain,MEA,783272.42,Settled,54.8,37.5,2.74,214.62,N/A,13.571237109420714,1.9990657223464552,False
TXN101256,2026-05-31,Standard Chartered,BNY Mellon,Tokenised Deposit,Hybrid Network,UK,84155.27,Settled,37.3,23.8,1.81,15.23,N/A,11.340430706647156,0.28270492037840717,False
TXN101257,2026-01-01,Standard Chartered,Deutsche Bank,Regulated Stablecoin,Permissioned Ledger,US,24195.72,Pending,,41.8,4.3,10.4,Pending,10.0939723657687,-0.6763080333723229,False
TXN101258,2026-02-15,UBS,JPMorgan,Tokenised Deposit,Permissioned Ledger,MEA,153896.52,Settled,1.6,25.0,1.79,27.55,N/A,11.944042205337158,0.747117750949734,False
TXN101259,2026-04-11,Deutsche Bank,HSBC,Tokenised Deposit,Permissioned Ledger,UK,62818.58,Settled,11.0,41.5,1.99,12.5,N/A,11.048022087301424,0.05772856573883582,False
TXN101260,2026-05-29,HSBC,Deutsche Bank,Tokenised Equity,Permissioned Ledger,UK,12060.26,Settled,13.6,52.5,2.68,3.23,N/A,9.397753942435711,-1.2119717332483155,False
TXN101261,2026-03-31,UBS,Citi,Regulated Stablecoin,Hybrid Network,UK,129845.0,Settled,28.3,50.7,2.95,38.3,N/A,11.774104411841678,0.6163692614501772,False
TXN101262,2026-04-20,JPMorgan,Barclays,Tokenised Equity,Permissioned Ledger,MEA,51650.03,Settled,12.8,44.1,1.04,5.37,N/A,10.852265416265695,-0.09288471763337673,False
TXN101263,2026-06-13,Standard Chartered,BNY Mellon,Tokenised Deposit,Public Blockchain,UK,89019.53,Settled,59.4,40.0,1.94,17.27,N/A,11.396622296270387,0.32593818423746596,False
TXN101264,2026-07-01,Barclays,JPMorgan,Tokenised Deposit,Permissioned Ledger,MEA,9670.01,Settled,7.9,25.9,2.03,1.96,N/A,9.176888029735661,-1.3819038235354633,False
TXN101265,2026-02-26,UBS,Barclays,Tokenised Bond,Permissioned Ledger,UK,202738.02,Settled,7.2,37.5,3.77,76.43,N/A,12.219674815147457,0.9591868066214245,False
TXN101266,2026-01-01,JPMorgan,BNY Mellon,Tokenised Equity,Permissioned Ledger,US,7594.05,Settled,10.2,16.4,0.72,0.55,N/A,8.935251998286676,-1.567816241666646,False
TXN101267,2026-03-04,Barclays,UBS,Tokenised Deposit,Permissioned Ledger,MEA,158493.29,Failed,,30.0,2.16,34.23,Failed,11.973473846413954,0.7697621700346888,False
TXN101268,2026-07-01,Barclays,JPMorgan,Regulated Stablecoin,Permissioned Ledger,APAC,98421.35,Settled,6.6,25.8,4.29,42.22,N/A,11.497023191395632,0.4031856588104392,False
TXN101269,2026-02-24,Barclays,UBS,Tokenised Deposit,Public Blockchain,APAC,79129.89,Settled,73.5,23.7,4.34,34.34,N/A,11.278858595854533,0.23533193573594768,False
TXN101270,2026-04-25,Deutsche Bank,JPMorgan,Tokenised Bond,Public Blockchain,UK,13093.75,Settled,57.0,15.2,4.27,5.59,N/A,9.479966665503367,-1.1487180617863093,False
TXN101271,2026-06-17,UBS,Standard Chartered,Tokenised Equity,Permissioned Ledger,UK,35912.43,Settled,5.6,40.4,1.89,6.79,N/A,10.488866599227912,-0.3724802415971485,False
TXN101272,2026-05-23,Barclays,JPMorgan,Tokenised Deposit,Public Blockchain,US,204533.25,Settled,68.3,30.3,3.91,79.97,N/A,12.228490722104098,0.9659696798978166,False
TXN101273,2026-05-29,BNY Mellon,JPMorgan,Tokenised Bond,Public Blockchain,MEA,96728.65,Settled,84.8,47.6,4.03,38.98,N/A,11.479675252851013,0.38983832321201395,False
TXN101274,2026-06-24,Citi,BNY Mellon,Tokenised Bond,Permissioned Ledger,APAC,187755.92,Settled,8.3,18.3,1.68,31.54,N/A,12.142903426470461,0.9001196450452239,False
TXN101275,2026-02-22,Citi,JPMorgan,Tokenised Bond,Hybrid Network,APAC,201203.54,Pending,,32.5,0.82,16.5,Pending,12.21207728156547,0.9533413379982646,False
TXN101276,2026-05-17,BNY Mellon,JPMorgan,Tokenised Equity,Permissioned Ledger,UK,11445.14,Settled,8.2,35.4,0.93,1.06,N/A,9.34540783424144,-1.2522463210065906,False
TXN101277,2026-06-29,UBS,Deutsche Bank,Tokenised Bond,Hybrid Network,APAC,77998.05,Settled,21.7,42.8,0.66,5.15,N/A,11.264451926110379,0.2242475838150357,False
TXN101278,2026-02-26,BNY Mellon,HSBC,Tokenised Equity,Hybrid Network,MEA,98782.77,Settled,38.7,21.4,2.8,27.66,N/A,11.500688598986898,0.40600578784766195,False
TXN101279,2026-04-27,Barclays,BNY Mellon,Tokenised Deposit,Permissioned Ledger,UK,279350.66,Settled,1.0,36.0,2.95,82.41,N/A,12.540226697235846,1.2058163145561134,False
TXN101280,2026-06-03,HSBC,Citi,Tokenised Deposit,Public Blockchain,MEA,142952.81,Settled,57.8,13.0,2.26,32.31,N/A,11.870276850071042,0.6903634023139228,False
TXN101281,2026-06-18,Standard Chartered,BNY Mellon,Tokenised Bond,Public Blockchain,UK,17076.2,Settled,62.8,52.0,1.85,3.16,N/A,9.745499519477615,-0.9444196602623259,False
TXN101282,2026-02-04,Deutsche Bank,Barclays,Regulated Stablecoin,Public Blockchain,US,63994.25,Settled,45.2,39.5,3.69,23.61,N/A,11.06656414083746,0.07199464182579596,False
TXN101283,2026-03-04,Citi,Deutsche Bank,Regulated Stablecoin,Permissioned Ledger,APAC,125939.19,Settled,3.5,37.8,4.04,50.88,N/A,11.74356239069651,0.5928705267140431,False
TXN101284,2026-01-25,Standard Chartered,Deutsche Bank,Tokenised Deposit,Permissioned Ledger,MEA,15929.37,Settled,7.5,40.3,2.78,4.43,N/A,9.675982629250807,-0.9979052811174856,False
TXN101285,2026-03-31,Citi,Deutsche Bank,Tokenised Bond,Permissioned Ledger,MEA,27339.56,Settled,6.6,42.2,0.74,2.02,N/A,10.216126592877242,-0.5823237562323913,False
TXN101286,2026-03-16,Standard Chartered,UBS,Tokenised Deposit,Permissioned Ledger,US,91871.55,Pending,,26.7,3.03,27.84,Pending,11.428157569492909,0.3502011174849205,False
TXN101287,2026-02-07,HSBC,Deutsche Bank,Tokenised Deposit,Permissioned Ledger,EU,114963.26,Settled,7.7,27.4,3.9,44.84,N/A,11.652376576433769,0.5227130459476603,False
TXN101288,2026-05-10,Standard Chartered,JPMorgan,Tokenised Deposit,Permissioned Ledger,EU,33981.65,Settled,7.9,36.5,0.8,2.72,N/A,10.433605379236297,-0.41499768808852255,False
TXN101289,2026-05-15,Deutsche Bank,JPMorgan,Tokenised Deposit,Permissioned Ledger,EU,191646.74,Settled,16.0,28.1,2.96,56.73,N/A,12.163414278409403,0.9159004955211782,False
TXN101290,2026-06-11,UBS,HSBC,Tokenised Equity,Hybrid Network,EU,71957.48,Settled,26.7,25.8,3.89,27.99,N/A,11.183844564995354,0.16222906226341213,False
TXN101291,2026-04-01,HSBC,Standard Chartered,Tokenised Bond,Permissioned Ledger,UK,149385.53,Settled,8.4,50.3,2.16,32.27,N/A,11.91429238697357,0.724228529347425,False
TXN101292,2026-01-17,Deutsche Bank,Barclays,Tokenised Real Estate Fund,Public Blockchain,EU,835602.2,Settled,78.5,31.2,1.52,127.01,N/A,13.635909138240748,2.048823753842352,False
TXN101293,2026-05-08,Standard Chartered,UBS,Tokenised Equity,Permissioned Ledger,EU,8144.08,Settled,2.3,33.2,1.79,1.46,N/A,9.005169342964583,-1.5140225150422062,False
TXN101294,2026-06-20,HSBC,UBS,Tokenised Deposit,Public Blockchain,MEA,245837.04,Settled,68.9,58.9,4.31,105.96,N/A,12.412428224107437,1.1074894092916074,False
TXN101295,2026-07-06,UBS,HSBC,Tokenised Equity,Permissioned Ledger,UK,16804.91,Settled,9.0,36.5,2.57,4.32,N/A,9.729485889243549,-0.956740391992695,False
TXN101296,2026-04-18,UBS,HSBC,Tokenised Real Estate Fund,Permissioned Ledger,US,37998.22,Settled,5.1,25.8,1.48,5.62,N/A,10.545320912182065,-0.32904484095634173,False
TXN101297,2026-06-28,JPMorgan,UBS,Regulated Stablecoin,Permissioned Ledger,EU,429191.45,Settled,11.7,16.0,2.94,126.18,N/A,12.969660698717231,1.5362186687265815,False
TXN101298,2026-07-01,Citi,Barclays,Regulated Stablecoin,Hybrid Network,MEA,227168.12,Settled,25.8,47.0,1.51,34.3,N/A,12.333450041098828,1.0467243615680133,False
TXN101299,2026-06-01,UBS,Barclays,Tokenised Bond,Permissioned Ledger,EU,14407.02,Settled,5.0,44.9,0.52,0.75,N/A,9.575540274972541,-1.075184653960537,False
TXN101300,2026-01-25,BNY Mellon,UBS,Tokenised Deposit,Hybrid Network,UK,86492.79,Settled,28.3,40.4,1.36,11.76,N/A,11.367827898435294,0.3037840539198461,False
TXN101301,2026-07-18,Barclays,Standard Chartered,Tokenised Real Estate Fund,Permissioned Ledger,MEA,30097.22,Settled,5.1,28.4,3.6,10.83,N/A,10.312221312775728,-0.5083894110983626,False
TXN101302,2026-06-29,JPMorgan,Deutsche Bank,Regulated Stablecoin,Public Blockchain,US,50572.9,Settled,52.4,35.5,3.41,17.25,N/A,10.831190911922993,-0.1090992367999643,False
TXN101303,2026-07-17,UBS,Deutsche Bank,Regulated Stablecoin,Permissioned Ledger,EU,19204.02,Pending,,22.4,0.67,1.29,Pending,9.862926982174933,-0.8540721097991134,False
TXN101304,2026-03-29,UBS,Standard Chartered,Tokenised Deposit,Public Blockchain,UK,75476.93,Settled,56.8,44.5,3.89,29.36,N/A,11.231595574623121,0.19896822576841186,False
TXN101305,2026-06-10,Citi,HSBC,Tokenised Bond,Public Blockchain,EU,47629.27,Settled,44.5,33.3,0.95,4.52,N/A,10.771223762475039,-0.15523737975592078,False
TXN101306,2026-06-26,Barclays,JPMorgan,Regulated Stablecoin,Hybrid Network,UK,121780.45,Settled,27.2,29.1,2.24,27.28,N/A,11.70998332380871,0.5670351184503646,False
TXN101307,2026-01-29,UBS,Citi,Tokenised Deposit,Permissioned Ledger,US,195654.93,Settled,8.4,22.4,2.87,56.15,N/A,12.184112936404901,0.931825842154864,False
TXN101308,2026-03-04,JPMorgan,Citi,Tokenised Bond,Permissioned Ledger,MEA,190245.69,Settled,8.2,37.5,2.75,52.32,N/A,12.156076877412268,0.9102551703848745,False
TXN101309,2026-05-30,Deutsche Bank,JPMorgan,Regulated Stablecoin,Hybrid Network,MEA,26228.25,Settled,32.2,25.7,3.53,9.26,N/A,10.174630479238248,-0.6142504634515521,False
TXN101310,2026-06-03,UBS,Deutsche Bank,Tokenised Bond,Permissioned Ledger,APAC,199020.45,Settled,2.3,29.8,2.19,43.59,N/A,12.201167886842542,0.9449477555464882,False
TXN101311,2026-06-05,UBS,BNY Mellon,Tokenised Bond,Hybrid Network,US,46364.97,Settled,12.4,16.2,3.79,17.57,N/A,10.744321063968792,-0.17593605496407722,False
TXN101312,2026-04-24,Citi,Standard Chartered,Tokenised Deposit,Permissioned Ledger,EU,21970.86,Settled,11.9,25.4,1.73,3.8,N/A,9.997517822696352,-0.7505192229651477,False
TXN101313,2026-02-18,BNY Mellon,UBS,Tokenised Bond,Permissioned Ledger,US,75628.5,Settled,7.4,38.4,3.92,29.65,N/A,11.233601697695073,0.2005117173956287,False
TXN101314,2026-07-18,Deutsche Bank,BNY Mellon,Regulated Stablecoin,Permissioned Ledger,UK,57826.8,Settled,5.5,28.7,4.26,24.63,N/A,10.965224907890153,-0.0059747807632795,False
TXN101315,2026-03-22,Citi,HSBC,Tokenised Equity,Public Blockchain,MEA,27900.88,Failed,,38.2,2.26,6.31,Failed,10.236449349051835,-0.5666876248125342,False
TXN101316,2026-03-25,BNY Mellon,HSBC,Tokenised Deposit,Permissioned Ledger,US,178941.95,Settled,6.6,23.3,3.41,61.02,N/A,12.094822318938647,0.8631265074156141,False
TXN101317,2026-04-15,Deutsche Bank,UBS,Tokenised Deposit,Permissioned Ledger,UK,89379.74,Settled,12.3,27.4,4.25,37.99,N/A,11.400660501710274,0.32904514032235915,False
TXN101318,2026-06-26,JPMorgan,Standard Chartered,Tokenised Bond,Permissioned Ledger,UK,22319.35,Settled,2.3,25.4,1.59,3.55,N/A,10.013254097375885,-0.7384118859074039,False
TXN101319,2026-05-28,Deutsche Bank,Standard Chartered,Tokenised Bond,Permissioned Ledger,US,89558.35,Settled,5.9,25.9,0.88,7.88,N/A,11.402656812982022,0.3305810828456975,False
TXN101320,2026-04-28,Citi,JPMorgan,Tokenised Deposit,Permissioned Ledger,APAC,11057.67,Settled,6.9,29.0,1.49,1.65,N/A,9.310970014680777,-1.2787424452447507,False
TXN101321,2026-03-27,Citi,HSBC,Regulated Stablecoin,Permissioned Ledger,EU,19378.89,Pending,,38.3,1.81,3.51,Pending,9.871991209474057,-0.8470981812605354,False
TXN101322,2026-03-04,Standard Chartered,Barclays,Tokenised Deposit,Public Blockchain,EU,73446.61,Settled,73.4,30.3,2.0,14.69,N/A,11.204327641930341,0.17798854292080912,False
TXN101323,2026-07-08,UBS,Citi,Tokenised Bond,Public Blockchain,MEA,15158.14,Pending,,47.5,1.67,2.53,Pending,9.626358929355066,-1.0360852743449491,False
TXN101324,2026-04-14,HSBC,Barclays,Tokenised Deposit,Public Blockchain,US,19579.28,Settled,86.0,36.4,1.35,2.64,N/A,9.882278216288688,-0.8391834580267048,False
TXN101325,2026-02-18,BNY Mellon,Deutsche Bank,Tokenised Bond,Hybrid Network,APAC,18491.25,Settled,5.6,37.5,2.34,4.33,N/A,9.825107004376454,-0.8831704337701698,False
TXN101326,2026-03-12,Standard Chartered,HSBC,Tokenised Deposit,Public Blockchain,EU,52909.47,Settled,31.8,38.0,3.23,17.09,N/A,10.876356518867606,-0.07434925703459874,False
TXN101327,2026-01-01,HSBC,JPMorgan,Tokenised Deposit,Public Blockchain,MEA,210235.07,Settled,75.4,13.9,1.48,31.11,N/A,12.255986321181293,0.9871245270526625,False
TXN101328,2026-05-21,Citi,JPMorgan,Regulated Stablecoin,Hybrid Network,MEA,260324.6,Settled,25.3,54.5,3.93,102.31,N/A,12.469688434206734,1.151544859376697,False
TXN101329,2026-06-28,Standard Chartered,BNY Mellon,Tokenised Deposit,Permissioned Ledger,MEA,30199.27,Settled,6.3,34.2,3.74,11.29,N/A,10.315606143720347,-0.5057851550107844,False
TXN101330,2026-05-03,UBS,Deutsche Bank,Tokenised Real Estate Fund,Hybrid Network,MEA,40090.69,Settled,11.5,47.3,1.54,6.17,N/A,10.598924359898959,-0.28780286836865643,False
TXN101331,2026-07-03,Citi,HSBC,Tokenised Equity,Public Blockchain,UK,60185.01,Settled,74.1,28.1,2.87,17.27,N/A,11.005195212263123,0.024777983610716744,False
TXN101332,2026-03-03,Deutsche Bank,Citi,Tokenised Deposit,Permissioned Ledger,MEA,8808.03,Settled,4.9,22.9,3.88,3.42,N/A,9.083532610711897,-1.4537305771544573,False
TXN101333,2026-02-01,Deutsche Bank,UBS,Tokenised Equity,Permissioned Ledger,MEA,99939.58,Settled,8.8,53.3,3.93,39.28,N/A,11.512331088363446,0.41496340621310707,False
TXN101334,2026-06-07,HSBC,Citi,Tokenised Deposit,Hybrid Network,EU,47781.45,Settled,29.7,61.1,0.82,3.92,N/A,10.77441369625,-0.1527830756596927,False
TXN101335,2026-01-29,Citi,JPMorgan,Tokenised Bond,Permissioned Ledger,MEA,100027.61,Settled,9.4,22.1,1.2,12.0,N/A,11.513211524051428,0.41564080488904215,False
TXN101336,2026-02-18,HSBC,Citi,Tokenised Deposit,Permissioned Ledger,UK,99599.31,Pending,,28.6,3.42,34.06,Pending,11.508920556017646,0.4123393757168267,False
TXN101337,2026-06-22,Deutsche Bank,JPMorgan,Tokenised Bond,Permissioned Ledger,APAC,320883.05,Settled,2.8,33.4,1.88,60.33,N/A,12.678835121905047,1.312460291652904,False
TXN101338,2026-01-30,Barclays,BNY Mellon,Regulated Stablecoin,Hybrid Network,APAC,71822.58,Settled,29.6,44.2,1.32,9.48,N/A,11.181968113377081,0.16078533859452332,False
TXN101339,2026-05-24,Barclays,Standard Chartered,Tokenised Deposit,Public Blockchain,US,214087.93,Pending,,42.0,4.23,90.56,Pending,12.274146768430198,1.0010969989648262,False
TXN101340,2026-06-17,JPMorgan,Standard Chartered,Tokenised Deposit,Hybrid Network,APAC,340331.62,Settled,19.3,31.8,3.24,110.27,N/A,12.737678712492167,1.3577339793226273,False
TXN101341,2026-01-19,Barclays,Standard Chartered,Regulated Stablecoin,Permissioned Ledger,MEA,34416.72,Settled,4.0,31.7,2.05,7.06,N/A,10.446326827013712,-0.40520992959800967,False
TXN101342,2026-01-18,Barclays,UBS,Tokenised Bond,Permissioned Ledger,UK,19687.07,Settled,10.0,43.8,3.77,7.42,N/A,9.88776814752983,-0.8349595581956479,False
TXN101343,2026-01-01,HSBC,Standard Chartered,Tokenised Bond,Public Blockchain,APAC,340534.94,Settled,77.8,38.6,1.19,40.52,N/A,12.738275949662418,1.358193487806744,False
TXN101344,2026-03-19,UBS,Barclays,Tokenised Bond,Hybrid Network,US,324432.45,Settled,17.9,47.2,2.62,85.0,N/A,12.689835709347767,1.3209240368984938,False
TXN101345,2026-04-25,HSBC,Barclays,Tokenised Equity,Permissioned Ledger,APAC,630128.61,Settled,3.4,18.0,2.51,158.16,N/A,13.3536808073669,1.8316800143791325,False
TXN101346,2026-06-24,UBS,BNY Mellon,Tokenised Deposit,Hybrid Network,EU,102084.77,Settled,32.7,37.5,4.47,45.63,N/A,11.53356862127585,0.43130335797944386,False
TXN101347,2026-07-13,Deutsche Bank,HSBC,Tokenised Bond,Public Blockchain,US,47286.18,Pending,,27.9,3.25,15.37,Pending,10.763994501802342,-0.16079950277582897,False
TXN101348,2026-04-23,Barclays,BNY Mellon,Tokenised Equity,Permissioned Ledger,UK,43620.43,Settled,5.7,24.4,3.13,13.65,N/A,10.683303822345271,-0.22288212865142934,False
TXN101349,2026-04-24,Deutsche Bank,Citi,Tokenised Deposit,Permissioned Ledger,EU,156670.0,Settled,9.6,38.5,3.25,50.92,N/A,11.96190334421008,0.7608599379014462,False
TXN101350,2026-06-15,Deutsche Bank,Barclays,Tokenised Deposit,Permissioned Ledger,APAC,181227.38,Pending,,36.8,2.37,42.95,Pending,12.107513282843547,0.8728908119103833,False
TXN101351,2026-06-28,Barclays,BNY Mellon,Tokenised Real Estate Fund,Permissioned Ledger,APAC,27417.08,Settled,6.4,31.6,3.93,10.77,N/A,10.218957928782821,-0.5801453538575823,False
TXN101352,2026-03-04,Standard Chartered,Barclays,Regulated Stablecoin,Hybrid Network,EU,48159.09,Settled,21.0,35.7,1.02,4.91,N/A,10.78228594875172,-0.14672624096514106,False
TXN101353,2026-05-12,Barclays,BNY Mellon,Tokenised Real Estate Fund,Hybrid Network,MEA,72441.19,Settled,9.4,18.7,1.55,11.23,N/A,11.190544143456442,0.16738365292893317,False
TXN101354,2026-05-09,BNY Mellon,Deutsche Bank,Tokenised Deposit,Permissioned Ledger,EU,164031.64,Settled,9.0,27.8,4.26,69.88,N/A,12.007820711393853,0.7961883147008924,False
TXN101355,2026-01-08,BNY Mellon,Barclays,Tokenised Equity,Permissioned Ledger,MEA,100771.31,Settled,6.3,43.4,3.71,37.39,N/A,11.520618894500842,0.4213399638430525,False
TXN101356,2026-06-06,Standard Chartered,Deutsche Bank,Tokenised Bond,Permissioned Ledger,MEA,53103.89,Settled,6.7,54.7,1.76,9.35,N/A,10.88002429338545,-0.07152730690703168,False
TXN101357,2026-02-24,HSBC,Barclays,Tokenised Bond,Hybrid Network,UK,122639.12,Settled,31.1,35.3,3.9,47.83,N/A,11.717009492018798,0.5724409841000393,False
TXN101358,2026-04-13,JPMorgan,BNY Mellon,Tokenised Deposit,Permissioned Ledger,US,322260.78,Settled,11.8,25.6,4.48,144.37,N/A,12.683119475602656,1.3157566318190428,False
TXN101359,2026-05-11,HSBC,JPMorgan,Tokenised Bond,Public Blockchain,MEA,77590.0,Settled,72.8,27.5,1.68,13.04,N/A,11.25920672006374,0.2202119731741907,False
TXN101360,2026-02-01,UBS,BNY Mellon,Tokenised Deposit,Hybrid Network,UK,90051.98,Settled,18.2,16.4,0.73,6.57,N/A,11.408153442782814,0.33481013648355645,False
TXN101361,2026-01-10,BNY Mellon,Standard Chartered,Regulated Stablecoin,Public Blockchain,UK,296077.52,Settled,72.7,26.6,4.04,119.62,N/A,12.59837996839853,1.2505588771584772,False
TXN101362,2026-04-20,Citi,HSBC,Regulated Stablecoin,Permissioned Ledger,US,211823.67,Settled,8.4,26.1,2.46,52.11,N/A,12.263514183175683,0.9929163910323123,False
TXN101363,2026-06-11,Standard Chartered,Barclays,Regulated Stablecoin,Permissioned Ledger,UK,35957.81,Settled,6.5,32.2,1.06,3.81,N/A,10.490129395713188,-0.3715086582336182,False
TXN101364,2026-05-04,Citi,UBS,Tokenised Equity,Public Blockchain,EU,54115.05,Settled,8.0,51.1,3.89,21.05,N/A,10.898886093663988,-0.05701522077872295,False
TXN101365,2026-03-28,Deutsche Bank,BNY Mellon,Tokenised Equity,Permissioned Ledger,EU,304670.92,Settled,5.9,39.7,2.32,70.68,N/A,12.626990804507923,1.2725717768653448,False
TXN101366,2026-02-24,UBS,Citi,Tokenised Bond,Permissioned Ledger,APAC,187634.52,Settled,12.0,59.9,2.3,43.16,N/A,12.142256636651082,0.8996220112336505,False
TXN101367,2026-02-01,UBS,HSBC,Tokenised Deposit,Permissioned Ledger,MEA,79341.86,Settled,14.4,57.1,3.39,26.9,N/A,11.281533740809605,0.23739016630887388,False
TXN101368,2026-06-27,JPMorgan,Citi,Tokenised Bond,Permissioned Ledger,US,67684.43,Settled,3.6,16.2,0.79,5.35,N/A,11.122626221558265,0.11512826279188458,False
TXN101369,2026-05-15,Barclays,Deutsche Bank,Regulated Stablecoin,Public Blockchain,UK,83843.77,Settled,19.0,47.4,4.05,33.96,N/A,11.336722392020432,0.2798517790844065,False
TXN101370,2026-04-03,Standard Chartered,UBS,Tokenised Bond,Permissioned Ledger,US,63895.03,Settled,6.0,23.1,2.06,13.16,N/A,11.065012510110073,0.07080083219879006,False
TXN101371,2026-01-08,Standard Chartered,BNY Mellon,Tokenised Deposit,Permissioned Ledger,EU,16466.9,Settled,1.8,26.6,4.48,7.38,N/A,9.709168310488556,-0.9723725399561453,False
TXN101372,2026-03-06,Deutsche Bank,Barclays,Regulated Stablecoin,Permissioned Ledger,UK,370686.81,Settled,6.2,58.6,3.53,130.85,N/A,12.823115504864665,1.4234682184263525,False
TXN101373,2026-02-26,Barclays,Citi,Tokenised Deposit,Hybrid Network,UK,7316.49,Settled,21.8,43.9,1.75,1.28,N/A,8.898022651978158,-1.5964601394999085,False
TXN101374,2026-03-08,HSBC,Barclays,Tokenised Deposit,Permissioned Ledger,US,28872.18,Settled,7.2,55.7,1.39,4.01,N/A,10.27066841553457,-0.5403598070700869,False
TXN101375,2026-07-06,Deutsche Bank,Standard Chartered,Tokenised Deposit,Hybrid Network,MEA,44103.11,Settled,19.5,28.9,1.86,8.2,N/A,10.694308254371252,-0.21441542542078024,False
TXN101376,2026-03-13,Standard Chartered,Citi,Tokenised Deposit,Hybrid Network,US,44940.38,Settled,14.3,33.1,1.1,4.94,N/A,10.713114252877999,-0.19994627263427323,False
TXN101377,2026-02-23,Citi,BNY Mellon,Regulated Stablecoin,Public Blockchain,MEA,15295.21,Settled,63.5,42.6,1.96,3.0,N/A,9.635360364276437,-1.029159657652573,False
TXN101378,2026-03-08,JPMorgan,BNY Mellon,Tokenised Bond,Hybrid Network,APAC,45884.41,Settled,21.1,26.2,1.27,5.83,N/A,10.733902480595127,-0.18395201192581204,False
TXN101379,2026-02-20,Barclays,JPMorgan,Regulated Stablecoin,Permissioned Ledger,UK,22014.0,Settled,12.0,35.7,3.6,7.93,N/A,9.999479318189854,-0.749010067363793,False
TXN101380,2026-04-07,UBS,Standard Chartered,Tokenised Real Estate Fund,Permissioned Ledger,UK,19290.74,Settled,7.9,53.5,1.26,2.43,N/A,9.867432304009098,-0.8506057588926444,False
TXN101381,2026-04-02,Deutsche Bank,HSBC,Regulated Stablecoin,Hybrid Network,EU,117805.02,Settled,17.0,25.5,1.85,21.79,N/A,11.676794652459245,0.5415000767260805,False
TXN101382,2026-01-08,Barclays,Deutsche Bank,Tokenised Deposit,Public Blockchain,UK,10505.55,Settled,42.3,25.8,3.34,3.51,N/A,9.259754151181141,-1.318147433701135,False
TXN101383,2026-06-11,BNY Mellon,Deutsche Bank,Tokenised Deposit,Public Blockchain,US,23215.44,Settled,35.1,41.6,1.55,3.6,N/A,10.052615927390962,-0.7081272758006681,False
TXN101384,2026-02-04,Barclays,JPMorgan,Regulated Stablecoin,Hybrid Network,EU,382654.2,Settled,23.7,32.7,1.59,60.84,N/A,12.85488960158778,1.4479149001579865,False
TXN101385,2026-04-06,Citi,Barclays,Tokenised Deposit,Permissioned Ledger,US,16861.22,Settled,11.4,33.1,1.75,2.95,N/A,9.732830895485636,-0.9541667766448464,False
TXN101386,2026-03-29,UBS,BNY Mellon,Tokenised Equity,Permissioned Ledger,US,54924.99,Settled,7.8,54.6,1.47,8.07,N/A,10.913741921669342,-0.04558529084958744,False
TXN101387,2026-03-19,HSBC,Standard Chartered,Tokenised Bond,Permissioned Ledger,APAC,7351.49,Settled,4.9,32.6,3.25,2.39,N/A,8.90279431034562,-1.592788871848842,False
TXN101388,2026-02-01,Standard Chartered,Barclays,Tokenised Real Estate Fund,Permissioned Ledger,EU,84017.7,Settled,6.8,32.7,3.41,28.65,N/A,11.338794672097126,0.28144617126918564,False
TXN101389,2026-04-30,BNY Mellon,JPMorgan,Tokenised Equity,Permissioned Ledger,US,54583.74,Settled,8.7,23.2,4.44,24.24,N/A,10.907509635489689,-0.05038035136766037,False
TXN101390,2026-02-15,UBS,BNY Mellon,Tokenised Deposit,Permissioned Ledger,UK,66429.18,Settled,2.5,52.3,3.51,23.32,N/A,11.103906750274763,0.10072568321141412,False
TXN101391,2026-05-24,Standard Chartered,Citi,Tokenised Real Estate Fund,Hybrid Network,US,63629.3,Settled,35.7,43.3,1.53,9.74,N/A,11.060845050972913,0.0675944295732953,False
TXN101392,2026-07-15,Citi,UBS,Regulated Stablecoin,Permissioned Ledger,MEA,43745.95,Settled,10.8,36.3,1.88,8.22,N/A,10.686177175069892,-0.220671398943717,False
TXN101393,2026-06-14,HSBC,Standard Chartered,Regulated Stablecoin,Hybrid Network,APAC,22467.82,Settled,46.0,37.1,3.64,8.18,N/A,10.019883849336713,-0.7333110190736937,False
TXN101394,2026-07-01,JPMorgan,BNY Mellon,Regulated Stablecoin,Permissioned Ledger,UK,136737.62,Settled,4.9,43.3,1.67,22.84,N/A,11.82582649927118,0.6561637336865795,False
TXN101395,2026-05-22,Citi,Barclays,Tokenised Real Estate Fund,Public Blockchain,UK,110986.6,Settled,31.9,26.5,2.04,22.64,N/A,11.617173762342542,0.4956283423400194,False
TXN101396,2026-02-24,JPMorgan,UBS,Tokenised Deposit,Permissioned Ledger,EU,64568.57,Settled,11.7,44.3,0.65,4.2,N/A,11.07549852615897,0.07886867120658517,False
TXN101397,2026-06-25,UBS,Standard Chartered,Tokenised Equity,Permissioned Ledger,US,46093.16,Settled,10.8,38.3,2.39,11.02,N/A,10.738441539832026,-0.18045970378901507,False
TXN101398,2026-01-07,JPMorgan,HSBC,Regulated Stablecoin,Hybrid Network,MEA,11531.36,Settled,22.9,38.2,1.24,1.43,N/A,9.352912275752827,-1.2464724765193274,False
TXN101399,2026-03-15,Standard Chartered,Deutsche Bank,Tokenised Deposit,Permissioned Ledger,APAC,13880.99,Settled,8.1,35.0,1.34,1.86,N/A,9.538347595541973,-1.103800340653664,False
TXN101400,2026-01-07,Citi,Barclays,Regulated Stablecoin,Permissioned Ledger,EU,253718.11,Settled,10.3,49.0,1.1,27.91,N/A,12.443983067937802,1.1317673999748536,False
TXN101401,2026-06-10,BNY Mellon,Standard Chartered,Tokenised Deposit,Permissioned Ledger,MEA,45457.98,Settled,7.7,40.0,1.26,5.73,N/A,10.724565659847292,-0.19113567121899955,False
TXN101402,2026-05-31,Deutsche Bank,UBS,Tokenised Equity,Public Blockchain,US,33053.48,Pending,,56.4,1.9,6.28,Pending,10.40591238828711,-0.4363044066344915,False
TXN101403,2026-03-26,UBS,HSBC,Tokenised Deposit,Public Blockchain,UK,13687.07,Pending,,61.6,1.39,1.9,Pending,9.524279929527392,-1.114623866394215,False
TXN101404,2026-05-27,Standard Chartered,UBS,Regulated Stablecoin,Public Blockchain,MEA,79358.87,Settled,31.7,40.4,3.66,29.05,N/A,11.281748103852573,0.23755509515428294,False
TXN101405,2026-04-22,HSBC,Citi,Tokenised Deposit,Public Blockchain,UK,82319.76,Settled,53.0,38.8,2.09,17.2,N/A,11.318378602729648,0.26573824558409126,False
TXN101406,2026-05-05,Standard Chartered,Barclays,Tokenised Deposit,Hybrid Network,EU,190731.54,Settled,29.8,40.5,2.8,53.4,N/A,12.158627411536557,0.9122175265936289,False
TXN101407,2026-05-27,BNY Mellon,Standard Chartered,Tokenised Deposit,Permissioned Ledger,APAC,19491.34,Settled,7.4,35.3,2.71,5.28,N/A,9.87777684686483,-0.842646767987032,False
TXN101408,2026-02-05,UBS,Citi,Tokenised Deposit,Permissioned Ledger,EU,46978.94,Settled,14.5,53.3,2.5,11.74,N/A,10.75747598107288,-0.16581478937934424,False
TXN101409,2026-01-29,JPMorgan,Barclays,Tokenised Real Estate Fund,Hybrid Network,EU,6808.14,Settled,17.5,46.4,1.33,0.91,N/A,8.826021106293767,-1.6518574301568438,False
TXN101410,2026-07-07,BNY Mellon,JPMorgan,Tokenised Real Estate Fund,Permissioned Ledger,EU,28466.77,Settled,10.4,21.8,2.84,8.08,N/A,10.256527849139651,-0.5512394216559566,False
TXN101411,2026-03-23,Standard Chartered,Citi,Tokenised Deposit,Public Blockchain,UK,26651.53,Settled,55.1,65.7,2.45,6.53,N/A,10.19063935942197,-0.6019333863638305,False
TXN101412,2026-01-02,HSBC,Citi,Tokenised Deposit,Permissioned Ledger,UK,22185.33,Settled,10.9,43.9,1.04,2.31,N/A,10.007231612433005,-0.7430455273894935,False
TXN101413,2026-05-09,Standard Chartered,HSBC,Tokenised Deposit,Permissioned Ledger,UK,2323.13,Settled,12.3,49.4,3.22,0.75,N/A,7.751101054445194,-2.478890488672602,False
TXN101414,2026-02-16,Citi,Barclays,Tokenised Deposit,Permissioned Ledger,UK,120805.39,Settled,6.7,51.9,2.12,25.61,N/A,11.701944460434829,0.5608500949673081,False
TXN101415,2026-07-16,JPMorgan,Barclays,Tokenised Real Estate Fund,Public Blockchain,EU,57354.79,Settled,99.3,12.1,4.09,23.46,N/A,10.957029076485037,-0.012280573926590488,False
TXN101416,2026-05-28,BNY Mellon,UBS,Tokenised Deposit,Permissioned Ledger,UK,10946.47,Settled,8.6,42.7,1.08,1.18,N/A,9.30086365832012,-1.2865181777720491,False
TXN101417,2026-01-11,Citi,Standard Chartered,Regulated Stablecoin,Public Blockchain,US,46245.99,Settled,41.8,60.6,3.01,13.92,N/A,10.741751659741624,-0.17791292964690042,False
TXN101418,2026-05-10,BNY Mellon,Barclays,Tokenised Deposit,Hybrid Network,EU,498054.71,Settled,22.0,43.0,2.07,103.1,N/A,13.11846721721997,1.6507089602722265,False
TXN101419,2026-07-14,HSBC,Barclays,Tokenised Bond,Hybrid Network,APAC,64141.66,Settled,43.8,38.8,4.38,28.09,N/A,11.068864944167697,0.07376485758461078,False
TXN101420,2026-04-29,HSBC,UBS,Tokenised Bond,Permissioned Ledger,MEA,15934.95,Settled,4.7,27.6,2.75,4.38,N/A,9.676332842269257,-0.9976358306190204,False
TXN101421,2026-05-20,Deutsche Bank,BNY Mellon,Tokenised Deposit,Hybrid Network,MEA,212985.7,Settled,12.7,40.8,2.67,56.87,N/A,12.268985001427469,0.9971255855148013,False
TXN101422,2026-01-20,Standard Chartered,Barclays,Tokenised Deposit,Permissioned Ledger,EU,13159.85,Settled,12.4,20.1,3.2,4.21,N/A,9.485001792459139,-1.1448440839596927,False
TXN101423,2026-01-05,Barclays,Deutsche Bank,Regulated Stablecoin,Public Blockchain,UK,344529.31,Settled,92.7,35.5,2.58,88.89,N/A,12.749937348149064,1.3671656546580337,False
TXN101424,2026-02-06,Citi,BNY Mellon,Tokenised Deposit,Permissioned Ledger,EU,14241.74,Settled,4.6,38.0,2.77,3.94,N/A,9.564002582186772,-1.0840616428458218,False
TXN101425,2026-06-15,JPMorgan,BNY Mellon,Tokenised Deposit,Public Blockchain,EU,35835.43,Settled,122.9,54.5,2.86,10.25,N/A,10.486720252752523,-0.3741316197504562,False
TXN101426,2026-05-17,Citi,Standard Chartered,Tokenised Deposit,Hybrid Network,UK,81027.83,Settled,21.6,46.8,3.83,31.03,N/A,11.302560296253896,0.25356779405824675,False
TXN101427,2026-02-22,Standard Chartered,Barclays,Regulated Stablecoin,Public Blockchain,UK,32188.86,Settled,65.4,29.8,0.78,2.51,N/A,10.379406775106633,-0.4566975682457085,False
TXN101428,2026-06-21,BNY Mellon,UBS,Tokenised Bond,Permissioned Ledger,US,18935.84,Settled,6.9,38.3,4.17,7.9,N/A,9.848864510159249,-0.8648916393273076,False
TXN101429,2026-04-09,Standard Chartered,Deutsche Bank,Tokenised Equity,Hybrid Network,EU,44392.41,Settled,33.3,15.3,0.81,3.6,N/A,10.700846313981046,-0.20938510579231398,False
TXN101430,2026-03-27,JPMorgan,Citi,Tokenised Deposit,Permissioned Ledger,US,25126.98,Pending,,45.2,1.43,3.59,Pending,10.131737245293301,-0.6472521014785988,False
TXN101431,2026-04-18,UBS,BNY Mellon,Tokenised Real Estate Fund,Hybrid Network,US,141720.34,Settled,1.0,32.2,3.33,47.19,N/A,11.861618014198609,0.6837013780057437,False
TXN101432,2026-01-24,HSBC,Citi,Tokenised Deposit,Public Blockchain,APAC,112746.22,Settled,93.5,47.9,3.57,40.25,N/A,11.632903600741662,0.5077307273860608,False
TXN101433,2026-03-22,Standard Chartered,JPMorgan,Tokenised Equity,Hybrid Network,APAC,53858.05,Settled,18.7,17.6,3.31,17.83,N/A,10.894125727888458,-0.060677800019122964,False
TXN101434,2026-06-07,HSBC,Deutsche Bank,Tokenised Deposit,Hybrid Network,APAC,41326.33,Settled,34.6,30.3,2.45,10.12,N/A,10.629279303434949,-0.2644480693299096,False
TXN101435,2026-04-30,BNY Mellon,HSBC,Regulated Stablecoin,Hybrid Network,UK,25643.71,Failed,,40.1,2.89,7.41,Failed,10.152092591512208,-0.631590895594851,False
TXN101436,2026-02-28,Deutsche Bank,JPMorgan,Regulated Stablecoin,Public Blockchain,US,6816.44,Settled,77.0,50.8,2.83,1.93,N/A,8.827239313800927,-1.6509201531204536,False
TXN101437,2026-05-08,JPMorgan,Deutsche Bank,Tokenised Deposit,Hybrid Network,MEA,23939.25,Settled,21.8,41.8,0.88,2.11,N/A,10.08331642183104,-0.6845066132490124,False
TXN101438,2026-04-24,Standard Chartered,HSBC,Tokenised Bond,Public Blockchain,EU,323348.77,Failed,,38.6,1.11,35.89,Failed,12.686489895570945,1.3183498002412557,False
TXN101439,2026-04-25,Standard Chartered,HSBC,Tokenised Deposit,Permissioned Ledger,US,52822.89,Settled,5.2,44.9,1.17,6.18,N/A,10.874718829485445,-0.07560927935560575,False
TXN101440,2026-01-14,Deutsche Bank,Standard Chartered,Tokenised Equity,Permissioned Ledger,UK,1722.92,Settled,8.0,30.5,1.27,0.22,N/A,7.452356046434656,-2.7087419992722723,False
TXN101441,2026-01-09,JPMorgan,HSBC,Tokenised Deposit,Permissioned Ledger,US,15029.4,Settled,10.8,38.0,3.05,4.58,N/A,9.617830095832677,-1.0426472761063479,False
TXN101442,2026-02-09,BNY Mellon,JPMorgan,Regulated Stablecoin,Public Blockchain,EU,3783.56,Settled,71.1,28.4,1.23,0.47,N/A,8.238684910765441,-2.1037482003861725,False
TXN101443,2026-07-13,Deutsche Bank,BNY Mellon,Tokenised Deposit,Permissioned Ledger,UK,10737.49,Settled,13.7,36.1,1.12,1.2,N/A,9.281589762275159,-1.3013473263846982,False
TXN101444,2026-01-25,UBS,Deutsche Bank,Regulated Stablecoin,Permissioned Ledger,EU,17792.46,Settled,9.2,29.7,1.45,2.58,N/A,9.786586253036143,-0.912807926105079,False
TXN101445,2026-04-13,JPMorgan,Deutsche Bank,Tokenised Deposit,Permissioned Ledger,EU,28971.09,Settled,10.2,47.1,1.01,2.93,N/A,10.274088231757997,-0.5377286336484377,False
TXN101446,2026-01-22,BNY Mellon,Barclays,Tokenised Deposit,Hybrid Network,MEA,64148.31,Settled,23.0,38.6,4.05,25.98,N/A,11.068968613945406,0.07384462010572818,False
TXN101447,2026-01-04,Standard Chartered,HSBC,Tokenised Bond,Permissioned Ledger,EU,62840.66,Settled,5.6,23.3,4.35,27.34,N/A,11.048373508316006,0.057998945657804064,False
TXN101448,2026-06-03,Standard Chartered,Deutsche Bank,Regulated Stablecoin,Hybrid Network,EU,132593.46,Settled,34.0,46.2,3.38,44.82,N/A,11.795050576072262,0.6324850369797168,False
TXN101449,2026-07-05,Citi,UBS,Tokenised Bond,Hybrid Network,EU,567982.22,Settled,16.5,20.3,0.88,49.98,N/A,13.249847155013386,1.7517914097009444,False
TXN101450,2026-01-29,Citi,UBS,Tokenised Bond,Hybrid Network,APAC,98357.63,Settled,36.6,44.2,1.19,11.7,N/A,11.496375567806938,0.40268738350484445,False
TXN101451,2026-04-19,HSBC,Deutsche Bank,Tokenised Deposit,Public Blockchain,APAC,62790.59,Settled,49.5,48.2,0.88,5.53,N/A,11.04757642629113,0.057385678481526536,False
TXN101452,2026-04-08,Citi,BNY Mellon,Tokenised Equity,Permissioned Ledger,MEA,71227.56,Settled,10.0,26.4,3.82,27.21,N/A,11.17364914056701,0.1543848016290149,False
TXN101453,2026-02-06,UBS,Deutsche Bank,Tokenised Equity,Hybrid Network,UK,32994.04,Settled,33.6,44.8,3.74,12.34,N/A,10.404112526121683,-0.43768920312146753,False
TXN101454,2026-03-16,Citi,JPMorgan,Regulated Stablecoin,Permissioned Ledger,APAC,167159.27,Settled,8.1,27.7,3.66,61.18,N/A,12.0267083317795,0.8107202665690915,False
TXN101455,2026-03-11,Standard Chartered,HSBC,Tokenised Bond,Permissioned Ledger,EU,51839.55,Settled,8.7,29.5,2.13,11.04,N/A,10.855927940537777,-0.0900668069939584,False
TXN101456,2026-05-26,BNY Mellon,Citi,Regulated Stablecoin,Permissioned Ledger,MEA,451606.8,Settled,12.1,44.8,4.38,197.8,N/A,13.02056938303054,1.5753873164974028,False
TXN101457,2026-05-08,Deutsche Bank,BNY Mellon,Tokenised Deposit,Hybrid Network,MEA,380465.14,Settled,13.7,41.7,0.54,20.55,N/A,12.84915246415074,1.4435008022783147,False
TXN101458,2026-03-26,UBS,HSBC,Tokenised Deposit,Permissioned Ledger,MEA,28908.15,Settled,2.0,50.8,0.67,1.94,N/A,10.271913432987011,-0.5394019027219202,False
TXN101459,2026-02-11,Standard Chartered,HSBC,Tokenised Deposit,Permissioned Ledger,US,8896.44,Settled,4.2,22.2,2.2,1.96,N/A,9.093518873894345,-1.4460472431532727,False
TXN101460,2026-04-10,Standard Chartered,HSBC,Tokenised Deposit,Hybrid Network,MEA,60740.2,Settled,13.4,23.2,3.94,23.93,N/A,11.014377494743078,0.031842742659999645,False
TXN101461,2026-02-10,JPMorgan,BNY Mellon,Tokenised Bond,Permissioned Ledger,MEA,107602.59,Settled,10.6,45.1,4.38,47.13,N/A,11.586209290465513,0.4718045781096057,False
TXN101462,2026-06-15,UBS,BNY Mellon,Tokenised Equity,Permissioned Ledger,MEA,94272.37,Failed,,44.2,0.64,6.03,Failed,11.453954032133543,0.3700486655512926,False
TXN101463,2026-02-03,HSBC,Citi,Tokenised Equity,Public Blockchain,EU,77962.23,Settled,99.0,37.8,0.81,6.31,N/A,11.263992584266571,0.22389417065715925,False
TXN101464,2026-01-17,Barclays,Citi,Tokenised Equity,Permissioned Ledger,APAC,69832.53,Settled,5.6,35.5,0.79,5.52,N/A,11.15386954590137,0.1391665734041404,False
TXN101465,2026-06-14,Deutsche Bank,Citi,Tokenised Bond,Permissioned Ledger,UK,45538.1,Settled,5.9,29.1,1.92,8.74,N/A,10.726326576576593,-0.18978083897271186,False
TXN101466,2026-06-02,UBS,Deutsche Bank,Tokenised Deposit,Permissioned Ledger,US,357974.66,Settled,6.3,12.1,2.3,82.33,N/A,12.788220274244676,1.3966201665571627,False
TXN101467,2026-05-02,BNY Mellon,Standard Chartered,Regulated Stablecoin,Hybrid Network,UK,23852.7,Settled,24.7,29.9,4.04,9.64,N/A,10.079694620552445,-0.6872931920123548,False
TXN101468,2026-03-17,JPMorgan,Standard Chartered,Tokenised Bond,Hybrid Network,US,38193.94,Settled,28.7,34.0,3.94,15.05,N/A,10.550458325087984,-0.325092165312108,False
TXN101469,2026-03-28,Standard Chartered,Citi,Tokenised Deposit,Permissioned Ledger,MEA,27427.57,Pending,,18.2,2.38,6.53,Pending,10.21934044987127,-0.579851045843528,False
TXN101470,2026-04-27,Deutsche Bank,JPMorgan,Tokenised Bond,Public Blockchain,US,46942.78,Settled,85.5,40.5,0.74,3.47,N/A,10.756705994496826,-0.16640720958018984,False
TXN101471,2026-04-16,BNY Mellon,JPMorgan,Tokenised Bond,Public Blockchain,MEA,61310.13,Settled,73.2,21.2,1.84,11.28,N/A,11.023716671511695,0.039028214652716935,False
TXN101472,2026-03-27,BNY Mellon,Citi,Tokenised Real Estate Fund,Public Blockchain,EU,1430640.21,Settled,72.2,59.0,1.73,247.5,N/A,14.173633300336878,2.4625435069080743,False
TXN101473,2026-01-27,HSBC,Citi,Tokenised Deposit,Public Blockchain,APAC,175927.63,Settled,59.2,4.9,2.63,46.27,N/A,12.077833680414685,0.8500556137669856,False
TXN101474,2026-02-26,Standard Chartered,Deutsche Bank,Regulated Stablecoin,Permissioned Ledger,MEA,123947.85,Settled,12.3,23.0,1.89,23.43,N/A,11.727624259485646,0.5806078831995989,False
TXN101475,2026-01-31,Standard Chartered,Barclays,Regulated Stablecoin,Permissioned Ledger,UK,30158.65,Settled,11.5,37.3,1.87,5.64,N/A,10.31426021728002,-0.5068206977551639,False
TXN101476,2026-05-14,Deutsche Bank,BNY Mellon,Tokenised Deposit,Hybrid Network,UK,52738.48,Settled,9.8,35.4,2.18,11.5,N/A,10.87311960016963,-0.07683971087472379,False
TXN101477,2026-06-17,Deutsche Bank,BNY Mellon,Tokenised Equity,Permissioned Ledger,EU,28074.42,Settled,10.1,37.8,4.0,11.23,N/A,10.242649739423507,-0.5619171046196535,False
TXN101478,2026-04-08,Standard Chartered,BNY Mellon,Regulated Stablecoin,Public Blockchain,APAC,37817.08,Pending,,46.8,3.91,14.79,Pending,10.540542574133713,-0.3327212478890756,False
TXN101479,2026-01-12,Standard Chartered,BNY Mellon,Tokenised Equity,Public Blockchain,EU,22049.5,Settled,83.7,48.7,2.64,5.82,N/A,10.001090556354862,-0.7477703963526212,False
TXN101480,2026-02-22,Barclays,Standard Chartered,Tokenised Equity,Permissioned Ledger,APAC,40322.4,Settled,9.9,56.7,1.06,4.27,N/A,10.60468722458689,-0.283368976191768,False
TXN101481,2026-07-18,Citi,Deutsche Bank,Tokenised Bond,Permissioned Ledger,UK,178679.8,Settled,5.5,40.0,4.02,71.83,N/A,12.093356252733846,0.8619985303020999,False
TXN101482,2026-05-18,JPMorgan,Barclays,Tokenised Equity,Permissioned Ledger,MEA,7070.27,Settled,8.3,31.1,1.48,1.05,N/A,8.863795375007617,-1.6227942743120103,False
TXN101483,2026-06-22,UBS,Citi,Tokenised Equity,Permissioned Ledger,EU,169391.98,Settled,7.8,57.9,3.06,51.83,N/A,12.03997661996361,0.820928758762816,False
TXN101484,2026-05-25,Citi,JPMorgan,Tokenised Bond,Permissioned Ledger,UK,44195.71,Settled,13.7,41.9,3.24,14.32,N/A,10.696405630906273,-0.21280172426446212,False
TXN101485,2026-06-03,Barclays,BNY Mellon,Tokenised Deposit,Hybrid Network,EU,199074.83,Settled,1.0,32.8,1.18,23.49,N/A,12.201441086399887,0.9451579526351995,False
TXN101486,2026-07-09,Standard Chartered,Deutsche Bank,Tokenised Deposit,Hybrid Network,US,240453.4,Settled,25.0,38.2,1.18,28.37,N/A,12.39028574556105,1.0904532011346888,False
TXN101487,2026-05-02,Citi,Standard Chartered,Tokenised Deposit,Permissioned Ledger,EU,43378.06,Settled,7.3,24.7,0.67,2.91,N/A,10.677732115174214,-0.22716894608953497,False
TXN101488,2026-02-15,Standard Chartered,Barclays,Regulated Stablecoin,Permissioned Ledger,EU,32444.15,Settled,5.0,49.2,1.26,4.09,N/A,10.387306250253088,-0.450619788712424,False
TXN101489,2026-03-05,Barclays,Deutsche Bank,Tokenised Equity,Public Blockchain,MEA,34323.46,Settled,53.8,24.4,1.31,4.5,N/A,10.443613498538642,-0.40729753820074754,False
TXN101490,2026-05-10,BNY Mellon,JPMorgan,Regulated Stablecoin,Hybrid Network,EU,9130.93,Settled,12.2,23.4,1.52,1.39,N/A,9.119532342267702,-1.4260327329816354,False
TXN101491,2026-02-23,UBS,Deutsche Bank,Tokenised Bond,Hybrid Network,US,470754.45,Settled,6.4,41.8,2.63,123.81,N/A,13.062094023722697,1.607335972154484,False
TXN101492,2026-04-17,Citi,UBS,Tokenised Deposit,Hybrid Network,US,264979.04,Settled,9.2,32.8,1.5,39.75,N/A,12.487409781376892,1.1651794919486267,False
TXN101493,2026-07-12,Deutsche Bank,Standard Chartered,Tokenised Real Estate Fund,Hybrid Network,UK,23097.53,Settled,29.8,25.0,2.67,6.17,N/A,10.047524258121369,-0.7120447567349388,False
TXN101494,2026-02-20,HSBC,Deutsche Bank,Tokenised Deposit,Permissioned Ledger,EU,5220.34,Settled,5.6,43.1,1.49,0.78,N/A,8.560509352914442,-1.8561395970878212,False
TXN101495,2026-06-30,Barclays,UBS,Tokenised Equity,Hybrid Network,US,79334.73,Settled,26.3,19.1,2.65,21.02,N/A,11.28144387361322,0.23732102335990884,False
TXN101496,2026-02-05,JPMorgan,HSBC,Tokenised Bond,Public Blockchain,MEA,213297.33,Settled,63.6,35.4,4.2,89.58,N/A,12.270447075080456,0.9982504907976885,False
TXN101497,2026-04-25,Standard Chartered,Barclays,Tokenised Bond,Permissioned Ledger,MEA,43160.79,Settled,8.6,17.8,4.28,18.47,N/A,10.67271089209872,-0.23103222640556742,False
TXN101498,2026-01-26,JPMorgan,Standard Chartered,Tokenised Bond,Public Blockchain,UK,265946.84,Settled,58.7,38.5,2.28,60.64,N/A,12.49105547831007,1.1679844557967594,False
TXN101499,2026-01-29,HSBC,Deutsche Bank,Tokenised Equity,Public Blockchain,EU,215719.21,Settled,21.9,40.4,2.32,50.05,N/A,12.281737522934835,1.0069372518316473,False
TXN101500,2026-05-29,BNY Mellon,HSBC,Regulated Stablecoin,Permissioned Ledger,US,165905.89,Settled,7.4,28.2,2.97,49.27,N/A,12.019182006358943,0.8049295848144407,False
TXN101501,2026-01-11,Deutsche Bank,Standard Chartered,Tokenised Equity,Public Blockchain,MEA,28433.05,Settled,40.8,39.7,1.87,5.32,N/A,10.255342649652281,-0.55215130264218,False
TXN101502,2026-02-09,UBS,BNY Mellon,Regulated Stablecoin,Permissioned Ledger,US,115204.53,Settled,3.6,13.6,1.95,22.46,N/A,11.65447302956402,0.5243260366453081,False
TXN101503,2026-01-11,Deutsche Bank,HSBC,Tokenised Deposit,Public Blockchain,APAC,4516.08,Settled,70.4,42.7,3.79,1.71,N/A,8.415621046367814,-1.9676152543707566,False
TXN101504,2026-06-13,Deutsche Bank,Barclays,Tokenised Deposit,Permissioned Ledger,EU,99860.47,Settled,7.4,59.5,1.58,15.78,N/A,11.511539204555106,0.41435413849419706,False
TXN101505,2026-04-23,Deutsche Bank,Citi,Tokenised Bond,Public Blockchain,US,28625.6,Pending,,55.5,4.05,11.59,Pending,10.26209163449097,-0.5469586991890969,False
TXN101506,2026-07-06,Deutsche Bank,HSBC,Regulated Stablecoin,Public Blockchain,MEA,28280.11,Settled,84.4,36.3,2.1,5.94,N/A,10.24994936959384,-0.5563008399910211,False
TXN101507,2026-02-08,JPMorgan,HSBC,Tokenised Equity,Public Blockchain,EU,71235.9,Settled,60.1,47.8,3.08,21.94,N/A,11.173766221577516,0.15447488262252376,False
TXN101508,2026-02-23,Barclays,Standard Chartered,Tokenised Deposit,Permissioned Ledger,APAC,128178.36,Settled,3.0,40.5,3.43,43.97,N/A,11.76118581206713,0.6064298161259295,False
TXN101509,2026-04-08,JPMorgan,Barclays,Tokenised Deposit,Public Blockchain,US,23029.53,Settled,60.5,31.0,1.5,3.45,N/A,10.04457600601063,-0.7143131133036223,False
TXN101510,2026-02-24,Citi,Deutsche Bank,Tokenised Deposit,Hybrid Network,US,44576.68,Settled,24.6,43.6,1.88,8.38,N/A,10.704988564311552,-0.20619809857807025,False
TXN101511,2026-04-21,JPMorgan,Citi,Tokenised Deposit,Permissioned Ledger,EU,437966.86,Settled,5.7,34.6,4.29,187.89,N/A,12.989900807670779,1.5517912121764483,False
TXN101512,2026-06-01,HSBC,Citi,Tokenised Real Estate Fund,Public Blockchain,MEA,209630.15,Settled,59.1,29.3,2.08,43.6,N/A,12.253104836798913,0.9849075409263671,False
TXN101513,2026-05-30,UBS,BNY Mellon,Regulated Stablecoin,Hybrid Network,APAC,15672.33,Settled,31.6,25.1,3.74,5.86,N/A,9.65971582075047,-1.010420805749469,False
TXN101514,2026-03-10,HSBC,BNY Mellon,Tokenised Bond,Public Blockchain,MEA,88409.38,Settled,26.9,43.8,2.07,18.3,N/A,11.38974466254693,0.32064659958065367,False
TXN101515,2026-02-25,HSBC,Deutsche Bank,Tokenised Deposit,Public Blockchain,APAC,407113.21,Settled,94.3,37.1,4.13,168.14,N/A,12.91684903931053,1.495585890382459,False
TXN101516,2026-02-02,Standard Chartered,UBS,Tokenised Real Estate Fund,Public Blockchain,APAC,54662.85,Settled,74.5,33.7,1.01,5.52,N/A,10.908957892420554,-0.04926607653671757,False
TXN101517,2026-02-05,UBS,Standard Chartered,Tokenised Bond,Public Blockchain,EU,15516.28,Settled,73.5,39.0,3.83,5.94,N/A,9.64970952064582,-1.0181195559641891,False
TXN101518,2026-05-28,Standard Chartered,Citi,Regulated Stablecoin,Permissioned Ledger,APAC,39698.59,Settled,7.2,25.2,4.49,17.82,N/A,10.589096139166033,-0.2953646060425804,False
TXN101519,2026-03-22,HSBC,JPMorgan,Tokenised Deposit,Permissioned Ledger,EU,36373.78,Settled,6.5,34.9,2.24,8.15,N/A,10.501630956345538,-0.36265946907660257,False
TXN101520,2026-07-09,Standard Chartered,UBS,Regulated Stablecoin,Permissioned Ledger,MEA,125011.91,Settled,11.0,38.7,2.11,26.38,N/A,11.736172290951426,0.5871846556723755,False
TXN101521,2026-04-19,Barclays,Citi,Tokenised Real Estate Fund,Public Blockchain,MEA,7500.11,Settled,22.7,26.9,2.15,1.61,N/A,8.922806288573483,-1.577391849965886,False
TXN101522,2026-06-03,UBS,Deutsche Bank,Regulated Stablecoin,Hybrid Network,UK,525500.12,Settled,47.0,43.8,3.46,181.82,N/A,13.172107600600391,1.691979350801062,False
TXN101523,2026-07-13,Standard Chartered,UBS,Tokenised Deposit,Permissioned Ledger,US,16720.32,Settled,7.1,39.9,1.76,2.94,N/A,9.724439830890935,-0.9606227803299803,False
TXN101524,2026-03-14,Barclays,Citi,Tokenised Equity,Public Blockchain,UK,8722.85,Pending,,53.1,3.1,2.7,Pending,9.073815933225971,-1.4612064945363843,False
TXN101525,2026-02-09,UBS,JPMorgan,Tokenised Deposit,Permissioned Ledger,EU,28886.67,Settled,13.0,36.0,2.75,7.94,N/A,10.271170139463633,-0.5399737855470262,False
TXN101526,2026-01-17,BNY Mellon,Standard Chartered,Tokenised Deposit,Permissioned Ledger,US,86342.11,Settled,8.3,42.4,4.46,38.51,N/A,11.366084288845276,0.3024425376186005,False
TXN101527,2026-05-09,JPMorgan,BNY Mellon,Tokenised Deposit,Permissioned Ledger,UK,360766.48,Settled,9.3,48.9,4.12,148.64,N/A,12.795988930070685,1.402597294974566,False
TXN101528,2026-03-02,JPMorgan,Standard Chartered,Regulated Stablecoin,Permissioned Ledger,UK,68415.77,Settled,5.2,22.5,3.08,21.07,N/A,11.133373248998652,0.12339692143183664,False
TXN101529,2026-06-20,HSBC,Deutsche Bank,Tokenised Deposit,Hybrid Network,MEA,18157.9,Pending,,41.2,2.04,3.7,Pending,9.80691607763346,-0.8971663563093595,False
TXN101530,2026-04-14,Citi,JPMorgan,Tokenised Bond,Hybrid Network,US,242970.19,Pending,,30.9,2.37,57.58,Pending,12.40069815562315,1.0984644084104018,False
TXN101531,2026-02-11,Deutsche Bank,Barclays,Regulated Stablecoin,Public Blockchain,APAC,76275.75,Settled,93.5,33.7,1.06,8.09,N/A,11.242123452618957,0.20706827295201707,False
TXN101532,2026-01-25,BNY Mellon,Citi,Regulated Stablecoin,Permissioned Ledger,UK,41161.84,Settled,5.5,20.3,3.71,15.27,N/A,10.625291186595845,-0.26751648773134296,False
TXN101533,2026-02-08,Deutsche Bank,BNY Mellon,Tokenised Equity,Public Blockchain,UK,93251.96,Settled,71.1,20.0,0.61,5.69,N/A,11.443071079629622,0.36167542748626497,False
TXN101534,2026-02-04,Citi,BNY Mellon,Tokenised Real Estate Fund,Public Blockchain,APAC,76165.24,Settled,79.6,35.1,4.21,32.07,N/A,11.24067359888205,0.20595276955399983,False
TXN101535,2026-05-11,Standard Chartered,BNY Mellon,Tokenised Deposit,Public Blockchain,APAC,251094.71,Settled,25.8,48.4,1.4,35.15,N/A,12.433589460172966,1.123770659004227,False
TXN101536,2026-04-18,Standard Chartered,BNY Mellon,Regulated Stablecoin,Permissioned Ledger,MEA,4871.94,Settled,7.7,58.9,0.61,0.3,N/A,8.491452730024013,-1.9092710927200993,False
TXN101537,2026-06-21,JPMorgan,HSBC,Tokenised Bond,Permissioned Ledger,UK,142331.86,Settled,6.3,43.8,2.6,37.01,N/A,11.86592367801019,0.6870141139668132,False
TXN101538,2026-06-28,Citi,Standard Chartered,Tokenised Deposit,Permissioned Ledger,UK,163740.86,Settled,10.5,42.9,3.18,52.07,N/A,12.006046442338254,0.7948232093043022,False
TXN101539,2026-04-12,Deutsche Bank,BNY Mellon,Tokenised Equity,Permissioned Ledger,MEA,31364.11,Settled,8.0,29.5,2.94,9.22,N/A,10.353451407618588,-0.47666737615990895,False
TXN101540,2026-04-08,HSBC,Standard Chartered,Tokenised Deposit,Permissioned Ledger,EU,142612.79,Pending,,35.8,4.09,58.33,Pending,11.867895486354117,0.6885312041752242,False
TXN101541,2026-01-12,BNY Mellon,Deutsche Bank,Tokenised Real Estate Fund,Permissioned Ledger,MEA,547068.74,Settled,3.0,25.5,4.23,231.41,N/A,13.212331568706883,1.7229272815904664,False
TXN101542,2026-01-19,JPMorgan,Citi,Tokenised Equity,Permissioned Ledger,UK,81796.65,Settled,6.4,34.0,0.81,6.63,N/A,11.312003793571806,0.2608335292694242,False
TXN101543,2026-04-11,HSBC,Deutsche Bank,Regulated Stablecoin,Public Blockchain,MEA,28604.32,Settled,100.4,36.5,1.49,4.26,N/A,10.261347993495502,-0.5475308493558577,False
TXN101544,2026-02-13,JPMorgan,Deutsche Bank,Regulated Stablecoin,Permissioned Ledger,MEA,2208.04,Settled,12.4,13.1,1.14,0.25,N/A,7.700313310997234,-2.5179660857150488,False
TXN101545,2026-07-06,BNY Mellon,Barclays,Tokenised Deposit,Permissioned Ledger,EU,55067.53,Settled,12.2,35.0,3.72,20.49,N/A,10.916333688600817,-0.04359121051904385,False
TXN101546,2026-02-18,HSBC,Deutsche Bank,Tokenised Real Estate Fund,Permissioned Ledger,US,20483.47,Settled,8.1,36.9,0.54,1.11,N/A,9.927422317056571,-0.8044500249050517,False
TXN101547,2026-07-08,HSBC,BNY Mellon,Regulated Stablecoin,Permissioned Ledger,MEA,445663.95,Settled,8.8,19.3,1.79,79.77,N/A,13.007322715501298,1.5651954590257604,False
TXN101548,2026-01-17,Standard Chartered,UBS,Tokenised Equity,Public Blockchain,US,957270.58,Settled,73.4,4.0,1.27,121.57,N/A,13.771842412830537,2.153409496423599,False
TXN101549,2026-03-15,HSBC,BNY Mellon,Tokenised Bond,Permissioned Ledger,UK,188760.96,Failed,,20.4,0.98,18.5,Failed,12.148242029342253,0.9042271142971613,False
TXN101550,2026-02-26,Standard Chartered,UBS,Tokenised Real Estate Fund,Permissioned Ledger,UK,1639449.21,Settled,13.1,29.7,3.96,649.22,N/A,14.309871505790749,2.567363860337565,False
TXN101551,2026-02-24,HSBC,UBS,Tokenised Real Estate Fund,Hybrid Network,EU,9077.6,Settled,35.3,30.3,4.07,3.69,N/A,9.11367527468558,-1.430539103951314,False
TXN101552,2026-02-16,HSBC,BNY Mellon,Tokenised Deposit,Public Blockchain,MEA,46374.95,Settled,78.3,28.7,0.76,3.52,N/A,10.74453628487512,-0.1757704660869231,False
TXN101553,2026-01-12,HSBC,UBS,Tokenised Equity,Hybrid Network,US,527823.58,Settled,25.2,29.7,1.29,68.09,N/A,13.17651927263769,1.695373648462456,False
TXN101554,2026-03-03,BNY Mellon,JPMorgan,Tokenised Equity,Public Blockchain,EU,126078.64,Settled,56.4,23.5,2.5,31.52,N/A,11.74466904975768,0.5937219794583841,False
TXN101555,2026-03-21,HSBC,Deutsche Bank,Regulated Stablecoin,Hybrid Network,UK,76104.47,Settled,29.3,21.9,1.44,10.96,N/A,11.239875420373037,0.20533865875346569,False
TXN101556,2026-03-24,Deutsche Bank,BNY Mellon,Tokenised Deposit,Permissioned Ledger,US,51838.26,Pending,,42.7,1.12,5.81,Pending,10.855903056232913,-0.09008595273668146,False
TXN101557,2026-01-08,Barclays,Standard Chartered,Tokenised Bond,Permissioned Ledger,MEA,317111.73,Pending,,7.9,3.47,110.04,Pending,12.667012604785295,1.3033641616885514,False
TXN101558,2026-05-29,Citi,Barclays,Regulated Stablecoin,Hybrid Network,UK,224760.54,Failed,,48.9,1.8,40.46,Failed,12.322795296955642,1.0385267048015507,False
TXN101559,2026-03-22,Deutsche Bank,JPMorgan,Tokenised Equity,Hybrid Network,MEA,253634.57,Settled,9.5,34.5,2.03,51.49,N/A,12.443653751962025,1.1315140274582678,False
TXN101560,2026-04-28,UBS,Standard Chartered,Regulated Stablecoin,Permissioned Ledger,MEA,5122.45,Settled,5.7,42.3,1.27,0.65,N/A,8.541583319238313,-1.8707011037690142,False
TXN101561,2026-07-17,Standard Chartered,BNY Mellon,Tokenised Bond,Permissioned Ledger,APAC,4368.74,Settled,9.5,53.8,3.63,1.59,N/A,8.382458789752139,-1.9931299728551504,False
TXN101562,2026-07-19,Deutsche Bank,UBS,Regulated Stablecoin,Permissioned Ledger,US,845135.09,Settled,10.3,27.6,4.25,359.18,N/A,13.647252946626066,2.057551569951087,False
TXN101563,2026-01-25,Deutsche Bank,UBS,Regulated Stablecoin,Public Blockchain,EU,58435.58,Settled,43.9,35.3,3.32,19.4,N/A,10.975697342591607,0.002082608887564774,False
TXN101564,2026-03-30,Deutsche Bank,UBS,Tokenised Bond,Permissioned Ledger,US,20727.31,Settled,14.4,38.8,1.05,2.18,N/A,9.939255677745704,-0.7953455520036266,False
TXN101565,2026-01-12,HSBC,Barclays,Regulated Stablecoin,Hybrid Network,UK,28333.91,Settled,27.4,64.0,2.63,7.45,N/A,10.251849892314928,-0.5548385962491762,False
TXN101566,2026-05-23,Barclays,Standard Chartered,Tokenised Bond,Public Blockchain,UK,51628.33,Settled,59.8,21.1,3.0,15.49,N/A,10.851845200838108,-0.09320802730623574,False
TXN101567,2026-02-28,UBS,HSBC,Regulated Stablecoin,Permissioned Ledger,UK,36124.19,Settled,10.2,34.4,1.37,4.95,N/A,10.494745684916474,-0.36795693011000474,False
TXN101568,2026-06-03,Barclays,HSBC,Regulated Stablecoin,Public Blockchain,UK,184342.29,Settled,63.6,42.4,0.63,11.61,N/A,12.12455500484418,0.8860025474709214,False
TXN101569,2026-04-19,UBS,BNY Mellon,Tokenised Bond,Public Blockchain,UK,172692.79,Settled,78.0,28.7,4.18,72.19,N/A,12.059275305179048,0.8357769799227134,False
TXN101570,2026-01-26,BNY Mellon,JPMorgan,Tokenised Bond,Permissioned Ledger,UK,219689.15,Settled,12.5,38.5,1.28,28.12,N/A,12.299973423503273,1.0209677767957768,False
TXN101571,2026-02-16,Deutsche Bank,BNY Mellon,Tokenised Real Estate Fund,Permissioned Ledger,EU,45618.35,Settled,1.5,41.8,1.0,4.56,N/A,10.728087247600092,-0.1884261957700846,False
TXN101572,2026-02-01,Deutsche Bank,BNY Mellon,Tokenised Deposit,Public Blockchain,US,51829.3,Settled,49.8,31.7,3.66,18.97,N/A,10.85573019932058,-0.09021894716789139,False
TXN101573,2026-01-10,JPMorgan,BNY Mellon,Regulated Stablecoin,Permissioned Ledger,APAC,19062.09,Settled,9.9,39.1,2.34,4.46,N/A,9.855509283690473,-0.8597792150430806,False
TXN101574,2026-01-16,JPMorgan,HSBC,Tokenised Deposit,Hybrid Network,MEA,24404.98,Settled,24.1,35.1,2.56,6.25,N/A,10.102583463220826,-0.6696827385415473,False
TXN101575,2026-07-18,Citi,BNY Mellon,Regulated Stablecoin,Permissioned Ledger,UK,66463.98,Settled,8.0,38.7,2.79,18.54,N/A,11.104430471391401,0.10112862915716828,False
TXN101576,2026-05-25,Barclays,Standard Chartered,Tokenised Deposit,Hybrid Network,EU,11673.32,Settled,26.8,30.4,1.68,1.96,N/A,9.365146836729496,-1.2370593240093046,False
TXN101577,2026-05-31,Deutsche Bank,BNY Mellon,Tokenised Equity,Public Blockchain,EU,261061.9,Settled,44.5,37.4,3.11,81.19,N/A,12.4725166534385,1.1537208638129137,False
TXN101578,2026-01-26,UBS,Deutsche Bank,Tokenised Bond,Permissioned Ledger,US,131328.29,Settled,8.2,40.8,1.35,17.73,N/A,11.785463112336007,0.6251085354030949,False
TXN101579,2026-03-27,JPMorgan,Citi,Regulated Stablecoin,Public Blockchain,EU,12514.6,Settled,49.3,23.9,2.65,3.32,N/A,9.434731145185708,-1.1835218322225645,False
TXN101580,2026-05-15,UBS,HSBC,Tokenised Real Estate Fund,Public Blockchain,MEA,3606.49,Settled,84.6,50.6,2.13,0.77,N/A,8.190767518641412,-2.1406153769694756,False
TXN101581,2026-01-14,Barclays,UBS,Tokenised Deposit,Permissioned Ledger,UK,34086.08,Settled,8.5,27.3,4.04,13.77,N/A,10.436673705845815,-0.4126369473654984,False
TXN101582,2026-03-20,BNY Mellon,HSBC,Tokenised Bond,Public Blockchain,APAC,10242.14,Settled,58.2,47.6,4.08,4.18,N/A,9.234363492213872,-1.3376827603585169,False
TXN101583,2026-04-27,JPMorgan,UBS,Regulated Stablecoin,Permissioned Ledger,APAC,23388.62,Settled,6.1,9.3,2.94,6.88,N/A,10.060047613187168,-0.7024094088547549,False
TXN101584,2026-01-07,JPMorgan,Standard Chartered,Tokenised Deposit,Hybrid Network,US,66521.4,Settled,26.1,29.5,1.57,10.44,N/A,11.105294012030644,0.10179302894652678,False
TXN101585,2026-05-17,UBS,JPMorgan,Tokenised Real Estate Fund,Hybrid Network,APAC,10157.4,Settled,10.8,33.5,1.33,1.35,N/A,9.226056228416185,-1.3440742885235022,False
TXN101586,2026-04-25,Citi,Standard Chartered,Tokenised Deposit,Public Blockchain,EU,45898.18,Settled,58.2,46.3,3.18,14.6,N/A,10.734202530965309,-0.1837211560822229,False
TXN101587,2026-06-25,Standard Chartered,JPMorgan,Regulated Stablecoin,Permissioned Ledger,EU,181340.35,Settled,6.9,22.2,3.57,64.74,N/A,12.10813644575158,0.8733702674056062,False
TXN101588,2026-03-13,HSBC,Standard Chartered,Tokenised Real Estate Fund,Permissioned Ledger,APAC,8442.22,Settled,8.4,28.7,1.57,1.33,N/A,9.041119031418733,-1.4863631735462566,False
TXN101589,2026-02-28,UBS,Standard Chartered,Tokenised Deposit,Public Blockchain,UK,135730.4,Pending,,46.9,0.79,10.72,Pending,11.818433211833968,0.6504754100655172,False
TXN101590,2026-03-23,UBS,Standard Chartered,Tokenised Equity,Permissioned Ledger,MEA,13149.31,Settled,15.2,49.3,3.51,4.62,N/A,9.48420061147253,-1.1454605048373565,False
TXN101591,2026-04-26,Barclays,BNY Mellon,Tokenised Real Estate Fund,Permissioned Ledger,MEA,131247.91,Settled,1.0,39.2,0.8,10.5,N/A,11.784850875657481,0.6246374864428433,False
TXN101592,2026-06-16,Citi,BNY Mellon,Tokenised Deposit,Public Blockchain,EU,213502.51,Settled,85.4,31.9,1.02,21.78,N/A,12.271408551796707,0.9989902416544755,False
TXN101593,2026-05-26,BNY Mellon,Deutsche Bank,Tokenised Equity,Public Blockchain,EU,26183.01,Settled,56.1,37.8,0.84,2.2,N/A,10.172904198093562,-0.6155786474150872,False
TXN101594,2026-07-06,HSBC,Deutsche Bank,Tokenised Deposit,Public Blockchain,EU,122661.56,Settled,97.9,55.6,1.58,19.38,N/A,11.71719244966168,0.5725817499353315,False
TXN101595,2026-04-13,BNY Mellon,HSBC,Tokenised Bond,Hybrid Network,UK,106228.38,Settled,6.1,9.2,2.21,23.48,N/A,11.573355997364295,0.46191537910618335,False
TXN101596,2026-01-17,BNY Mellon,Standard Chartered,Tokenised Bond,Permissioned Ledger,EU,41938.13,Settled,13.2,47.8,4.0,16.78,N/A,10.643974560320867,-0.2531416812621317,False
TXN101597,2026-01-14,JPMorgan,Deutsche Bank,Tokenised Equity,Permissioned Ledger,APAC,7496.51,Settled,7.9,23.9,1.28,0.96,N/A,8.922326244400201,-1.577761191295196,False
TXN101598,2026-06-08,Standard Chartered,Barclays,Tokenised Equity,Permissioned Ledger,APAC,115647.58,Settled,10.0,7.7,4.09,47.3,N/A,11.658311389157918,0.527279233275295,False
TXN101599,2026-06-01,BNY Mellon,Standard Chartered,Tokenised Deposit,Permissioned Ledger,US,10844.67,Settled,6.6,42.1,1.07,1.16,N/A,9.291521200974637,-1.2937061738087776,False
TXN101600,2026-04-18,HSBC,Citi,Tokenised Deposit,Permissioned Ledger,US,27029.77,Settled,3.7,18.2,0.94,2.54,N/A,10.204731125731195,-0.5910913180904135,False
TXN101601,2026-07-07,HSBC,JPMorgan,Tokenised Bond,Permissioned Ledger,APAC,18119.51,Settled,6.5,36.6,2.98,5.4,N/A,9.804799724896252,-0.8987946575715239,False
TXN101602,2026-02-14,HSBC,Citi,Tokenised Deposit,Public Blockchain,US,98543.17,Settled,102.8,23.1,3.96,39.02,N/A,11.49826015304305,0.40413736510038295,False
TXN101603,2026-04-08,Citi,Standard Chartered,Tokenised Deposit,Permissioned Ledger,US,17256.38,Settled,10.4,45.3,3.66,6.32,N/A,9.755995157054976,-0.9363444185438841,False
TXN101604,2026-05-11,UBS,Standard Chartered,Tokenised Real Estate Fund,Permissioned Ledger,UK,399728.8,Settled,8.8,46.2,1.66,66.35,N/A,12.898544097837199,1.4815022460159717,False
TXN101605,2026-02-06,Standard Chartered,UBS,Regulated Stablecoin,Public Blockchain,EU,11354.74,Settled,58.5,64.5,1.69,1.92,N/A,9.33747862194506,-1.2583469800145035,False
TXN101606,2026-06-20,HSBC,BNY Mellon,Tokenised Deposit,Permissioned Ledger,EU,29421.68,Settled,7.7,50.7,0.81,2.38,N/A,10.28952108450012,-0.5258547464853959,False
TXN101607,2026-06-17,BNY Mellon,Citi,Tokenised Real Estate Fund,Permissioned Ledger,APAC,1048547.32,Settled,5.9,51.5,3.45,361.75,N/A,13.862917213145403,2.2234815641355947,False
TXN101608,2026-07-02,Standard Chartered,UBS,Tokenised Bond,Permissioned Ledger,UK,265071.72,Settled,8.4,47.0,2.8,74.22,N/A,12.487759482417763,1.1654485485365105,False
TXN101609,2026-04-18,Deutsche Bank,Barclays,Tokenised Deposit,Permissioned Ledger,EU,20638.5,Settled,7.4,44.2,2.53,5.22,N/A,9.934961994495872,-0.7986490702367267,False
TXN101610,2026-02-08,JPMorgan,UBS,Tokenised Bond,Permissioned Ledger,EU,49421.41,Settled,9.3,38.0,3.32,16.41,N/A,10.808159244035505,-0.12681957860859627,False
TXN101611,2026-01-15,BNY Mellon,Citi,Regulated Stablecoin,Public Blockchain,US,10861.97,Settled,59.0,29.5,3.8,4.13,N/A,9.29311503676189,-1.292479892018205,False
TXN101612,2026-04-30,Citi,UBS,Tokenised Deposit,Permissioned Ledger,UK,12238.15,Settled,10.6,32.2,2.71,3.32,N/A,9.412395109210495,-1.2007069615872374,False
TXN101613,2026-01-04,Deutsche Bank,HSBC,Tokenised Deposit,Permissioned Ledger,US,27179.62,Settled,7.1,55.7,0.83,2.26,N/A,10.210259498335331,-0.586837841847645,False
TXN101614,2026-04-03,Barclays,Standard Chartered,Tokenised Equity,Permissioned Ledger,UK,80789.14,Settled,10.0,39.5,1.51,12.2,N/A,11.299610207359986,0.25129802428641357,False
TXN101615,2026-06-02,JPMorgan,Citi,Tokenised Bond,Public Blockchain,APAC,25825.37,Settled,47.6,49.6,1.52,3.93,N/A,10.159151341951535,-0.6261599614941271,False
TXN101616,2026-05-21,Deutsche Bank,Citi,Tokenised Equity,Public Blockchain,UK,35071.73,Settled,67.5,29.2,4.02,14.1,N/A,10.46517918441589,-0.3907051087271531,False
TXN101617,2026-06-10,Citi,Standard Chartered,Tokenised Deposit,Permissioned Ledger,MEA,12312.42,Settled,6.7,41.2,3.3,4.06,N/A,9.418445003501066,-1.1960522316189726,False
TXN101618,2026-01-16,JPMorgan,Standard Chartered,Tokenised Deposit,Public Blockchain,APAC,41067.01,Settled,68.4,54.3,1.99,8.17,N/A,10.622984751917414,-0.2692910361948209,False
TXN101619,2026-06-19,Standard Chartered,JPMorgan,Regulated Stablecoin,Public Blockchain,UK,162390.92,Settled,66.2,40.7,2.8,45.47,N/A,11.997767951777377,0.7884538189885457,False
TXN101620,2026-04-18,Standard Chartered,Deutsche Bank,Tokenised Deposit,Permissioned Ledger,APAC,34537.78,Settled,6.8,35.9,1.48,5.11,N/A,10.449838029710325,-0.4025084443105647,False
TXN101621,2026-05-06,UBS,Deutsche Bank,Regulated Stablecoin,Hybrid Network,US,261050.73,Settled,41.5,34.7,0.77,20.1,N/A,12.472473865899675,1.1536879434956857,False
TXN101622,2026-07-13,BNY Mellon,HSBC,Tokenised Deposit,Permissioned Ledger,APAC,68765.47,Settled,6.4,47.0,1.1,7.56,N/A,11.138471550474396,0.12731950512117143,False
TXN101623,2026-02-24,BNY Mellon,HSBC,Tokenised Bond,Permissioned Ledger,EU,157883.62,Settled,6.2,18.3,1.06,16.74,N/A,11.969619792079826,0.7667968980238459,False
TXN101624,2026-06-19,HSBC,BNY Mellon,Tokenised Deposit,Permissioned Ledger,MEA,19562.21,Settled,8.0,36.5,1.53,2.99,N/A,9.881406040553612,-0.8398545015750154,False
TXN101625,2026-02-03,Deutsche Bank,Standard Chartered,Regulated Stablecoin,Permissioned Ledger,APAC,80629.69,Settled,4.3,34.2,3.82,30.8,N/A,11.297634625251282,0.24977803057999717,False
TXN101626,2026-06-07,Citi,Deutsche Bank,Tokenised Deposit,Permissioned Ledger,APAC,60123.58,Settled,6.4,24.6,3.5,21.04,N/A,11.004174021936679,0.02399228968161629,False
TXN101627,2026-01-13,Barclays,Deutsche Bank,Tokenised Deposit,Public Blockchain,US,29185.4,Settled,50.8,24.1,2.75,8.03,N/A,10.281458126334899,-0.5320583082671296,False
TXN101628,2026-05-21,JPMorgan,Citi,Regulated Stablecoin,Permissioned Ledger,MEA,499717.35,Settled,5.2,33.5,1.43,71.46,N/A,13.121799918691279,1.6532731084488241,False
TXN101629,2026-01-18,Deutsche Bank,Barclays,Tokenised Deposit,Permissioned Ledger,EU,30660.45,Settled,8.5,29.5,1.49,4.57,N/A,10.33076144419729,-0.4941248138676301,False
TXN101630,2026-06-09,JPMorgan,Standard Chartered,Tokenised Deposit,Hybrid Network,APAC,203341.9,Settled,7.2,24.6,2.98,60.6,N/A,12.222648995554934,0.9614751121700499,False
TXN101631,2026-04-06,HSBC,UBS,Regulated Stablecoin,Permissioned Ledger,US,50324.27,Settled,7.2,35.5,4.02,20.23,N/A,10.826262615620276,-0.11289102015864165,False
TXN101632,2026-05-03,Deutsche Bank,Barclays,Tokenised Deposit,Hybrid Network,UK,53432.82,Settled,22.7,31.0,1.98,10.58,N/A,10.886199157810703,-0.06677642612966164,False
TXN101633,2026-02-08,Standard Chartered,JPMorgan,Tokenised Deposit,Permissioned Ledger,US,53721.36,Settled,4.7,51.1,0.95,5.1,N/A,10.891584581168864,-0.0626329336497857,False
TXN101634,2026-02-15,HSBC,Citi,Tokenised Deposit,Permissioned Ledger,EU,34313.18,Settled,5.9,38.7,2.2,7.55,N/A,10.443313958801934,-0.4075280011678967,False
TXN101635,2026-01-29,BNY Mellon,JPMorgan,Tokenised Deposit,Permissioned Ledger,APAC,105103.0,Settled,5.5,71.6,2.02,21.23,N/A,11.562705615132254,0.4537210783518347,False
TXN101636,2026-07-09,BNY Mellon,Barclays,Regulated Stablecoin,Hybrid Network,APAC,53171.04,Settled,20.6,33.3,1.79,9.52,N/A,10.881287973262841,-0.0705550438701792,False
TXN101637,2026-03-03,Citi,HSBC,Tokenised Deposit,Public Blockchain,UK,109313.33,Settled,67.7,62.2,1.83,20.0,N/A,11.601982772615683,0.48394054223425337,False
TXN101638,2026-07-04,JPMorgan,HSBC,Tokenised Real Estate Fund,Permissioned Ledger,MEA,8207.76,Settled,12.7,36.9,4.25,3.49,N/A,9.012957155716714,-1.5080306474717144,False
TXN101639,2026-01-16,HSBC,Barclays,Tokenised Deposit,Public Blockchain,US,113061.41,Settled,64.8,57.1,1.36,15.38,N/A,11.635695246117434,0.5098785922523327,False
TXN101640,2026-07-03,Standard Chartered,Citi,Tokenised Deposit,Permissioned Ledger,US,32349.27,Settled,7.6,23.3,4.46,14.43,N/A,10.38437764610751,-0.4528730283273466,False
TXN101641,2026-05-01,BNY Mellon,Citi,Tokenised Deposit,Public Blockchain,MEA,7380.62,Settled,51.9,37.3,3.78,2.79,N/A,8.906748405700363,-1.5897466292473834,False
TXN101642,2026-01-10,UBS,Deutsche Bank,Tokenised Deposit,Permissioned Ledger,UK,303555.05,Settled,11.9,29.9,1.49,45.23,N/A,12.62332155117861,1.2697486889545813,False
TXN101643,2026-06-07,JPMorgan,Citi,Tokenised Real Estate Fund,Permissioned Ledger,APAC,24261.59,Settled,1.5,46.6,3.74,9.07,N/A,10.096690936898515,-0.6742163911218902,False
TXN101644,2026-06-02,JPMorgan,Barclays,Regulated Stablecoin,Permissioned Ledger,EU,12827.15,Settled,8.6,46.5,1.52,1.95,N/A,9.459397253915869,-1.1645439674876894,False
TXN101645,2026-04-13,UBS,Deutsche Bank,Regulated Stablecoin,Hybrid Network,EU,14831.87,Settled,38.4,43.8,3.86,5.73,N/A,9.604600943043312,-1.0528256579070638,False
TXN101646,2026-03-25,JPMorgan,Deutsche Bank,Tokenised Equity,Permissioned Ledger,UK,249663.1,Failed,,48.8,4.36,108.85,Failed,12.427871693404573,1.1193714647290696,False
TXN101647,2026-05-13,UBS,BNY Mellon,Tokenised Bond,Public Blockchain,EU,36093.83,Settled,58.1,33.8,2.79,10.07,N/A,10.49390492076857,-0.3686038058879157,False
TXN101648,2026-03-06,Deutsche Bank,Barclays,Tokenised Real Estate Fund,Hybrid Network,APAC,858942.88,Settled,32.6,46.3,1.95,167.49,N/A,13.663458867051038,2.0700202478886487,False
TXN101649,2026-06-26,Barclays,Citi,Tokenised Deposit,Permissioned Ledger,MEA,47268.23,Failed,,41.9,2.79,13.19,Failed,10.763614834253296,-0.16109161530435298,False
TXN101650,2026-01-03,Citi,Standard Chartered,Tokenised Equity,Public Blockchain,APAC,513443.04,Settled,76.6,47.2,4.42,226.94,N/A,13.148896324807586,1.6741208204127194,False
TXN101651,2026-06-22,JPMorgan,Standard Chartered,Tokenised Bond,Permissioned Ledger,APAC,42469.18,Settled,12.3,59.4,0.97,4.12,N/A,10.656557461584184,-0.24346051911532263,False
TXN101652,2026-05-22,Standard Chartered,Citi,Regulated Stablecoin,Permissioned Ledger,MEA,380881.81,Settled,7.6,19.4,1.85,70.46,N/A,12.85024702149294,1.4443429440774975,False
TXN101653,2026-04-30,HSBC,UBS,Tokenised Real Estate Fund,Hybrid Network,MEA,30303.06,Settled,24.2,37.6,1.77,5.36,N/A,10.319036975920486,-0.5031455060035337,False
TXN101654,2026-06-07,JPMorgan,Deutsche Bank,Tokenised Real Estate Fund,Hybrid Network,US,4279529.63,Settled,32.8,32.8,4.13,1767.45,N/A,15.269353895656385,3.3055803017537793,True
TXN101655,2026-03-09,Standard Chartered,Barclays,Tokenised Bond,Public Blockchain,US,185301.71,Settled,59.1,41.2,0.95,17.6,N/A,12.12974603709905,0.8899964773219988,False
TXN101656,2026-05-26,JPMorgan,Barclays,Regulated Stablecoin,Permissioned Ledger,EU,51058.71,Pending,,36.2,4.36,22.26,Pending,10.84075101118671,-0.10174378918301069,False
TXN101657,2026-07-09,Citi,HSBC,Tokenised Bond,Permissioned Ledger,UK,58765.59,Settled,9.5,36.5,1.13,6.64,N/A,10.98132877512256,0.00641537843809031,False
TXN101658,2026-02-06,BNY Mellon,JPMorgan,Tokenised Deposit,Hybrid Network,APAC,5787.55,Settled,19.5,35.3,1.29,0.75,N/A,8.663637107424837,-1.7767941033611783,False
TXN101659,2026-06-02,Standard Chartered,Deutsche Bank,Tokenised Bond,Public Blockchain,APAC,52861.2,Settled,83.9,32.6,2.4,12.69,N/A,10.875443806664144,-0.07505148894838219,False
TXN101660,2026-06-25,HSBC,Citi,Tokenised Real Estate Fund,Permissioned Ledger,MEA,19524.44,Settled,5.9,39.7,3.34,6.52,N/A,9.87947350966524,-0.841341372090211,False
TXN101661,2026-07-12,HSBC,Barclays,Tokenised Equity,Hybrid Network,UK,297027.31,Settled,7.6,31.2,1.06,31.48,N/A,12.601582733107508,1.2530230532508446,False
TXN101662,2026-06-30,Barclays,BNY Mellon,Regulated Stablecoin,Permissioned Ledger,EU,172056.64,Settled,14.0,57.8,0.72,12.39,N/A,12.055584815935742,0.8329375533057645,False
TXN101663,2026-03-14,HSBC,UBS,Regulated Stablecoin,Public Blockchain,MEA,91121.96,Settled,48.2,31.7,2.74,24.97,N/A,11.419965082229094,0.3438978972714806,False
TXN101664,2026-05-23,Citi,Deutsche Bank,Tokenised Deposit,Public Blockchain,EU,14607.26,Settled,85.4,2.6,1.8,2.63,N/A,9.589342401142952,-1.0645654319996989,False
TXN101665,2026-02-18,UBS,Citi,Regulated Stablecoin,Permissioned Ledger,APAC,53460.97,Settled,8.3,38.5,2.97,15.88,N/A,10.886725838995261,-0.06637120273636936,False
TXN101666,2026-05-01,HSBC,UBS,Regulated Stablecoin,Permissioned Ledger,MEA,16825.43,Pending,,41.4,0.94,1.58,Pending,9.730706143471844,-0.9558015402289213,False
TXN101667,2026-03-29,Deutsche Bank,Standard Chartered,Tokenised Real Estate Fund,Permissioned Ledger,MEA,581040.79,Pending,,43.8,4.43,257.4,Pending,13.272577960958218,1.7692802712499993,False
TXN101668,2026-07-15,UBS,Barclays,Tokenised Bond,Permissioned Ledger,US,50652.9,Settled,6.9,25.7,1.44,7.29,N/A,10.832771505725391,-0.10788314326405875,False
TXN101669,2026-05-20,JPMorgan,Deutsche Bank,Tokenised Deposit,Hybrid Network,UK,46929.13,Settled,36.3,26.2,1.76,8.26,N/A,10.756415178867728,-0.16663096030358887,False
TXN101670,2026-07-06,JPMorgan,BNY Mellon,Regulated Stablecoin,Public Blockchain,UK,5793.85,Settled,35.5,27.6,4.0,2.32,N/A,8.664724871055757,-1.7759571885775391,False
TXN101671,2026-02-06,Standard Chartered,HSBC,Tokenised Equity,Permissioned Ledger,UK,68517.66,Pending,,25.5,0.83,5.69,Pending,11.134861395912912,0.12454188722897204,False
TXN101672,2026-03-02,Standard Chartered,HSBC,Tokenised Bond,Hybrid Network,MEA,84623.26,Settled,30.0,44.9,3.03,25.64,N/A,11.345976265715485,0.28697161971997465,False
TXN101673,2026-06-20,HSBC,JPMorgan,Tokenised Equity,Hybrid Network,US,535549.45,Settled,30.3,29.8,3.88,207.79,N/A,13.191050375450102,1.706553737978778,False
TXN101674,2026-05-04,BNY Mellon,Citi,Tokenised Deposit,Permissioned Ledger,EU,306330.59,Settled,11.5,49.6,2.05,62.8,N/A,12.632423421685077,1.2767515798116578,False
TXN101675,2026-07-17,JPMorgan,Deutsche Bank,Tokenised Deposit,Permissioned Ledger,MEA,15253.8,Settled,5.7,30.5,1.97,3.0,N/A,9.632649486609239,-1.0312453806275137,False
TXN101676,2026-02-08,BNY Mellon,Standard Chartered,Tokenised Bond,Public Blockchain,APAC,64629.45,Settled,20.4,20.0,0.66,4.27,N/A,11.076440940943517,0.07959375599806671,False
TXN101677,2026-07-03,Barclays,Standard Chartered,Tokenised Bond,Permissioned Ledger,APAC,259177.24,Settled,8.7,38.0,1.44,37.32,N/A,12.465271289318922,1.1481463509572178,False
TXN101678,2026-03-04,BNY Mellon,JPMorgan,Tokenised Deposit,Permissioned Ledger,MEA,113877.57,Pending,,38.4,3.09,35.19,Pending,11.642887984235507,0.5154126151730726,False
TXN101679,2026-02-15,UBS,Citi,Tokenised Real Estate Fund,Permissioned Ledger,MEA,69416.86,Settled,4.0,56.6,1.76,12.22,N/A,11.147899462089569,0.1345732488438826,False
TXN101680,2026-03-29,Standard Chartered,HSBC,Tokenised Real Estate Fund,Permissioned Ledger,MEA,15760.72,Settled,8.5,37.6,0.54,0.85,N/A,9.665339494512692,-1.0060940057203263,False
TXN101681,2026-01-11,Barclays,Standard Chartered,Tokenised Real Estate Fund,Public Blockchain,APAC,44820.79,Settled,29.0,28.5,0.89,3.99,N/A,10.710449684085326,-0.20199636601046433,False
TXN101682,2026-03-03,UBS,Deutsche Bank,Tokenised Equity,Hybrid Network,APAC,203027.84,Settled,21.9,21.7,0.51,10.35,N/A,12.221103316898601,0.9602858820087636,False
TXN101683,2026-03-18,Standard Chartered,Barclays,Tokenised Deposit,Permissioned Ledger,UK,35856.47,Settled,7.8,21.4,2.62,9.39,N/A,10.487307192522964,-0.3736800339858426,False
TXN101684,2026-06-02,UBS,Deutsche Bank,Tokenised Real Estate Fund,Permissioned Ledger,UK,65625.72,Settled,4.7,40.6,1.48,9.71,N/A,11.09173820907427,0.09136332567662633,False
TXN101685,2026-07-18,JPMorgan,BNY Mellon,Tokenised Bond,Public Blockchain,EU,523496.43,Settled,37.3,40.9,2.15,112.55,N/A,13.168287400016112,1.6890401255368885,False
TXN101686,2026-02-21,Barclays,HSBC,Tokenised Bond,Permissioned Ledger,MEA,6142.0,Settled,3.9,20.8,3.97,2.44,N/A,8.723068501163928,-1.7310681656494693,False
TXN101687,2026-01-04,Citi,JPMorgan,Tokenised Bond,Permissioned Ledger,UK,15488.68,Settled,11.4,20.1,3.33,5.16,N/A,9.647929274708178,-1.019489259915833,False
TXN101688,2026-02-28,Standard Chartered,Deutsche Bank,Tokenised Equity,Public Blockchain,MEA,413029.34,Settled,48.7,36.0,2.14,88.39,N/A,12.931276331714669,1.5066861091778716,False
TXN101689,2026-03-13,Standard Chartered,HSBC,Tokenised Deposit,Hybrid Network,US,139616.57,Settled,37.0,37.5,2.13,29.74,N/A,11.846662320989608,0.6721946127578617,False
TXN101690,2026-05-28,HSBC,Standard Chartered,Tokenised Equity,Hybrid Network,MEA,227707.8,Settled,12.3,49.1,3.23,73.55,N/A,12.335822898648036,1.0485500151438014,False
TXN101691,2026-04-03,Deutsche Bank,Standard Chartered,Tokenised Bond,Permissioned Ledger,APAC,232925.66,Settled,6.9,45.6,1.01,23.53,N/A,12.358478919050771,1.0659813374223712,False
TXN101692,2026-03-04,JPMorgan,Barclays,Tokenised Deposit,Permissioned Ledger,APAC,255205.82,Settled,7.1,26.2,3.2,81.67,N/A,12.44982955423362,1.1362656298055145,False
TXN101693,2026-02-23,JPMorgan,Barclays,Tokenised Deposit,Hybrid Network,MEA,172266.85,Settled,33.9,31.0,4.0,68.91,N/A,12.056805811953874,0.8338769757954414,False
TXN101694,2026-04-27,BNY Mellon,JPMorgan,Regulated Stablecoin,Public Blockchain,APAC,67719.88,Settled,57.1,39.2,4.07,27.56,N/A,11.123149830846634,0.11553112269805335,False
TXN101695,2026-04-20,Barclays,Deutsche Bank,Tokenised Bond,Hybrid Network,APAC,268644.64,Settled,24.2,29.7,2.03,54.53,N/A,12.50114846673065,1.1757499031606642,False
TXN101696,2026-03-15,Standard Chartered,BNY Mellon,Regulated Stablecoin,Hybrid Network,APAC,115584.71,Settled,26.3,44.9,4.31,49.82,N/A,11.657767611662383,0.5268608561462136,False
TXN101697,2026-04-17,BNY Mellon,Citi,Regulated Stablecoin,Public Blockchain,EU,6285.98,Settled,81.6,24.0,2.95,1.85,N/A,8.746236107210512,-1.7132432343401647,False
TXN101698,2026-02-26,Standard Chartered,UBS,Tokenised Bond,Permissioned Ledger,APAC,70887.76,Settled,10.3,37.1,2.8,19.85,N/A,11.168867166807237,0.15070559741518927,False
TXN101699,2026-06-18,Standard Chartered,Barclays,Tokenised Deposit,Permissioned Ledger,US,22604.08,Settled,9.6,17.3,1.46,3.3,N/A,10.025929938762479,-0.7286592165314937,False
TXN101700,2026-01-03,HSBC,Deutsche Bank,Tokenised Bond,Permissioned Ledger,MEA,25831.64,Settled,3.3,36.3,2.71,7.0,N/A,10.159394087603486,-0.6259731953447478,False
TXN101701,2026-04-30,JPMorgan,HSBC,Tokenised Real Estate Fund,Hybrid Network,EU,123617.87,Settled,10.5,48.4,1.14,14.09,N/A,11.724958482255776,0.5785568600635529,False
TXN101702,2026-01-06,JPMorgan,BNY Mellon,Tokenised Bond,Public Blockchain,APAC,2709.21,Pending,,19.7,1.47,0.4,Pending,7.9047814016463995,-2.3606503206145213,False
TXN101703,2026-01-05,UBS,Standard Chartered,Tokenised Deposit,Hybrid Network,APAC,5168.95,Settled,16.0,35.8,1.14,0.59,N/A,8.550618296275825,-1.8637496800979207,False
TXN101704,2026-01-05,HSBC,BNY Mellon,Tokenised Bond,Permissioned Ledger,MEA,38352.39,Settled,8.5,19.2,3.97,15.23,N/A,10.554598199238088,-0.3219069863080113,False
TXN101705,2026-02-23,Citi,UBS,Tokenised Deposit,Permissioned Ledger,UK,63977.41,Settled,15.2,42.4,4.49,28.73,N/A,11.066300961678607,0.07179215433446128,False
TXN101706,2026-02-16,JPMorgan,HSBC,Tokenised Deposit,Permissioned Ledger,UK,32725.41,Settled,8.9,59.1,2.67,8.74,N/A,10.39593767617535,-0.44397885335396226,False
TXN101707,2026-06-26,Standard Chartered,Citi,Regulated Stablecoin,Hybrid Network,UK,63727.89,Settled,1.0,20.4,3.91,24.92,N/A,11.062393270927723,0.06878561498497247,False
TXN101708,2026-01-09,UBS,Barclays,Regulated Stablecoin,Public Blockchain,APAC,21088.05,Settled,98.9,30.6,1.22,2.57,N/A,9.956509227413216,-0.7820708382914426,False
TXN101709,2026-04-09,UBS,Barclays,Regulated Stablecoin,Public Blockchain,EU,73100.24,Settled,50.8,18.6,1.36,9.94,N/A,11.199600608658294,0.17435160938518118,False
TXN101710,2026-01-20,Standard Chartered,Barclays,Regulated Stablecoin,Permissioned Ledger,APAC,3722.06,Settled,9.0,17.2,0.69,0.26,N/A,8.22230118977831,-2.1163536763511552,False
TXN101711,2026-05-02,Deutsche Bank,BNY Mellon,Regulated Stablecoin,Permissioned Ledger,MEA,72903.0,Settled,11.2,50.4,1.52,11.08,N/A,11.196898786175963,0.17227285338161955,False
TXN101712,2026-03-02,Barclays,HSBC,Tokenised Equity,Permissioned Ledger,US,1950345.91,Settled,6.2,56.9,2.77,540.25,N/A,14.483517817281248,2.700965647600715,False
TXN101713,2026-05-03,HSBC,Barclays,Tokenised Deposit,Permissioned Ledger,UK,55283.19,Settled,12.1,31.2,1.07,5.92,N/A,10.920242251517086,-0.040584000133969796,False
TXN101714,2026-06-12,Barclays,Citi,Tokenised Equity,Hybrid Network,US,166793.38,Settled,20.2,24.1,4.41,73.56,N/A,12.024517075293597,0.8090343350894322,False
TXN101715,2026-06-27,HSBC,Citi,Tokenised Real Estate Fund,Permissioned Ledger,MEA,322.19,Settled,8.2,69.7,2.92,0.09,N/A,5.778240385574211,-3.9967903456860294,True
TXN101716,2026-03-23,Barclays,JPMorgan,Regulated Stablecoin,Permissioned Ledger,UK,27459.17,Settled,9.3,40.2,1.42,3.9,N/A,10.220491870125814,-0.5789651542712989,False
TXN101717,2026-03-03,Deutsche Bank,HSBC,Tokenised Deposit,Public Blockchain,EU,193108.54,Settled,99.5,31.8,2.99,57.74,N/A,12.171012871649896,0.9217467794353119,False
TXN101718,2026-05-25,BNY Mellon,JPMorgan,Regulated Stablecoin,Public Blockchain,APAC,696618.05,Settled,35.5,34.2,2.08,144.9,N/A,13.45399398365467,1.9088599989296413,False
TXN101719,2026-01-03,Citi,JPMorgan,Tokenised Real Estate Fund,Public Blockchain,APAC,56174.31,Settled,56.2,26.9,2.57,14.44,N/A,10.936232615507373,-0.02828116922582478,False
TXN101720,2026-06-09,BNY Mellon,Citi,Tokenised Equity,Public Blockchain,UK,236018.47,Settled,46.3,42.1,3.16,74.58,N/A,12.37166958060481,1.076130104440087,False
TXN101721,2026-01-13,JPMorgan,Standard Chartered,Regulated Stablecoin,Permissioned Ledger,UK,28030.72,Settled,7.6,18.6,2.56,7.18,N/A,10.241092005101757,-0.5631156102929419,False
TXN101722,2026-04-30,Barclays,HSBC,Tokenised Deposit,Public Blockchain,EU,66039.28,Settled,66.7,56.4,1.81,11.95,N/A,11.09802013787971,0.09619658074932314,False
TXN101723,2026-05-05,Standard Chartered,HSBC,Tokenised Bond,Hybrid Network,US,50437.1,Settled,8.1,32.1,2.13,10.74,N/A,10.82850212085233,-0.11116796656182612,False
TXN101724,2026-03-30,JPMorgan,HSBC,Regulated Stablecoin,Hybrid Network,APAC,344427.02,Settled,31.2,45.4,0.63,21.7,N/A,12.749640407111276,1.3669371911046198,False
TXN101725,2026-03-14,JPMorgan,UBS,Tokenised Deposit,Public Blockchain,UK,128731.17,Settled,79.1,40.4,4.17,53.68,N/A,11.765489323499096,0.6097408960670065,False
TXN101726,2026-03-09,Deutsche Bank,BNY Mellon,Tokenised Bond,Public Blockchain,EU,44657.27,Settled,84.3,38.6,1.49,6.65,N/A,10.706794787518904,-0.20480840796715544,False
TXN101727,2026-05-22,Citi,Barclays,Tokenised Bond,Public Blockchain,MEA,84369.01,Settled,78.0,34.0,2.58,21.77,N/A,11.342967285685207,0.2846565396792083,False
TXN101728,2026-04-11,Deutsche Bank,Standard Chartered,Tokenised Bond,Permissioned Ledger,MEA,27940.41,Settled,9.9,16.7,3.54,9.89,N/A,10.237865096820371,-0.5655983622156684,False
TXN101729,2026-04-08,HSBC,Deutsche Bank,Regulated Stablecoin,Hybrid Network,APAC,74624.49,Settled,23.0,25.3,4.35,32.46,N/A,11.2202374168375,0.19022936937030863,False
TXN101730,2026-01-11,HSBC,Deutsche Bank,Tokenised Bond,Permissioned Ledger,UK,303.69,Settled,4.7,14.7,2.95,0.09,N/A,5.71929486628671,-4.042142456308866,True
TXN101731,2026-04-15,JPMorgan,BNY Mellon,Tokenised Equity,Hybrid Network,APAC,265846.39,Settled,15.9,30.9,1.07,28.45,N/A,12.490677701317995,1.167693797844426,False
TXN101732,2026-07-03,JPMorgan,Deutsche Bank,Tokenised Deposit,Permissioned Ledger,UK,24345.39,Settled,8.4,34.1,2.65,6.45,N/A,10.10013886289981,-0.671563590309883,False
TXN101733,2026-03-08,Barclays,Deutsche Bank,Tokenised Equity,Permissioned Ledger,US,1015152.22,Settled,8.6,30.2,3.25,329.92,N/A,13.83055011473039,2.1985786326557935,False
TXN101734,2026-05-03,Barclays,JPMorgan,Tokenised Real Estate Fund,Permissioned Ledger,UK,168440.49,Settled,1.0,58.4,2.14,36.05,N/A,12.034343728116578,0.8165948664286579,False
TXN101735,2026-01-29,Barclays,UBS,Tokenised Deposit,Public Blockchain,EU,65153.36,Settled,63.2,26.9,0.63,4.1,N/A,11.084514502800351,0.08580547615724608,False
TXN101736,2026-05-17,Citi,UBS,Tokenised Deposit,Public Blockchain,APAC,108645.86,Settled,66.8,41.4,0.87,9.45,N/A,11.595858085128901,0.4792282671065027,False
TXN101737,2026-07-14,HSBC,JPMorgan,Tokenised Deposit,Permissioned Ledger,US,10370.0,Settled,8.9,39.8,3.48,3.61,N/A,9.246768728589734,-1.3281382918523275,False
TXN101738,2026-06-02,Barclays,BNY Mellon,Regulated Stablecoin,Public Blockchain,UK,73440.31,Settled,61.4,29.5,2.28,16.74,N/A,11.204241862825914,0.17792254531013155,False
TXN101739,2026-03-17,Standard Chartered,JPMorgan,Tokenised Deposit,Permissioned Ledger,EU,175186.86,Settled,8.1,48.2,3.37,59.04,N/A,12.073614162846168,0.8468091578894994,False
TXN101740,2026-06-19,Citi,JPMorgan,Tokenised Deposit,Public Blockchain,APAC,65568.74,Settled,83.5,26.8,2.23,14.62,N/A,11.090869588021803,0.09069501706662558,False
TXN101741,2026-01-09,Standard Chartered,Citi,Tokenised Deposit,Permissioned Ledger,APAC,80464.22,Failed,,54.0,3.53,28.4,Failed,11.295580320356855,0.24819746832605066,False
TXN101742,2026-02-09,Citi,HSBC,Tokenised Deposit,Permissioned Ledger,EU,123904.04,Settled,3.9,33.1,3.82,47.33,N/A,11.727270744756009,0.5803358923965811,False
TXN101743,2026-01-25,JPMorgan,BNY Mellon,Regulated Stablecoin,Public Blockchain,EU,60746.96,Settled,44.4,30.1,2.3,13.97,N/A,11.014488780392051,0.03192836475857438,False
TXN101744,2026-01-05,Citi,Barclays,Tokenised Bond,Public Blockchain,MEA,108203.69,Settled,63.4,2.0,1.83,19.8,N/A,11.591779990111315,0.47609062036755473,False
TXN101745,2026-05-19,Barclays,JPMorgan,Tokenised Real Estate Fund,Hybrid Network,US,24022.16,Settled,34.1,47.3,2.2,5.28,N/A,10.08677364401691,-0.6818466600427883,False
TXN101746,2026-07-06,UBS,Standard Chartered,Tokenised Real Estate Fund,Permissioned Ledger,US,32160.56,Settled,5.0,29.8,3.47,11.16,N/A,10.37852722957914,-0.45737428204079983,False
TXN101747,2026-05-04,Barclays,UBS,Tokenised Bond,Permissioned Ledger,UK,21190.72,Settled,9.7,31.6,2.56,5.42,N/A,9.961365818331588,-0.7783342243597611,False
TXN101748,2026-02-07,JPMorgan,UBS,Regulated Stablecoin,Permissioned Ledger,EU,97170.73,Pending,,49.9,2.9,28.18,Pending,11.484235104523922,0.39334662884733856,False
TXN101749,2026-03-13,BNY Mellon,Standard Chartered,Tokenised Real Estate Fund,Public Blockchain,EU,104286.95,Settled,64.3,36.8,4.41,45.99,N/A,11.554911102195627,0.4477240557243999,False
TXN101750,2026-05-13,BNY Mellon,HSBC,Tokenised Bond,Permissioned Ledger,US,152092.82,Settled,13.1,18.1,1.74,26.46,N/A,11.932252846258208,0.7380471324602595,False
TXN101751,2026-06-25,JPMorgan,BNY Mellon,Regulated Stablecoin,Permissioned Ledger,APAC,41748.46,Settled,2.4,33.1,3.71,15.49,N/A,10.639441796063618,-0.25662914610266246,False
TXN101752,2026-03-31,Deutsche Bank,Barclays,Regulated Stablecoin,Hybrid Network,US,58247.68,Settled,38.1,20.2,3.95,23.01,N/A,10.972476710226978,-0.0003953144057008443,False
TXN101753,2026-05-26,Citi,JPMorgan,Tokenised Deposit,Permissioned Ledger,EU,14043.02,Settled,4.8,24.3,4.06,5.7,N/A,9.549951961383009,-1.09487205416655,False
TXN101754,2026-07-17,BNY Mellon,Deutsche Bank,Tokenised Real Estate Fund,Permissioned Ledger,US,104096.25,Settled,10.9,34.6,1.35,14.05,N/A,11.553080837347308,0.44631586770818765,False
TXN101755,2026-02-06,BNY Mellon,Citi,Regulated Stablecoin,Public Blockchain,UK,90266.05,Settled,19.2,23.3,4.23,38.18,N/A,11.410527778019643,0.3366369269778637,False
TXN101756,2026-03-01,UBS,Deutsche Bank,Regulated Stablecoin,Hybrid Network,US,60703.15,Settled,29.2,53.6,1.95,11.84,N/A,11.013767343738541,0.03137329839707908,False
TXN101757,2026-06-25,Citi,BNY Mellon,Regulated Stablecoin,Hybrid Network,US,254140.21,Settled,22.1,13.6,0.59,14.99,N/A,12.44564533640246,1.1330463332034564,False
TXN101758,2026-01-28,Deutsche Bank,Standard Chartered,Tokenised Equity,Permissioned Ledger,MEA,12932.83,Settled,9.2,50.9,1.71,2.21,N/A,9.467601638267771,-1.1582315937701058,False
TXN101759,2026-07-16,UBS,Citi,Tokenised Equity,Public Blockchain,UK,74831.9,Settled,61.2,40.1,2.54,19.01,N/A,11.223012906833691,0.1923648044442773,False
TXN101760,2026-03-22,UBS,JPMorgan,Tokenised Bond,Permissioned Ledger,MEA,18127.17,Settled,9.7,33.4,1.64,2.97,N/A,9.80522236098198,-0.8984694854677772,False
TXN101761,2026-04-24,Barclays,UBS,Regulated Stablecoin,Permissioned Ledger,APAC,37684.24,Settled,5.4,36.3,2.38,8.97,N/A,10.537023784838954,-0.3354285702315255,False
TXN101762,2026-02-09,Barclays,JPMorgan,Tokenised Real Estate Fund,Public Blockchain,MEA,149571.38,Settled,66.2,55.6,4.33,64.76,N/A,11.915535701808649,0.7251851237183138,False
TXN101763,2026-02-14,Citi,Deutsche Bank,Regulated Stablecoin,Hybrid Network,EU,1034949.48,Settled,30.1,45.1,1.91,197.68,N/A,13.84986413812635,2.2134386548629674,False
TXN101764,2026-03-03,Barclays,HSBC,Tokenised Equity,Public Blockchain,MEA,930470.31,Settled,47.5,53.3,3.68,342.41,N/A,13.743446521703554,2.1315619733006996,False
TXN101765,2026-04-03,Barclays,Standard Chartered,Tokenised Deposit,Public Blockchain,MEA,94669.75,Settled,58.2,42.6,1.66,15.72,N/A,11.458160361347815,0.3732849744369821,False
TXN101766,2026-04-25,Standard Chartered,Deutsche Bank,Tokenised Bond,Hybrid Network,EU,1210715.36,Settled,25.0,31.0,1.51,182.82,N/A,14.006722775448344,2.3341241685027274,False
TXN101767,2026-07-05,BNY Mellon,Barclays,Regulated Stablecoin,Permissioned Ledger,US,23738.03,Settled,7.2,27.6,0.52,1.23,N/A,10.074875808019712,-0.691000739620669,False
TXN101768,2026-03-08,UBS,BNY Mellon,Tokenised Bond,Permissioned Ledger,US,22240.15,Settled,7.4,40.5,1.6,3.56,N/A,10.009699455660767,-0.7411467927542209,False
TXN101769,2026-02-25,UBS,Deutsche Bank,Tokenised Deposit,Public Blockchain,APAC,5734.58,Settled,113.8,29.2,1.09,0.63,N/A,8.65444415784129,-1.7838670695764673,False
TXN101770,2026-02-09,Deutsche Bank,Barclays,Tokenised Deposit,Permissioned Ledger,MEA,9952.12,Settled,9.9,57.4,3.71,3.69,N/A,9.205641348839714,-1.3597812987949398,False
TXN101771,2026-04-08,HSBC,Citi,Regulated Stablecoin,Public Blockchain,US,125065.16,Settled,74.7,34.8,1.08,13.51,N/A,11.736598156265183,0.5875123123128356,False
TXN101772,2026-02-09,BNY Mellon,Barclays,Tokenised Deposit,Permissioned Ledger,MEA,61395.99,Settled,4.5,37.0,2.94,18.05,N/A,11.025116090132274,0.040104913761577356,False
TXN101773,2026-04-01,Barclays,JPMorgan,Tokenised Equity,Permissioned Ledger,US,59300.73,Settled,4.7,48.5,2.69,15.95,N/A,10.99039375825336,0.013389888506226657,False
TXN101774,2026-02-02,Standard Chartered,Citi,Regulated Stablecoin,Public Blockchain,UK,84388.02,Settled,35.2,50.7,2.68,22.62,N/A,11.343192577334259,0.284829876888104,False
TXN101775,2026-01-06,Citi,UBS,Tokenised Bond,Hybrid Network,MEA,25992.03,Settled,29.8,50.1,3.29,8.55,N/A,10.1655837041415,-0.6212109644349509,False
TXN101776,2026-05-27,JPMorgan,BNY Mellon,Tokenised Bond,Permissioned Ledger,US,5158.37,Settled,6.9,27.8,2.14,1.1,N/A,8.548569757998393,-1.8653258055727013,False
TXN101777,2026-03-21,JPMorgan,BNY Mellon,Tokenised Real Estate Fund,Permissioned Ledger,US,25418.24,Settled,4.9,23.4,0.97,2.47,N/A,10.143261646578168,-0.638385338945148,False
TXN101778,2026-06-17,HSBC,Citi,Tokenised Bond,Permissioned Ledger,APAC,90935.16,Settled,12.2,28.9,2.03,18.46,N/A,11.417913000844193,0.34231904576418976,False
TXN101779,2026-04-02,Standard Chartered,Barclays,Tokenised Deposit,Public Blockchain,MEA,490497.15,Settled,74.4,42.3,3.5,171.67,N/A,13.103176786318873,1.6389446510918255,False
TXN101780,2026-04-07,Barclays,UBS,Tokenised Deposit,Public Blockchain,US,8002.31,Settled,53.3,25.5,1.28,1.02,N/A,8.987610485091045,-1.5275321299258644,False
TXN101781,2026-02-28,HSBC,JPMorgan,Tokenised Equity,Permissioned Ledger,MEA,21137.07,Settled,12.1,39.8,2.6,5.5,N/A,9.958830959135387,-0.78028452043093,False
TXN101782,2026-02-28,BNY Mellon,HSBC,Tokenised Deposit,Public Blockchain,MEA,162415.98,Settled,74.8,22.5,2.12,34.43,N/A,11.997922257894295,0.788572540617753,False
TXN101783,2026-02-17,Citi,Standard Chartered,Tokenised Equity,Hybrid Network,UK,138988.5,Settled,20.9,30.3,2.1,29.19,N/A,11.842153669691227,0.6687257001939281,False
TXN101784,2026-06-18,Standard Chartered,Citi,Regulated Stablecoin,Permissioned Ledger,MEA,41148.58,Settled,9.2,25.1,1.84,7.57,N/A,10.624968999491768,-0.26776437536320985,False
TXN101785,2026-01-13,Citi,HSBC,Tokenised Bond,Public Blockchain,MEA,51883.93,Settled,76.4,45.5,2.06,10.69,N/A,10.856783660900954,-0.08940842404912898,False
TXN101786,2026-04-17,Deutsche Bank,HSBC,Tokenised Equity,Permissioned Ledger,MEA,106403.4,Settled,2.6,27.0,2.47,26.28,N/A,11.575002208418113,0.4631819579186815,False
TXN101787,2026-02-14,UBS,Barclays,Tokenised Equity,Public Blockchain,EU,5881.58,Settled,55.6,28.0,1.23,0.72,N/A,8.679750720169052,-1.764396446057578,False
TXN101788,2026-03-30,UBS,JPMorgan,Tokenised Real Estate Fund,Public Blockchain,UK,11788.56,Settled,27.8,28.4,2.51,2.96,N/A,9.374969673072506,-1.2295017290327397,False
TXN101789,2026-06-30,JPMorgan,Deutsche Bank,Regulated Stablecoin,Permissioned Ledger,EU,236489.84,Settled,7.4,16.9,1.3,30.74,N/A,12.373664754662984,1.077665172002336,False
TXN101790,2026-06-19,JPMorgan,Deutsche Bank,Regulated Stablecoin,Permissioned Ledger,EU,35150.68,Settled,12.7,27.5,0.86,3.02,N/A,10.467427691260243,-0.3889751293771718,False
TXN101791,2026-04-10,Deutsche Bank,UBS,Tokenised Equity,Permissioned Ledger,US,66141.65,Settled,10.4,32.4,2.08,13.76,N/A,11.099569052258694,0.09738830044422297,False
TXN101792,2026-07-10,Citi,UBS,Regulated Stablecoin,Hybrid Network,APAC,608072.18,Settled,25.7,65.7,4.09,248.7,N/A,13.318050515547505,1.8042664135550275,False
TXN101793,2026-06-04,JPMorgan,BNY Mellon,Tokenised Bond,Permissioned Ledger,US,57483.69,Settled,8.9,31.0,3.96,22.76,N/A,10.959273930462158,-0.01055340505721553,False
TXN101794,2026-06-15,Citi,Standard Chartered,Tokenised Real Estate Fund,Public Blockchain,UK,199275.84,Settled,41.7,22.3,4.12,82.1,N/A,12.20245029272483,0.9459344261898193,False
TXN101795,2026-07-07,UBS,Deutsche Bank,Tokenised Deposit,Hybrid Network,MEA,98334.3,Settled,34.1,49.1,3.67,36.09,N/A,11.49613834645385,0.4025048676974115,False
TXN101796,2026-01-07,BNY Mellon,UBS,Tokenised Deposit,Permissioned Ledger,UK,210344.63,Settled,12.3,39.1,3.38,71.1,N/A,12.256507313903889,0.9875253737985128,False
TXN101797,2026-05-13,BNY Mellon,Standard Chartered,Regulated Stablecoin,Permissioned Ledger,UK,37935.3,Settled,8.3,37.4,3.02,11.46,N/A,10.543663716329592,-0.33031987136634655,False
TXN101798,2026-02-14,JPMorgan,Barclays,Regulated Stablecoin,Permissioned Ledger,EU,12968.68,Settled,9.9,28.5,0.53,0.69,N/A,9.470369604685382,-1.1561019472644989,False
TXN101799,2026-02-27,HSBC,Standard Chartered,Regulated Stablecoin,Permissioned Ledger,EU,15264.3,Settled,5.4,31.2,1.57,2.4,N/A,9.633337557776388,-1.0307159853474972,False
TXN101800,2026-01-31,BNY Mellon,Standard Chartered,Tokenised Deposit,Public Blockchain,EU,129011.01,Settled,86.2,54.2,1.44,18.58,N/A,11.767660779785395,0.6114115934652011,False
TXN101801,2026-01-23,Barclays,JPMorgan,Tokenised Equity,Hybrid Network,MEA,50545.43,Settled,24.5,21.8,1.07,5.41,N/A,10.830647598809286,-0.10951725663817344,False
TXN101802,2026-06-19,Citi,JPMorgan,Tokenised Bond,Permissioned Ledger,APAC,225910.81,Failed,,44.4,1.67,37.73,Failed,12.327899980859364,1.0424541990690468,False
TXN101803,2026-05-18,JPMorgan,Citi,Tokenised Bond,Permissioned Ledger,EU,255780.07,Settled,1.1,42.4,2.05,52.43,N/A,12.45207716226107,1.1379949176144908,False
TXN101804,2026-06-09,UBS,HSBC,Regulated Stablecoin,Permissioned Ledger,US,167841.36,Settled,1.0,44.1,1.21,20.31,N/A,12.030780484541754,0.8138533413944421,False
TXN101805,2026-04-17,Standard Chartered,BNY Mellon,Tokenised Deposit,Hybrid Network,UK,78288.76,Settled,13.7,36.2,3.33,26.07,N/A,11.268172094371652,0.22710984518044855,False
TXN101806,2026-06-30,Barclays,Citi,Tokenised Deposit,Public Blockchain,EU,162326.04,Settled,47.7,46.0,4.33,70.29,N/A,11.997368344677975,0.7881463651634408,False
TXN101807,2026-06-07,BNY Mellon,HSBC,Tokenised Bond,Public Blockchain,EU,179341.22,Settled,20.0,33.5,3.62,64.92,N/A,12.097051103151403,0.8648413123642027,False
TXN101808,2026-02-08,HSBC,Barclays,Regulated Stablecoin,Permissioned Ledger,UK,60852.55,Settled,7.4,52.1,2.67,16.25,N/A,11.016225436894723,0.03326453142187745,False
TXN101809,2026-06-08,Standard Chartered,Deutsche Bank,Tokenised Real Estate Fund,Permissioned Ledger,MEA,36791.27,Settled,4.9,32.1,1.42,5.22,N/A,10.513043047744691,-0.3538791166795365,False
TXN101810,2026-03-23,Deutsche Bank,BNY Mellon,Regulated Stablecoin,Permissioned Ledger,APAC,102982.65,Settled,7.7,34.0,1.75,18.02,N/A,11.542325516747507,0.4380408283918463,False
TXN101811,2026-04-10,UBS,Barclays,Tokenised Equity,Public Blockchain,US,50875.27,Settled,76.4,32.5,3.26,16.59,N/A,10.837151885578285,-0.10451292150573435,False
TXN101812,2026-01-02,Deutsche Bank,Barclays,Tokenised Deposit,Public Blockchain,UK,3987.33,Settled,60.2,51.8,0.85,0.34,N/A,8.291127875903015,-2.063399091835471,False
TXN101813,2026-03-18,HSBC,Barclays,Tokenised Bond,Permissioned Ledger,APAC,40351.43,Settled,8.3,15.2,2.42,9.77,N/A,10.605406894933086,-0.28281526880998237,False
TXN101814,2026-01-12,Barclays,Deutsche Bank,Regulated Stablecoin,Permissioned Ledger,MEA,97789.62,Settled,7.4,38.2,3.23,31.59,N/A,11.490583941402798,0.3982313623425646,False
TXN101815,2026-02-08,UBS,JPMorgan,Tokenised Bond,Public Blockchain,UK,23812.04,Settled,65.0,45.3,1.55,3.69,N/A,10.077988608777288,-0.6886057809196376,False
TXN101816,2026-07-13,UBS,Standard Chartered,Tokenised Deposit,Public Blockchain,EU,157846.07,Settled,61.4,68.3,2.88,45.46,N/A,11.969381931887984,0.7666138907000737,False
TXN101817,2026-01-13,Standard Chartered,HSBC,Tokenised Bond,Hybrid Network,APAC,17421.66,Settled,30.0,39.3,4.04,7.04,N/A,9.765526936797555,-0.9290107596917241,False
TXN101818,2026-02-15,JPMorgan,BNY Mellon,Tokenised Bond,Public Blockchain,US,376137.91,Settled,86.4,33.7,3.28,123.37,N/A,12.83771379563469,1.4347000017053722,False
TXN101819,2026-06-04,BNY Mellon,Standard Chartered,Tokenised Real Estate Fund,Permissioned Ledger,MEA,2084.23,Settled,9.0,53.5,4.47,0.93,N/A,7.642634439899608,-2.562343649510208,False
TXN101820,2026-04-23,JPMorgan,Barclays,Tokenised Bond,Public Blockchain,UK,26836.15,Settled,38.0,53.4,2.62,7.03,N/A,10.197542400648805,-0.596622253420435,False
TXN101821,2026-01-17,JPMorgan,Deutsche Bank,Tokenised Bond,Permissioned Ledger,MEA,14619.25,Settled,5.0,31.0,3.26,4.77,N/A,9.59016283302077,-1.063934199673119,False
TXN101822,2026-04-14,Deutsche Bank,Standard Chartered,Tokenised Real Estate Fund,Public Blockchain,UK,65299.73,Settled,73.6,43.6,4.09,26.71,N/A,11.086758494375083,0.08753198150258998,False
TXN101823,2026-04-08,HSBC,Barclays,Tokenised Deposit,Public Blockchain,US,86498.54,Settled,60.2,57.1,1.98,17.13,N/A,11.367894374986756,0.3038352003335542,False
TXN101824,2026-07-07,Citi,Barclays,Tokenised Deposit,Public Blockchain,MEA,161691.25,Settled,99.5,52.6,1.58,25.55,N/A,11.993450116154388,0.7851317181538772,False
TXN101825,2026-07-11,Barclays,UBS,Tokenised Equity,Permissioned Ledger,UK,10429.05,Settled,11.4,30.2,3.76,3.92,N/A,9.252446341847183,-1.3237699912989027,False
TXN101826,2026-03-29,Barclays,JPMorgan,Tokenised Equity,Permissioned Ledger,UK,24410.12,Settled,10.3,32.2,4.45,10.86,N/A,10.102794045169324,-0.6695207188335378,False
TXN101827,2026-04-19,Standard Chartered,Deutsche Bank,Regulated Stablecoin,Public Blockchain,UK,527549.27,Settled,46.5,51.9,3.36,177.26,N/A,13.175999438369937,1.6949736930205221,False
TXN101828,2026-06-12,Standard Chartered,UBS,Tokenised Bond,Permissioned Ledger,US,122002.53,Pending,,35.9,2.37,28.91,Pending,11.71180525772303,0.5684368967267882,False
TXN101829,2026-03-11,Barclays,UBS,Regulated Stablecoin,Public Blockchain,APAC,86660.27,Settled,57.0,20.8,2.93,25.39,N/A,11.369762350159977,0.3052724023078627,False
TXN101830,2026-06-07,Standard Chartered,JPMorgan,Tokenised Deposit,Public Blockchain,EU,37897.22,Settled,68.5,22.5,1.55,5.87,N/A,10.542659424268386,-0.3310925639341272,False
TXN101831,2026-07-18,Citi,JPMorgan,Tokenised Bond,Permissioned Ledger,UK,81907.43,Settled,5.3,51.6,4.48,36.69,N/A,11.313357194947121,0.26187482315625926,False
TXN101832,2026-03-15,HSBC,Deutsche Bank,Tokenised Deposit,Permissioned Ledger,EU,79375.84,Settled,8.1,34.0,0.67,5.32,N/A,11.281961917028678,0.23771960093746258,False
TXN101833,2026-03-04,BNY Mellon,UBS,Tokenised Deposit,Hybrid Network,UK,23828.62,Failed,,40.2,2.52,6.0,Failed,10.07868462367945,-0.6880702738069754,False
TXN101834,2026-06-05,HSBC,Barclays,Tokenised Bond,Public Blockchain,APAC,347816.76,Settled,63.7,46.2,2.02,70.26,N/A,12.759433943428395,1.3744722429255463,False
TXN101835,2026-03-01,UBS,Citi,Regulated Stablecoin,Hybrid Network,EU,92632.88,Settled,25.6,14.2,3.59,33.26,N/A,11.436410228448455,0.3565506332141654,False
TXN101836,2026-03-20,BNY Mellon,UBS,Regulated Stablecoin,Permissioned Ledger,EU,68359.59,Pending,,19.8,0.99,6.77,Pending,11.132551767970515,0.12276488189918106,False
TXN101837,2026-02-06,Standard Chartered,BNY Mellon,Tokenised Deposit,Permissioned Ledger,APAC,63133.27,Settled,6.6,61.0,1.11,7.01,N/A,11.053019007281186,0.0615731474888125,False
TXN101838,2026-01-22,Deutsche Bank,Barclays,Tokenised Bond,Permissioned Ledger,MEA,136530.76,Settled,9.2,14.2,1.91,26.08,N/A,11.82431254053543,0.6549989085244288,False
TXN101839,2026-07-15,JPMorgan,HSBC,Tokenised Deposit,Permissioned Ledger,US,89918.35,Settled,7.1,52.8,1.03,9.26,N/A,11.406668436453705,0.33366758702216553,False
TXN101840,2026-05-28,Standard Chartered,JPMorgan,Tokenised Deposit,Public Blockchain,UK,35021.45,Settled,107.6,21.5,2.42,8.48,N/A,10.463744563415599,-0.39180889220541376,False
TXN101841,2026-04-06,Standard Chartered,JPMorgan,Regulated Stablecoin,Permissioned Ledger,APAC,97481.0,Settled,11.7,42.7,3.29,32.07,N/A,11.487423024557806,0.3957993835907196,False
TXN101842,2026-03-09,UBS,Citi,Tokenised Deposit,Permissioned Ledger,UK,39545.94,Settled,5.3,25.3,2.8,11.07,N/A,10.585243599785361,-0.29832871246293247,False
TXN101843,2026-07-11,Barclays,UBS,Tokenised Bond,Permissioned Ledger,UK,227805.86,Settled,12.2,18.8,0.55,12.53,N/A,12.336253443677004,1.04888127231174,False
TXN101844,2026-01-17,Citi,UBS,Tokenised Equity,Public Blockchain,US,12912.98,Settled,66.8,29.8,3.76,4.86,N/A,9.466065724478383,-1.1594133109375075,False
TXN101845,2026-01-12,Deutsche Bank,HSBC,Regulated Stablecoin,Hybrid Network,US,370776.91,Settled,28.1,17.8,3.73,138.3,N/A,12.82335853700496,1.4236552049970843,False
TXN101846,2026-05-30,Citi,UBS,Tokenised Deposit,Public Blockchain,MEA,70426.71,Settled,44.3,32.2,1.44,10.14,N/A,11.16234207265739,0.14568525328580895,False
TXN101847,2026-05-25,BNY Mellon,JPMorgan,Tokenised Deposit,Permissioned Ledger,US,56386.75,Settled,9.6,32.5,2.37,13.36,N/A,10.940007215313562,-0.025377028757873996,False
TXN101848,2026-05-18,Barclays,HSBC,Tokenised Bond,Public Blockchain,US,980094.26,Settled,39.9,49.0,4.39,430.26,N/A,13.795405050004376,2.1715383608494365,False
TXN101849,2026-04-28,UBS,Barclays,Tokenised Real Estate Fund,Permissioned Ledger,EU,23430.52,Pending,,33.5,3.33,7.8,Pending,10.061837403490651,-0.7010323615606363,False
TXN101850,2026-07-12,BNY Mellon,Barclays,Tokenised Deposit,Permissioned Ledger,APAC,6412.32,Settled,5.2,35.4,3.11,1.99,N/A,8.766132356547347,-1.6979352531431104,False
TXN101851,2026-01-22,Deutsche Bank,BNY Mellon,Tokenised Equity,Permissioned Ledger,US,33126.62,Settled,5.8,58.0,0.96,3.18,N/A,10.408122654500353,-0.4346038492550575,False
TXN101852,2026-04-30,Citi,Standard Chartered,Regulated Stablecoin,Permissioned Ledger,UK,10227.93,Pending,,32.4,0.61,0.62,Pending,9.232975259144903,-1.338750853412496,False
TXN101853,2026-02-19,UBS,JPMorgan,Tokenised Real Estate Fund,Permissioned Ledger,UK,512945.49,Settled,10.1,47.0,3.94,202.1,N/A,13.147926810720246,1.6733748856805992,False
TXN101854,2026-01-14,JPMorgan,Deutsche Bank,Tokenised Deposit,Hybrid Network,EU,464812.22,Settled,38.7,39.7,1.41,65.54,N/A,13.049390926456155,1.5975623323689914,False
TXN101855,2026-07-11,UBS,HSBC,Tokenised Bond,Hybrid Network,MEA,191941.27,Settled,25.1,36.9,3.3,63.34,N/A,12.164949928714169,0.9170820099660678,False
TXN101856,2026-06-24,Barclays,Standard Chartered,Tokenised Bond,Public Blockchain,EU,100434.76,Settled,50.5,37.6,2.13,21.39,N/A,11.517273598123207,0.4187661252677286,False
TXN101857,2026-01-29,UBS,BNY Mellon,Tokenised Deposit,Hybrid Network,UK,5068.98,Settled,23.1,19.6,0.58,0.29,N/A,8.531092151804273,-1.8787729062025567,False
TXN101858,2026-06-13,Standard Chartered,HSBC,Tokenised Deposit,Public Blockchain,UK,32349.58,Settled,40.8,36.8,1.8,5.82,N/A,10.384387228670953,-0.45286565559600794,False
TXN101859,2026-06-29,HSBC,JPMorgan,Tokenised Deposit,Public Blockchain,APAC,68126.32,Pending,,40.4,3.22,21.94,Pending,11.129133586431557,0.120134966187901,False
TXN101860,2026-05-05,UBS,BNY Mellon,Tokenised Deposit,Hybrid Network,APAC,596295.13,Settled,38.5,43.5,0.85,50.69,N/A,13.298492685068336,1.7892188085435634,False
TXN101861,2026-01-07,Citi,Standard Chartered,Tokenised Deposit,Permissioned Ledger,UK,95003.22,Settled,4.6,64.7,1.17,11.12,N/A,11.461676590648723,0.3759903271450016,False
TXN101862,2026-01-29,Citi,BNY Mellon,Tokenised Deposit,Public Blockchain,MEA,29165.39,Settled,35.4,28.7,4.03,11.75,N/A,10.28077229791832,-0.5325859779966176,False
TXN101863,2026-05-19,Barclays,Citi,Tokenised Deposit,Hybrid Network,UK,173235.57,Settled,16.3,22.0,1.74,30.14,N/A,12.062413396009953,0.8381913965607886,False
TXN101864,2026-02-02,Citi,BNY Mellon,Regulated Stablecoin,Permissioned Ledger,UK,69081.71,Settled,12.9,23.5,3.86,26.67,N/A,11.143059761369546,0.1308496300669344,False
TXN101865,2026-05-14,HSBC,BNY Mellon,Tokenised Equity,Public Blockchain,APAC,77981.12,Pending,,46.3,1.99,15.52,Pending,11.26423484862511,0.22408056650405692,False
TXN101866,2026-04-21,UBS,Standard Chartered,Regulated Stablecoin,Public Blockchain,US,416451.79,Settled,22.5,16.7,3.54,147.42,N/A,12.939528384824776,1.5130351587755133,False
TXN101867,2026-03-20,Deutsche Bank,BNY Mellon,Tokenised Bond,Permissioned Ledger,APAC,31735.78,Settled,5.6,49.6,4.25,13.49,N/A,10.365231539658712,-0.4676038568645817,False
TXN101868,2026-06-09,BNY Mellon,JPMorgan,Tokenised Deposit,Hybrid Network,MEA,934.78,Settled,16.6,33.9,4.31,0.4,N/A,6.841380406115676,-3.1788207289625925,True
TXN101869,2026-06-28,Deutsche Bank,Barclays,Tokenised Deposit,Permissioned Ledger,US,40209.61,Settled,8.3,33.7,2.66,10.7,N/A,10.601886170131884,-0.2855240803123104,False
TXN101870,2026-02-27,JPMorgan,Barclays,Tokenised Deposit,Public Blockchain,UK,81131.73,Settled,47.5,35.8,1.11,9.01,N/A,11.303841734520988,0.25455372022783496,False
TXN101871,2026-01-26,UBS,BNY Mellon,Tokenised Deposit,Permissioned Ledger,MEA,13887.0,Settled,13.2,40.1,2.99,4.15,N/A,9.538780436900131,-1.1034673167123261,False
TXN101872,2026-06-23,UBS,Barclays,Tokenised Equity,Public Blockchain,EU,47090.22,Settled,60.1,44.8,1.84,8.66,N/A,10.759841850738058,-0.16399451221372888,False
TXN101873,2026-01-29,Deutsche Bank,Barclays,Tokenised Real Estate Fund,Permissioned Ledger,UK,67609.69,Settled,9.6,23.8,4.46,30.15,N/A,11.121521385623536,0.11427821274333834,False
TXN101874,2026-01-04,Citi,BNY Mellon,Tokenised Equity,Public Blockchain,APAC,130610.76,Settled,53.8,28.9,1.49,19.46,N/A,11.779984537712382,0.6208933732433681,False
TXN101875,2026-04-09,UBS,Standard Chartered,Tokenised Deposit,Hybrid Network,US,41246.8,Pending,,50.3,3.2,13.2,Pending,10.627353057007221,-0.26593010464206013,False
TXN101876,2026-05-21,HSBC,Deutsche Bank,Regulated Stablecoin,Public Blockchain,UK,32919.28,Settled,61.8,49.7,2.47,8.13,N/A,10.401844160222636,-0.4394344618354486,False
TXN101877,2026-02-08,HSBC,Standard Chartered,Regulated Stablecoin,Permissioned Ledger,EU,55771.26,Settled,9.3,34.1,3.72,20.75,N/A,10.929031892141527,-0.03382133591872483,False
TXN101878,2026-01-15,Citi,Barclays,Tokenised Real Estate Fund,Public Blockchain,APAC,47295.58,Settled,79.0,19.4,0.83,3.93,N/A,10.764193267426187,-0.16064657443336,False
TXN101879,2026-04-29,Barclays,JPMorgan,Tokenised Equity,Hybrid Network,APAC,3939.73,Settled,31.1,23.1,3.1,1.22,N/A,8.279121264317729,-2.072636862295436,False
TXN101880,2026-01-29,HSBC,Standard Chartered,Tokenised Real Estate Fund,Hybrid Network,APAC,92767.78,Settled,35.8,29.2,3.21,29.78,N/A,11.437865439757783,0.35767025867642194,False
TXN101881,2026-06-06,JPMorgan,Standard Chartered,Tokenised Deposit,Permissioned Ledger,UK,49160.72,Settled,7.4,51.3,2.05,10.08,N/A,10.802870550862869,-0.13088864782225038,False
TXN101882,2026-03-16,Citi,Barclays,Tokenised Deposit,Permissioned Ledger,MEA,15687.2,Pending,,43.9,2.63,4.13,Pending,9.660664116392574,-1.0096911962832416,False
TXN101883,2026-04-26,Citi,Deutsche Bank,Tokenised Deposit,Hybrid Network,UK,4089.97,Settled,10.7,35.6,3.34,1.37,N/A,8.316537384732136,-2.0438492622772713,False
TXN101884,2026-02-01,Standard Chartered,BNY Mellon,Tokenised Bond,Hybrid Network,EU,38746.46,Settled,18.0,22.1,2.52,9.76,N/A,10.564820484246006,-0.3140420594043038,False
TXN101885,2026-05-10,JPMorgan,HSBC,Tokenised Deposit,Permissioned Ledger,EU,41604.7,Settled,6.5,49.8,3.93,16.35,N/A,10.635992456093847,-0.25928303480829656,False
TXN101886,2026-06-24,BNY Mellon,HSBC,Tokenised Equity,Permissioned Ledger,MEA,7427.93,Settled,11.9,42.7,4.48,3.33,N/A,8.913137116574099,-1.5848312170873884,False
TXN101887,2026-03-25,HSBC,JPMorgan,Tokenised Bond,Public Blockchain,UK,17395.59,Settled,62.7,4.6,1.97,3.43,N/A,9.764029488985122,-0.9301628815096717,False
TXN101888,2026-01-22,Standard Chartered,Deutsche Bank,Regulated Stablecoin,Hybrid Network,APAC,21963.09,Pending,,35.8,2.99,6.57,Pending,9.997164126004646,-0.7507913537680156,False
TXN101889,2026-01-27,Deutsche Bank,Citi,Tokenised Bond,Public Blockchain,APAC,311721.78,Settled,84.9,46.2,4.09,127.49,N/A,12.649869546177706,1.2901744587258361,False
TXN101890,2026-07-14,Citi,JPMorgan,Tokenised Bond,Permissioned Ledger,MEA,236607.15,Settled,5.9,50.4,3.75,88.73,N/A,12.37416067625607,1.078046729264393,False
TXN101891,2026-03-22,Citi,JPMorgan,Tokenised Equity,Public Blockchain,UK,188390.14,Pending,,40.4,2.86,53.88,Pending,12.146275612417718,0.9027141721945195,False
TXN101892,2026-05-06,HSBC,UBS,Tokenised Deposit,Permissioned Ledger,APAC,5470.5,Settled,13.3,42.2,3.43,1.88,N/A,8.607308080858498,-1.820133109870787,False
TXN101893,2026-07-03,BNY Mellon,Citi,Tokenised Deposit,Public Blockchain,APAC,123144.83,Settled,47.7,31.9,0.76,9.36,N/A,11.721124541830438,0.5756070634989792,False
TXN101894,2026-04-02,BNY Mellon,JPMorgan,Tokenised Equity,Permissioned Ledger,MEA,13927.16,Settled,10.1,41.2,2.74,3.82,N/A,9.541667969032817,-1.1012456775056236,False
TXN101895,2026-01-21,HSBC,Citi,Tokenised Equity,Public Blockchain,APAC,8432.64,Pending,,29.7,1.92,1.62,Pending,9.039983749022724,-1.4872366488067053,False
TXN101896,2026-02-16,Barclays,Citi,Tokenised Deposit,Hybrid Network,MEA,395058.09,Settled,27.6,25.8,0.72,28.44,N/A,12.886790627631761,1.472459240077567,False
TXN101897,2026-04-11,Standard Chartered,Deutsche Bank,Regulated Stablecoin,Public Blockchain,MEA,28047.48,Settled,41.4,31.1,2.82,7.91,N/A,10.241689720534263,-0.5626557338384867,False
TXN101898,2026-07-06,Barclays,JPMorgan,Tokenised Bond,Permissioned Ledger,MEA,573544.49,Settled,7.7,44.4,1.41,80.87,N/A,13.259592532371027,1.7592894084857091,False
TXN101899,2026-03-25,Citi,Standard Chartered,Tokenised Deposit,Public Blockchain,APAC,143612.5,Settled,66.2,29.2,1.7,24.41,N/A,11.874880942319551,0.6939057462188722,False
TXN101900,2026-01-06,UBS,Citi,Tokenised Deposit,Permissioned Ledger,APAC,10699.74,Failed,,43.0,1.84,1.97,Failed,9.278068176937138,-1.3040567999757051,False
TXN101901,2026-05-27,JPMorgan,UBS,Tokenised Deposit,Permissioned Ledger,US,158208.21,Settled,8.6,30.0,2.35,37.18,N/A,11.971673550067392,0.7683770394929598,False
TXN101902,2026-07-04,HSBC,Deutsche Bank,Tokenised Equity,Permissioned Ledger,MEA,529874.36,Settled,6.4,37.9,2.2,116.57,N/A,13.180397088060227,1.6983572020241795,False
TXN101903,2026-07-16,JPMorgan,Deutsche Bank,Tokenised Deposit,Permissioned Ledger,MEA,61398.25,Settled,8.6,61.6,0.86,5.28,N/A,11.025152899076916,0.04013323420644774,False
TXN101904,2026-05-11,Citi,HSBC,Regulated Stablecoin,Permissioned Ledger,MEA,23819.63,Settled,10.1,36.9,3.27,7.79,N/A,10.07830729092226,-0.6883605899692995,False
TXN101905,2026-01-01,HSBC,Citi,Tokenised Deposit,Public Blockchain,EU,24023.41,Pending,,33.3,2.4,5.77,Pending,10.086825675784606,-0.6818066273055594,False
TXN101906,2026-02-27,JPMorgan,Standard Chartered,Tokenised Equity,Public Blockchain,MEA,9312.49,Settled,68.0,36.8,1.03,0.96,N/A,9.139219165762276,-1.4108858819956691,False
TXN101907,2026-05-04,Citi,UBS,Tokenised Deposit,Public Blockchain,EU,29251.52,Settled,74.7,51.9,1.25,3.66,N/A,10.283721002795128,-0.5303172730741141,False
TXN101908,2026-06-15,Barclays,HSBC,Tokenised Deposit,Hybrid Network,MEA,217901.46,Settled,25.9,56.5,1.69,36.83,N/A,12.291802810451362,1.0146813863887414,False
TXN101909,2026-01-15,UBS,JPMorgan,Tokenised Bond,Permissioned Ledger,EU,68683.97,Settled,5.4,41.9,1.45,9.96,N/A,11.137285676982621,0.12640710556249882,False
TXN101910,2026-06-11,JPMorgan,HSBC,Regulated Stablecoin,Public Blockchain,MEA,118964.5,Settled,66.5,33.9,1.76,20.94,N/A,11.686588814093522,0.5490356096599612,False
TXN101911,2026-07-08,BNY Mellon,Standard Chartered,Regulated Stablecoin,Permissioned Ledger,US,51621.79,Settled,2.1,21.5,4.34,22.4,N/A,10.851718520630307,-0.09330549382900731,False
TXN101912,2026-06-12,JPMorgan,Citi,Tokenised Equity,Permissioned Ledger,US,176636.77,Settled,11.1,29.5,4.22,74.54,N/A,12.081856417444076,0.8531506686069251,False
TXN101913,2026-03-05,Barclays,Deutsche Bank,Tokenised Deposit,Permissioned Ledger,MEA,242072.03,Settled,9.6,32.1,3.59,86.9,N/A,12.39699473647285,1.0956150336484638,False
TXN101914,2026-01-25,Standard Chartered,UBS,Tokenised Real Estate Fund,Permissioned Ledger,APAC,12232.23,Settled,8.0,18.8,0.92,1.13,N/A,9.411911298472392,-1.2010792008749762,False
TXN101915,2026-01-24,Standard Chartered,JPMorgan,Tokenised Deposit,Permissioned Ledger,US,336511.55,Settled,10.8,30.4,3.09,103.98,N/A,12.726390723062389,1.349049109776703,False
TXN101916,2026-01-12,Standard Chartered,UBS,Regulated Stablecoin,Public Blockchain,APAC,104676.36,Settled,56.1,44.6,2.57,26.9,N/A,11.558638136608826,0.4505915998404861,False
TXN101917,2026-01-18,Standard Chartered,HSBC,Tokenised Deposit,Public Blockchain,US,19501.93,Settled,86.9,28.5,2.6,5.07,N/A,9.878319989674731,-0.8422288791789193,False
TXN101918,2026-01-15,Standard Chartered,Barclays,Tokenised Deposit,Public Blockchain,US,65633.68,Settled,76.3,29.8,0.66,4.33,N/A,11.091859493778072,0.09145664095097066,False
TXN101919,2026-01-27,Deutsche Bank,Standard Chartered,Tokenised Deposit,Permissioned Ledger,APAC,82304.84,Settled,8.8,36.5,2.86,23.54,N/A,11.318197344050422,0.2655987869149505,False
TXN101920,2026-03-13,UBS,JPMorgan,Tokenised Deposit,Permissioned Ledger,US,24013.6,Settled,7.4,39.3,0.83,1.99,N/A,10.086417257703701,-0.6821208602143448,False
TXN101921,2026-03-01,Deutsche Bank,Barclays,Tokenised Equity,Permissioned Ledger,UK,240099.86,Settled,9.7,30.2,3.34,80.19,N/A,12.38881436404383,1.0893211344713705,False
TXN101922,2026-06-23,Barclays,HSBC,Tokenised Real Estate Fund,Public Blockchain,MEA,15327.51,Settled,74.0,54.2,2.0,3.07,N/A,9.637469772099715,-1.027536699739803,False
TXN101923,2026-05-25,Barclays,HSBC,Tokenised Bond,Permissioned Ledger,EU,7185.07,Settled,8.4,21.1,2.53,1.82,N/A,8.879899708789392,-1.6104037561520834,False
TXN101924,2026-04-03,BNY Mellon,Barclays,Tokenised Deposit,Permissioned Ledger,UK,416625.85,Settled,7.2,22.2,4.41,183.73,N/A,12.939946256044227,1.513356664837377,False
TXN101925,2026-02-22,JPMorgan,HSBC,Tokenised Deposit,Public Blockchain,US,43409.94,Settled,19.9,36.7,4.09,17.75,N/A,10.67846676205597,-0.2266037159065987,False
TXN101926,2026-01-08,HSBC,UBS,Tokenised Deposit,Permissioned Ledger,APAC,29019.73,Settled,6.1,31.2,2.5,7.25,N/A,10.275765681187268,-0.5364380203329543,False
TXN101927,2026-03-20,HSBC,Citi,Tokenised Deposit,Hybrid Network,APAC,884229.9,Pending,,22.4,4.18,369.61,Pending,13.692473506608259,2.0923438300503863,False
TXN101928,2026-01-27,JPMorgan,BNY Mellon,Tokenised Real Estate Fund,Permissioned Ledger,EU,293350.32,Settled,8.2,13.4,4.12,120.86,N/A,12.589126214088214,1.2434391283763673,False
TXN101929,2026-06-23,JPMorgan,HSBC,Regulated Stablecoin,Public Blockchain,US,5790.13,Settled,22.4,52.6,4.46,2.58,N/A,8.664082715601003,-1.7764512567539346,False
TXN101930,2026-02-19,Deutsche Bank,Citi,Tokenised Equity,Public Blockchain,US,27577.96,Settled,78.5,21.5,1.31,3.61,N/A,10.2248084421519,-0.5756440256358266,False
TXN101931,2026-07-18,Barclays,UBS,Tokenised Bond,Permissioned Ledger,APAC,179823.72,Settled,9.2,26.5,1.99,35.78,N/A,12.099737877664971,0.8669084906066008,False
TXN101932,2026-05-11,HSBC,BNY Mellon,Regulated Stablecoin,Permissioned Ledger,UK,84651.17,Settled,7.8,41.6,1.45,12.27,N/A,11.346306022200224,0.2872253311598811,False
TXN101933,2026-04-03,Standard Chartered,JPMorgan,Tokenised Bond,Hybrid Network,EU,17983.94,Settled,20.6,49.6,3.37,6.06,N/A,9.797290020010731,-0.9045725516477787,False
TXN101934,2026-07-11,Barclays,Deutsche Bank,Tokenised Bond,Permissioned Ledger,UK,50174.49,Settled,11.6,49.4,3.75,18.82,N/A,10.823281939436486,-0.11518432349453735,False
TXN101935,2026-06-21,Citi,JPMorgan,Regulated Stablecoin,Hybrid Network,UK,89116.9,Settled,22.0,37.4,1.38,12.3,N/A,11.39771549114919,0.3267792777705302,False
TXN101936,2026-06-30,UBS,Deutsche Bank,Tokenised Bond,Permissioned Ledger,APAC,93958.62,Settled,9.1,43.6,1.44,13.53,N/A,11.450620394490512,0.3674837970932542,False
TXN101937,2026-01-24,BNY Mellon,Citi,Tokenised Bond,Public Blockchain,APAC,41098.87,Settled,12.0,19.1,3.92,16.11,N/A,10.623760237462292,-0.2686943851407148,False
TXN101938,2026-03-01,BNY Mellon,HSBC,Tokenised Deposit,Hybrid Network,UK,43265.18,Settled,18.1,37.4,1.56,6.75,N/A,10.675126546446798,-0.22917364538796395,False
TXN101939,2026-05-02,UBS,Barclays,Tokenised Real Estate Fund,Permissioned Ledger,APAC,181659.2,Settled,5.5,39.8,1.99,36.15,N/A,12.109893188013432,0.8747218878571412,False
TXN101940,2026-05-11,Barclays,UBS,Tokenised Deposit,Hybrid Network,MEA,195021.07,Settled,22.7,49.3,3.01,58.7,N/A,12.180868010628748,0.9293292277464776,False
TXN101941,2026-05-28,Deutsche Bank,JPMorgan,Regulated Stablecoin,Permissioned Ledger,APAC,65965.49,Settled,6.8,58.7,1.04,6.86,N/A,11.0969021647987,0.09533642310789099,False
TXN101942,2026-02-15,Barclays,HSBC,Tokenised Deposit,Permissioned Ledger,EU,32532.82,Settled,8.4,15.1,2.02,6.57,N/A,10.390035442637583,-0.44851997457169346,False
TXN101943,2026-01-15,Barclays,UBS,Tokenised Bond,Permissioned Ledger,MEA,49344.31,Settled,6.0,20.5,3.67,18.11,N/A,10.80659800488448,-0.1280207808635232,False
TXN101944,2026-06-02,JPMorgan,HSBC,Regulated Stablecoin,Hybrid Network,UK,23703.54,Settled,34.1,31.0,2.84,6.73,N/A,10.073421869959157,-0.6921193854576738,False
TXN101945,2026-07-18,Deutsche Bank,JPMorgan,Regulated Stablecoin,Permissioned Ledger,MEA,18984.05,Settled,12.6,58.9,3.5,6.64,N/A,9.851407106320586,-0.8629353905102306,False
TXN101946,2026-01-17,JPMorgan,Barclays,Regulated Stablecoin,Permissioned Ledger,MEA,50643.13,Settled,15.5,33.4,1.38,6.99,N/A,10.83257860957469,-0.10803155569084051,False
TXN101947,2026-05-06,UBS,JPMorgan,Regulated Stablecoin,Public Blockchain,US,156564.35,Settled,55.7,32.5,4.4,68.89,N/A,11.961228773688452,0.7603409298871039,False
TXN101948,2026-03-25,BNY Mellon,Barclays,Regulated Stablecoin,Hybrid Network,UK,5205.46,Settled,18.5,49.1,3.49,1.82,N/A,8.557655441236127,-1.8583353690431323,False
TXN101949,2026-01-09,Deutsche Bank,Standard Chartered,Tokenised Bond,Public Blockchain,EU,20165.31,Settled,58.9,52.9,2.03,4.09,N/A,9.911768669244012,-0.8164937896530307,False
TXN101950,2026-06-15,JPMorgan,HSBC,Tokenised Equity,Permissioned Ledger,MEA,136144.47,Settled,6.3,31.2,3.34,45.47,N/A,11.821479225422046,0.6528189833663373,False
TXN101951,2026-06-25,Standard Chartered,UBS,Regulated Stablecoin,Permissioned Ledger,MEA,111035.76,Settled,9.4,43.6,2.9,32.2,N/A,11.617616596640573,0.4959690547523393,False
TXN101952,2026-07-07,Deutsche Bank,Citi,Tokenised Real Estate Fund,Permissioned Ledger,EU,15228.44,Settled,8.2,63.1,4.49,6.84,N/A,9.630985675679376,-1.032525500613879,False
TXN101953,2026-03-04,BNY Mellon,Barclays,Tokenised Real Estate Fund,Hybrid Network,MEA,172693.39,Settled,35.5,20.7,1.62,27.98,N/A,12.059278779530718,0.8357796530551788,False
TXN101954,2026-04-27,Standard Chartered,JPMorgan,Tokenised Equity,Permissioned Ledger,US,30169.42,Settled,9.5,45.4,0.87,2.62,N/A,10.314617253169898,-0.5065459978056216,False
TXN101955,2026-05-10,Citi,UBS,Tokenised Deposit,Permissioned Ledger,APAC,402047.67,Settled,10.8,25.4,4.19,168.46,N/A,12.904328429924561,1.485952655001696,False
TXN101956,2026-03-29,Citi,JPMorgan,Tokenised Deposit,Permissioned Ledger,MEA,23895.78,Settled,11.5,45.4,2.29,5.47,N/A,10.081499000809492,-0.685904919349523,False
TXN101957,2026-03-13,Deutsche Bank,Barclays,Regulated Stablecoin,Hybrid Network,UK,20107.26,Settled,9.3,22.2,3.77,7.58,N/A,9.908885954905916,-0.8187117220953204,False
TXN101958,2026-05-19,BNY Mellon,UBS,Tokenised Real Estate Fund,Permissioned Ledger,UK,48635.42,Settled,6.4,30.8,1.91,9.29,N/A,10.792127911957607,-0.13915392996585715,False
TXN101959,2026-03-05,Deutsche Bank,HSBC,Tokenised Deposit,Public Blockchain,MEA,37001.52,Settled,60.4,17.8,3.89,14.39,N/A,10.518741297415218,-0.3494949386701137,False
TXN101960,2026-03-13,UBS,Standard Chartered,Tokenised Equity,Public Blockchain,APAC,93867.45,Settled,57.5,38.3,3.61,33.89,N/A,11.44964961299699,0.36673688723111325,False
TXN101961,2026-01-21,BNY Mellon,Deutsche Bank,Tokenised Bond,Public Blockchain,APAC,27741.06,Settled,38.6,30.7,3.53,9.79,N/A,10.230704952106565,-0.5711073080874016,False
TXN101962,2026-01-18,Barclays,JPMorgan,Tokenised Deposit,Public Blockchain,US,449681.69,Settled,62.6,54.4,0.63,28.33,N/A,13.016297479689731,1.572100555514986,False
TXN101963,2026-03-05,JPMorgan,Barclays,Tokenised Deposit,Permissioned Ledger,MEA,127783.16,Settled,6.3,23.0,3.68,47.02,N/A,11.758097869581949,0.6040539831384923,False
TXN101964,2026-03-23,Citi,Standard Chartered,Tokenised Equity,Hybrid Network,US,21358.16,Settled,31.6,43.7,3.79,8.09,N/A,9.969235966458154,-0.7722790087510354,False
TXN101965,2026-04-20,Standard Chartered,Deutsche Bank,Tokenised Bond,Permissioned Ledger,UK,128912.92,Settled,7.6,23.6,3.77,48.6,N/A,11.766900173787162,0.6108263905899157,False
TXN101966,2026-04-05,UBS,BNY Mellon,Tokenised Equity,Permissioned Ledger,EU,361656.92,Settled,9.4,38.4,3.27,118.26,N/A,12.798454071664345,1.4044939509987726,False
TXN101967,2026-06-15,Barclays,Standard Chartered,Tokenised Equity,Hybrid Network,EU,17231.54,Settled,22.3,50.6,2.19,3.77,N/A,9.754554735952528,-0.9374526645644689,False
TXN101968,2026-02-01,Standard Chartered,Deutsche Bank,Tokenised Deposit,Hybrid Network,US,105640.6,Settled,26.1,34.0,2.47,26.09,N/A,11.567807512074486,0.4576464283582005,False
TXN101969,2026-01-11,Standard Chartered,BNY Mellon,Tokenised Deposit,Permissioned Ledger,MEA,52824.5,Settled,6.7,15.4,4.09,21.61,N/A,10.874749307654795,-0.07558582974782124,False
TXN101970,2026-02-14,Deutsche Bank,BNY Mellon,Regulated Stablecoin,Public Blockchain,UK,45957.55,Settled,57.8,12.4,3.33,15.3,N/A,10.735495182291812,-0.18272660269351837,False
TXN101971,2026-02-02,UBS,Deutsche Bank,Regulated Stablecoin,Permissioned Ledger,UK,77978.15,Settled,6.6,28.6,3.59,27.99,N/A,11.264196762246351,0.22405126321377208,False
TXN101972,2026-04-12,BNY Mellon,Barclays,Tokenised Deposit,Permissioned Ledger,US,93136.74,Settled,9.4,36.7,3.24,30.18,N/A,11.441834751693987,0.36072420876801886,False
TXN101973,2026-06-18,Standard Chartered,Deutsche Bank,Tokenised Real Estate Fund,Permissioned Ledger,UK,61172.67,Settled,12.0,41.2,0.63,3.85,N/A,11.021472147167302,0.03730129939956482,False
TXN101974,2026-05-16,Barclays,BNY Mellon,Regulated Stablecoin,Permissioned Ledger,APAC,53337.39,Settled,6.7,43.8,2.9,15.47,N/A,10.884411613553434,-0.06815174533761474,False
TXN101975,2026-01-11,HSBC,Barclays,Tokenised Deposit,Permissioned Ledger,EU,6338.18,Settled,7.8,54.7,1.74,1.1,N/A,8.754504701527019,-1.7068814580988096,False
TXN101976,2026-06-28,Deutsche Bank,JPMorgan,Tokenised Deposit,Public Blockchain,EU,583088.0,Settled,35.3,47.5,3.37,196.5,N/A,13.276095112343574,1.7719863334008463,False
TXN101977,2026-03-29,HSBC,JPMorgan,Tokenised Bond,Public Blockchain,UK,32256.19,Settled,46.6,34.3,3.99,12.87,N/A,10.381496243111645,-0.4550899518356468,False
TXN101978,2026-02-10,UBS,JPMorgan,Tokenised Bond,Public Blockchain,APAC,431200.68,Settled,52.1,42.4,2.47,106.51,N/A,12.974331194673232,1.5398121029997947,False
TXN101979,2026-05-25,Barclays,UBS,Tokenised Equity,Permissioned Ledger,UK,217352.41,Settled,11.8,33.1,3.62,78.68,N/A,12.289279925274773,1.0127403030120845,False
TXN101980,2026-03-17,JPMorgan,Citi,Tokenised Bond,Permissioned Ledger,EU,113395.64,Settled,5.9,41.2,2.76,31.3,N/A,11.638647040207193,0.5121496739853078,False
TXN101981,2026-05-01,Standard Chartered,JPMorgan,Tokenised Deposit,Permissioned Ledger,US,702348.55,Settled,8.5,46.7,3.47,243.71,N/A,13.46218649355265,1.9151632365575892,False
TXN101982,2026-02-15,HSBC,Standard Chartered,Regulated Stablecoin,Permissioned Ledger,US,31853.97,Settled,8.0,19.9,4.19,13.35,N/A,10.368948692782762,-0.46474391531649367,False
TXN101983,2026-06-09,BNY Mellon,HSBC,Tokenised Bond,Public Blockchain,US,594236.09,Settled,64.6,40.2,3.89,231.16,N/A,13.29503366012318,1.7865574683118361,False
TXN101984,2026-03-21,JPMorgan,Barclays,Tokenised Real Estate Fund,Hybrid Network,UK,59918.7,Settled,24.6,52.5,1.14,6.83,N/A,11.000760611503,0.021366044812446968,False
TXN101985,2026-02-23,Standard Chartered,BNY Mellon,Tokenised Deposit,Permissioned Ledger,MEA,336597.36,Settled,16.1,9.9,1.04,35.01,N/A,12.726645688475042,1.3492452776914046,False
TXN101986,2026-03-27,Standard Chartered,BNY Mellon,Tokenised Bond,Permissioned Ledger,EU,17189.19,Settled,9.1,22.7,2.15,3.7,N/A,9.752094151253566,-0.9393458145581082,False
TXN101987,2026-04-02,Citi,Standard Chartered,Tokenised Deposit,Permissioned Ledger,US,120130.3,Settled,7.5,37.4,3.14,37.72,N/A,11.69634059026679,0.5565385316313849,False
TXN101988,2026-05-28,BNY Mellon,Deutsche Bank,Tokenised Deposit,Permissioned Ledger,US,12325.55,Settled,10.8,10.1,1.78,2.19,N/A,9.419510751652771,-1.1952322553314374,False
TXN101989,2026-06-10,Deutsche Bank,Standard Chartered,Tokenised Deposit,Permissioned Ledger,MEA,92029.86,Settled,7.4,22.9,0.89,8.19,N/A,11.429879234568117,0.3515257498893874,False
TXN101990,2026-06-17,Barclays,Standard Chartered,Tokenised Bond,Permissioned Ledger,MEA,22665.91,Settled,5.5,50.8,2.05,4.65,N/A,10.028661430726629,-0.7265576331164878,False
TXN101991,2026-06-09,Standard Chartered,Barclays,Tokenised Deposit,Permissioned Ledger,UK,32812.4,Settled,4.7,21.5,0.8,2.62,N/A,10.398592247529251,-0.44193645191016245,False
TXN101992,2026-04-07,Standard Chartered,JPMorgan,Tokenised Equity,Permissioned Ledger,UK,34102.24,Settled,3.6,38.3,4.24,14.46,N/A,10.437147673420757,-0.4122722813119926,False
TXN101993,2026-01-02,HSBC,BNY Mellon,Tokenised Deposit,Public Blockchain,MEA,191562.41,Settled,25.6,37.4,3.15,60.34,N/A,12.162974155509215,0.9155618692320509,False
TXN101994,2026-02-02,JPMorgan,Barclays,Tokenised Real Estate Fund,Permissioned Ledger,APAC,17194.55,Settled,3.0,42.7,4.2,7.22,N/A,9.752405908397279,-0.9391059516365489,False
TXN101995,2026-06-07,JPMorgan,Standard Chartered,Tokenised Deposit,Public Blockchain,MEA,577933.05,Pending,,29.9,2.93,169.33,Pending,13.267215040798554,1.7651540925127107,False
TXN101996,2026-06-10,BNY Mellon,Standard Chartered,Tokenised Real Estate Fund,Hybrid Network,MEA,19644.89,Settled,20.5,35.7,4.48,8.8,N/A,9.885623435114997,-0.8366096791186182,False
TXN101997,2026-03-18,Citi,UBS,Regulated Stablecoin,Permissioned Ledger,EU,146851.02,Settled,8.2,61.8,0.62,9.1,N/A,11.897180692065016,0.7110629573104422,False
TXN101998,2026-04-26,BNY Mellon,UBS,Tokenised Real Estate Fund,Public Blockchain,UK,17191.92,Settled,55.5,33.6,1.86,3.2,N/A,9.752252950152545,-0.9392236362259743,False
TXN101999,2026-06-03,Deutsche Bank,BNY Mellon,Tokenised Bond,Permissioned Ledger,EU,11991.59,Settled,7.8,42.9,3.38,4.05,N/A,9.39204423803849,-1.2163647244133178,False
TXN102000,2026-05-30,Deutsche Bank,Barclays,Regulated Stablecoin,Permissioned Ledger,US,20968.0,Settled,8.8,37.8,3.5,7.34,N/A,9.950800435586746,-0.7864631273333629,False
TXN102001,2026-04-13,HSBC,Deutsche Bank,Tokenised Deposit,Public Blockchain,EU,78415.39,Settled,37.9,24.1,1.72,13.49,N/A,11.269788240611762,0.22835329241698338,False
TXN102002,2026-07-13,Standard Chartered,JPMorgan,Regulated Stablecoin,Hybrid Network,APAC,6593.07,Settled,35.4,14.4,1.92,1.27,N/A,8.793926039286582,-1.6765510633108378,False
TXN102003,2026-06-15,Standard Chartered,Barclays,Tokenised Deposit,Hybrid Network,APAC,38453.87,Failed,,53.8,3.81,14.65,Failed,10.557240624910742,-0.31987392963351946,False
TXN102004,2026-04-13,Standard Chartered,HSBC,Tokenised Bond,Permissioned Ledger,EU,80610.34,Settled,4.1,33.3,0.63,5.08,N/A,11.297394613387217,0.24959336778049274,False
TXN102005,2026-03-31,UBS,Barclays,Tokenised Deposit,Hybrid Network,EU,79720.11,Settled,17.7,8.5,1.69,13.47,N/A,11.286289697962863,0.2410493535980719,False
TXN102006,2026-06-23,Deutsche Bank,HSBC,Regulated Stablecoin,Hybrid Network,EU,197318.93,Settled,9.8,43.2,1.0,19.73,N/A,12.192581700593912,0.9383416271539826,False
TXN102007,2026-05-02,Citi,Barclays,Tokenised Deposit,Permissioned Ledger,MEA,673665.75,Settled,8.1,45.8,3.36,226.35,N/A,13.420490831418778,1.8830829986625819,False
TXN102008,2026-05-23,Citi,Standard Chartered,Tokenised Deposit,Permissioned Ledger,US,104358.94,Settled,4.4,29.9,2.88,30.06,N/A,11.555601164317576,0.44825498282572235,False
TXN102009,2026-04-16,BNY Mellon,HSBC,Tokenised Deposit,Permissioned Ledger,US,78500.36,Settled,9.4,49.2,4.3,33.76,N/A,11.270871228461191,0.22918653276068013,False
TXN102010,2026-04-29,BNY Mellon,Standard Chartered,Tokenised Deposit,Public Blockchain,APAC,38782.11,Settled,95.6,29.5,1.84,7.14,N/A,10.565740121558425,-0.3133344993788792,False
TXN102011,2026-06-21,Deutsche Bank,Standard Chartered,Tokenised Bond,Hybrid Network,UK,666667.1,Settled,31.3,42.7,2.79,186.0,N/A,13.4100475998538,1.8750480776215985,False
TXN102012,2026-02-18,JPMorgan,Standard Chartered,Tokenised Deposit,Public Blockchain,MEA,159842.81,Settled,70.6,46.3,2.0,31.97,N/A,11.981952429934635,0.7762855099323223,False
TXN102013,2026-04-14,UBS,JPMorgan,Tokenised Deposit,Hybrid Network,EU,763662.14,Settled,40.1,31.1,4.31,329.14,N/A,13.545882054686148,1.9795577892402665,False
TXN102014,2026-03-02,BNY Mellon,Citi,Tokenised Real Estate Fund,Permissioned Ledger,US,159629.08,Settled,11.9,36.6,1.02,16.28,N/A,11.980614417417328,0.775256056083529,False
TXN102015,2026-07-14,Deutsche Bank,Standard Chartered,Tokenised Equity,Permissioned Ledger,UK,6904.53,Settled,5.5,29.9,2.51,1.73,N/A,8.840077818871736,-1.6410423318841476,False
TXN102016,2026-05-03,Citi,HSBC,Tokenised Bond,Permissioned Ledger,EU,40408.04,Settled,10.9,42.1,3.67,14.83,N/A,10.606808801294413,-0.2817366556575279,False
TXN102017,2026-05-14,Standard Chartered,BNY Mellon,Tokenised Deposit,Public Blockchain,US,152904.6,Settled,62.5,42.1,3.7,56.57,N/A,11.937576016491724,0.7421427279900414,False
TXN102018,2026-01-09,JPMorgan,Deutsche Bank,Tokenised Bond,Permissioned Ledger,EU,207415.24,Settled,7.5,33.7,3.1,64.3,N/A,12.242482874508589,0.9767351061994322,False
TXN102019,2026-01-06,Deutsche Bank,JPMorgan,Regulated Stablecoin,Public Blockchain,MEA,54070.96,Settled,75.2,50.8,3.57,19.3,N/A,10.898071031025514,-0.057642322064645805,False
TXN102020,2026-03-14,Standard Chartered,Citi,Tokenised Bond,Hybrid Network,US,15115.63,Settled,3.2,37.4,0.68,1.03,N/A,9.6235507412934,-1.0382458669932424,False
TXN102021,2026-04-13,Deutsche Bank,Standard Chartered,Tokenised Bond,Permissioned Ledger,US,168220.95,Settled,12.2,46.6,3.58,60.22,N/A,12.033039517412147,0.8155914193667302,False
TXN102022,2026-06-09,Citi,Standard Chartered,Regulated Stablecoin,Permissioned Ledger,US,14940.5,Settled,6.7,57.4,0.83,1.24,N/A,9.61189785525333,-1.0472114844507274,False
TXN102023,2026-02-10,Barclays,BNY Mellon,Regulated Stablecoin,Hybrid Network,UK,59564.42,Settled,32.9,47.3,4.49,26.74,N/A,10.994830483329228,0.016803461732419943,False
TXN102024,2026-04-24,HSBC,Barclays,Tokenised Deposit,Public Blockchain,APAC,524073.64,Settled,51.0,31.3,3.8,199.15,N/A,13.169389395907267,1.689887990483464,False
TXN102025,2026-01-08,BNY Mellon,Citi,Tokenised Deposit,Permissioned Ledger,EU,65320.47,Settled,5.7,33.5,3.05,19.92,N/A,11.087076051423951,0.08777630681490238,False
TXN102026,2026-03-13,Standard Chartered,JPMorgan,Tokenised Deposit,Hybrid Network,UK,31857.98,Settled,22.5,39.2,4.11,13.09,N/A,10.369074567885633,-0.46464706823364393,False
TXN102027,2026-06-27,Barclays,JPMorgan,Regulated Stablecoin,Hybrid Network,MEA,237406.63,Settled,23.0,23.2,2.9,68.85,N/A,12.377533900489588,1.0806420552610647,False
TXN102028,2026-04-02,UBS,Standard Chartered,Tokenised Deposit,Permissioned Ledger,MEA,96547.25,Settled,4.0,33.9,3.79,36.59,N/A,11.477798162368728,0.3883941080073526,False
TXN102029,2026-03-03,UBS,Standard Chartered,Tokenised Equity,Public Blockchain,APAC,23311.39,Settled,73.2,15.9,4.01,9.35,N/A,10.05674025787638,-0.704954055941369,False
TXN102030,2026-03-25,Barclays,JPMorgan,Tokenised Deposit,Permissioned Ledger,US,52986.06,Pending,,26.1,3.39,17.96,Pending,10.877803011781168,-0.07323633942145415,False
TXN102031,2026-03-03,Barclays,UBS,Regulated Stablecoin,Public Blockchain,EU,280943.26,Settled,47.4,41.4,3.7,103.95,N/A,12.54591156565002,1.210190197156729,False
TXN102032,2026-04-21,Barclays,HSBC,Regulated Stablecoin,Hybrid Network,APAC,15518.19,Settled,36.7,45.9,4.11,6.38,N/A,9.649832601653577,-1.01802485863101,False
TXN102033,2026-05-07,UBS,HSBC,Tokenised Equity,Hybrid Network,UK,35038.87,Settled,31.7,44.6,1.9,6.66,N/A,10.464241834997784,-0.39142629627484155,False
TXN102034,2026-01-07,Citi,Standard Chartered,Tokenised Bond,Public Blockchain,EU,43626.0,Settled,28.0,20.2,4.0,17.45,N/A,10.683431503726073,-0.22278389183586506,False
TXN102035,2026-03-25,Deutsche Bank,BNY Mellon,Tokenised Bond,Hybrid Network,APAC,53465.65,Settled,25.1,27.9,1.97,10.53,N/A,10.886813374025694,-0.06630385413325995,False
TXN102036,2026-05-12,Standard Chartered,Citi,Tokenised Bond,Permissioned Ledger,US,3916959.29,Settled,5.4,42.3,3.64,1425.77,N/A,15.180826474735973,3.237468163032011,True
TXN102037,2026-05-14,JPMorgan,Citi,Tokenised Equity,Permissioned Ledger,APAC,100998.38,Settled,6.1,13.0,2.32,23.43,N/A,11.522869657190693,0.42307167881867264,False
TXN102038,2026-02-27,Barclays,JPMorgan,Tokenised Equity,Permissioned Ledger,MEA,62816.74,Settled,11.1,21.9,1.38,8.67,N/A,11.047992796641608,0.05770602978936519,False
TXN102039,2026-01-22,Citi,UBS,Tokenised Deposit,Permissioned Ledger,APAC,86516.84,Settled,6.2,26.3,2.04,17.65,N/A,11.36810591442942,0.3039979567282847,False
TXN102040,2026-06-03,Deutsche Bank,JPMorgan,Regulated Stablecoin,Permissioned Ledger,EU,46869.59,Settled,7.7,32.8,3.59,16.83,N/A,10.755145678846912,-0.16760770130232278,False
TXN102041,2026-05-07,Deutsche Bank,BNY Mellon,Regulated Stablecoin,Public Blockchain,APAC,25259.15,Settled,72.4,40.0,1.63,4.12,N/A,10.13698333412913,-0.6432158116283168,False
TXN102042,2026-01-03,Citi,HSBC,Tokenised Deposit,Public Blockchain,UK,36002.8,Pending,,29.8,1.11,4.0,Pending,10.491379767423208,-0.37054663437161944,False
TXN102043,2026-05-07,HSBC,Standard Chartered,Tokenised Deposit,Permissioned Ledger,US,45008.9,Settled,12.2,49.7,4.49,20.21,N/A,10.714637744556006,-0.19877411291884237,False
TXN102044,2026-02-10,BNY Mellon,Citi,Tokenised Deposit,Permissioned Ledger,MEA,63595.54,Pending,,25.6,1.47,9.35,Pending,11.06031434533262,0.06718610980280706,False
TXN102045,2026-07-07,JPMorgan,HSBC,Tokenised Equity,Hybrid Network,MEA,6944.26,Settled,10.2,22.5,4.23,2.94,N/A,8.845814691492736,-1.6366284377513685,False
TXN102046,2026-04-16,Barclays,UBS,Tokenised Equity,Permissioned Ledger,MEA,6599.76,Settled,9.1,49.9,3.88,2.56,N/A,8.794940072900241,-1.6757708756871164,False
TXN102047,2026-01-14,Barclays,JPMorgan,Tokenised Deposit,Permissioned Ledger,MEA,266817.5,Settled,5.0,43.6,0.72,19.21,N/A,12.49432393094951,1.1704991715454907,False
TXN102048,2026-01-12,UBS,Standard Chartered,Regulated Stablecoin,Public Blockchain,US,384096.82,Settled,65.1,28.5,4.0,153.64,N/A,12.85865253871258,1.450810067472033,False
TXN102049,2026-03-28,UBS,Citi,Tokenised Deposit,Public Blockchain,US,13423.75,Settled,54.9,21.8,0.94,1.26,N/A,9.504855297229746,-1.1295689900171664,False
TXN102050,2026-01-12,UBS,Citi,Tokenised Bond,Public Blockchain,US,10545.19,Settled,97.0,39.7,2.89,3.05,N/A,9.263519936237625,-1.3152500752160827,False
TXN102051,2026-05-21,UBS,HSBC,Tokenised Deposit,Hybrid Network,MEA,109797.47,Settled,24.3,29.1,3.14,34.48,N/A,11.606401873534253,0.48734055560481937,False
TXN102052,2026-01-25,Standard Chartered,BNY Mellon,Tokenised Real Estate Fund,Hybrid Network,EU,29130.38,Settled,14.9,32.7,3.4,9.9,N/A,10.279571222672775,-0.5335100736371466,False
TXN102053,2026-02-14,Barclays,Standard Chartered,Tokenised Deposit,Public Blockchain,MEA,175257.29,Settled,40.5,48.2,3.23,56.61,N/A,12.074016107629685,0.8471184103060816,False
TXN102054,2026-05-02,Barclays,UBS,Regulated Stablecoin,Permissioned Ledger,EU,104796.72,Settled,7.1,23.4,3.36,35.21,N/A,11.55978729490723,0.45147575108560706,False
TXN102055,2026-05-27,HSBC,Citi,Tokenised Deposit,Permissioned Ledger,MEA,28615.74,Settled,7.2,32.6,0.78,2.23,N/A,10.26174714026343,-0.5472237497053214,False
TXN102056,2026-02-24,HSBC,BNY Mellon,Tokenised Deposit,Permissioned Ledger,UK,202149.97,Settled,11.3,58.1,4.49,90.77,N/A,12.216770073474422,0.9569519265613522,False
TXN102057,2026-04-10,Barclays,JPMorgan,Tokenised Bond,Hybrid Network,MEA,103651.21,Settled,29.9,16.4,4.29,44.47,N/A,11.548796439392529,0.44301949349101155,False
TXN102058,2026-06-22,BNY Mellon,Deutsche Bank,Tokenised Deposit,Permissioned Ledger,MEA,197154.37,Settled,6.0,43.4,2.6,51.26,N/A,12.191747377078368,0.9376997067361192,False
TXN102059,2026-05-16,BNY Mellon,Citi,Tokenised Deposit,Hybrid Network,APAC,143132.65,Settled,30.5,24.0,3.24,46.37,N/A,11.87153408814564,0.6913307090902081,False
TXN102060,2026-04-29,BNY Mellon,UBS,Regulated Stablecoin,Permissioned Ledger,UK,3062.84,Failed,,19.7,1.6,0.49,Failed,8.027424310175856,-2.266290056730753,False
TXN102061,2026-02-22,Standard Chartered,Deutsche Bank,Tokenised Real Estate Fund,Hybrid Network,EU,10046.48,Settled,35.9,12.9,4.1,4.12,N/A,9.215077135776463,-1.3525214958762186,False
TXN102062,2026-07-02,Citi,UBS,Tokenised Bond,Hybrid Network,EU,48364.54,Settled,6.1,23.2,2.64,12.77,N/A,10.786542855653046,-0.1434510180977608,False
TXN102063,2026-02-01,BNY Mellon,JPMorgan,Regulated Stablecoin,Permissioned Ledger,US,168283.25,Settled,11.4,30.6,1.96,32.98,N/A,12.033409792912046,0.8158763057437664,False
TXN102064,2026-02-20,Deutsche Bank,HSBC,Tokenised Bond,Public Blockchain,APAC,8942.92,Settled,70.2,23.8,3.12,2.79,N/A,9.098729250811049,-1.4420384297070719,False
TXN102065,2026-02-13,Standard Chartered,BNY Mellon,Tokenised Deposit,Permissioned Ledger,UK,25618.78,Settled,7.7,33.0,1.39,3.56,N/A,10.151119988372482,-0.632339207013906,False
TXN102066,2026-03-23,JPMorgan,Barclays,Tokenised Deposit,Permissioned Ledger,UK,1047.03,Settled,8.6,50.0,2.02,0.21,N/A,6.9546674904254715,-3.0916587454588544,True
TXN102067,2026-07-17,Citi,BNY Mellon,Tokenised Deposit,Permissioned Ledger,MEA,39912.82,Settled,5.3,43.9,3.09,12.33,N/A,10.594477908821915,-0.29122392468578834,False
TXN102068,2026-05-26,BNY Mellon,HSBC,Regulated Stablecoin,Permissioned Ledger,EU,4146.51,Settled,6.7,38.9,2.21,0.92,N/A,8.330263433152712,-2.0332885737990143,False
TXN102069,2026-05-30,JPMorgan,UBS,Tokenised Bond,Permissioned Ledger,APAC,64695.46,Settled,8.8,65.3,2.05,13.26,N/A,11.077461764927207,0.08037916806660708,False
TXN102070,2026-02-06,JPMorgan,HSBC,Tokenised Bond,Hybrid Network,APAC,6095.77,Settled,28.1,2.0,1.58,0.96,N/A,8.71551440172571,-1.7368802164638326,False
TXN102071,2026-04-06,BNY Mellon,Citi,Regulated Stablecoin,Permissioned Ledger,APAC,41095.87,Settled,5.7,42.6,1.45,5.96,N/A,10.62368724186657,-0.2687505472438264,False
TXN102072,2026-02-25,Citi,Standard Chartered,Regulated Stablecoin,Permissioned Ledger,MEA,252986.41,Settled,11.0,20.8,1.99,50.34,N/A,12.441095003625597,1.1295453513143918,False
TXN102073,2026-04-15,BNY Mellon,HSBC,Tokenised Bond,Permissioned Ledger,APAC,5819.31,Settled,3.8,22.2,0.87,0.51,N/A,8.669108803911787,-1.7725842331730746,False
TXN102074,2026-02-28,BNY Mellon,JPMorgan,Regulated Stablecoin,Public Blockchain,UK,1005204.91,Settled,66.3,49.7,4.4,442.29,N/A,13.82070296406127,2.19100233047263,False
TXN102075,2026-05-11,HSBC,BNY Mellon,Tokenised Equity,Permissioned Ledger,EU,16679.14,Settled,8.0,33.9,1.52,2.54,N/A,9.721974069162886,-0.9625199134795686,False
TXN102076,2026-06-05,UBS,Barclays,Tokenised Deposit,Hybrid Network,EU,2632.76,Settled,29.4,11.6,2.99,0.79,N/A,7.876167761978775,-2.3826653773518918,False
TXN102077,2026-02-04,Standard Chartered,Citi,Tokenised Deposit,Public Blockchain,US,79119.34,Settled,26.1,57.7,0.79,6.25,N/A,11.27872526355733,0.2352293511601319,False
TXN102078,2026-07-08,Citi,Deutsche Bank,Tokenised Equity,Public Blockchain,APAC,67109.12,Settled,35.7,56.5,3.48,23.35,N/A,11.114090131259761,0.10856067773735156,False
TXN102079,2026-04-03,HSBC,Citi,Tokenised Deposit,Public Blockchain,MEA,301633.77,Settled,110.5,31.7,1.49,44.94,N/A,12.616972193617006,1.264863554851117,False
TXN102080,2026-07-01,Barclays,Citi,Tokenised Equity,Public Blockchain,UK,28364.96,Settled,95.9,45.7,1.0,2.84,N/A,10.25294511371466,-0.5539959435305724,False
TXN102081,2026-07-10,Deutsche Bank,HSBC,Tokenised Equity,Permissioned Ledger,MEA,13534.03,Settled,9.9,34.2,2.54,3.44,N/A,9.513036418521748,-1.1232745146721603,False
TXN102082,2026-04-07,BNY Mellon,UBS,Tokenised Bond,Public Blockchain,US,71672.78,Pending,,42.7,3.38,24.23,Pending,11.179880269330111,0.1591789716420226,False
TXN102083,2026-05-15,Standard Chartered,UBS,Tokenised Equity,Hybrid Network,US,34733.6,Settled,17.4,17.1,3.0,10.42,N/A,10.455491587298475,-0.3981586519556988,False
TXN102084,2026-03-17,Barclays,BNY Mellon,Tokenised Equity,Permissioned Ledger,MEA,104888.06,Settled,10.3,25.5,1.46,15.31,N/A,11.56065849914602,0.45214604717410256,False
TXN102085,2026-02-18,UBS,HSBC,Tokenised Deposit,Public Blockchain,US,7713.04,Settled,76.6,14.5,2.91,2.24,N/A,8.950797324131965,-1.555855818789294,False
TXN102086,2026-04-04,UBS,Citi,Regulated Stablecoin,Permissioned Ledger,US,157970.07,Pending,,44.3,3.12,49.29,Pending,11.970167193978197,0.767218063733304,False
TXN102087,2026-06-08,Deutsche Bank,Citi,Regulated Stablecoin,Public Blockchain,MEA,3874.58,Settled,27.7,30.7,1.19,0.46,N/A,8.262450608006255,-2.085463103514988,False
TXN102088,2026-07-05,Citi,BNY Mellon,Tokenised Deposit,Permissioned Ledger,EU,28683.5,Pending,,36.1,4.2,12.05,Pending,10.264112186171138,-0.5454041063307119,False
TXN102089,2026-07-08,BNY Mellon,Standard Chartered,Tokenised Deposit,Hybrid Network,EU,11800.76,Settled,36.3,38.9,1.12,1.32,N/A,9.376003951873994,-1.2287059649579313,False
TXN102090,2026-01-24,HSBC,Standard Chartered,Tokenised Deposit,Public Blockchain,MEA,60663.43,Settled,38.6,44.4,2.55,15.47,N/A,11.013112808579308,0.03086970539617088,False
TXN102091,2026-05-28,HSBC,Deutsche Bank,Tokenised Deposit,Public Blockchain,APAC,8503.67,Settled,23.4,27.7,3.33,2.83,N/A,9.048370703371727,-1.4807838075047315,False
TXN102092,2026-02-06,JPMorgan,UBS,Tokenised Equity,Public Blockchain,US,43973.61,Failed,,33.2,0.87,3.83,Failed,10.691367700891048,-0.2166778587378259,False
TXN102093,2026-01-04,HSBC,Citi,Tokenised Bond,Permissioned Ledger,EU,34578.85,Settled,4.3,19.7,2.82,9.75,N/A,10.451026421460378,-0.40159410722840533,False
TXN102094,2026-04-18,BNY Mellon,Citi,Regulated Stablecoin,Permissioned Ledger,APAC,288440.41,Settled,6.9,46.1,4.1,118.26,N/A,12.572247259383746,1.2304526243942535,False
TXN102095,2026-05-06,HSBC,Citi,Regulated Stablecoin,Permissioned Ledger,EU,26986.27,Settled,4.7,28.5,0.94,2.54,N/A,10.203120552322643,-0.5923304776444177,False
TXN102096,2026-01-20,Citi,Deutsche Bank,Tokenised Bond,Public Blockchain,APAC,489741.77,Settled,6.2,37.5,2.92,143.0,N/A,13.101635573063822,1.6377588565669607,False
TXN102097,2026-07-07,JPMorgan,Deutsche Bank,Tokenised Deposit,Hybrid Network,APAC,119014.48,Settled,30.6,24.8,0.82,9.76,N/A,11.687008847667085,0.549358779416099,False
TXN102098,2026-06-01,Citi,JPMorgan,Tokenised Deposit,Permissioned Ledger,EU,18765.88,Settled,10.8,53.8,1.79,3.36,N/A,9.83984889306824,-0.8718281676434011,False
TXN102099,2026-02-19,BNY Mellon,UBS,Tokenised Equity,Public Blockchain,MEA,202680.57,Settled,53.8,33.7,2.27,46.01,N/A,12.219391405760753,0.958968754189065,False
TXN102100,2026-06-26,Citi,HSBC,Tokenised Equity,Permissioned Ledger,APAC,288750.76,Settled,10.7,34.8,1.87,54.0,N/A,12.573322636037659,1.2312800087579678,False
TXN102101,2026-06-28,BNY Mellon,Deutsche Bank,Regulated Stablecoin,Hybrid Network,UK,132140.61,Settled,34.4,35.8,4.01,52.99,N/A,11.791629429556874,0.6298528400443393,False
TXN102102,2026-04-06,BNY Mellon,UBS,Tokenised Deposit,Permissioned Ledger,APAC,33420.81,Settled,9.6,36.4,3.59,12.0,N/A,10.416963959868944,-0.4278014346869387,False
TXN102103,2026-04-15,JPMorgan,UBS,Regulated Stablecoin,Public Blockchain,MEA,16941.1,Settled,38.4,55.4,0.78,1.32,N/A,9.737556927464928,-0.9505306134941495,False
TXN102104,2026-06-13,Barclays,Standard Chartered,Tokenised Deposit,Public Blockchain,US,9249.76,Pending,,21.5,1.81,1.67,Pending,9.132460989293508,-1.416085557399754,False
TXN102105,2026-04-27,JPMorgan,UBS,Regulated Stablecoin,Public Blockchain,APAC,13369.91,Settled,51.3,29.2,3.16,4.22,N/A,9.500836730607045,-1.1326608361866617,False
TXN102106,2026-04-08,UBS,BNY Mellon,Tokenised Bond,Permissioned Ledger,MEA,8785.87,Settled,9.3,43.7,3.34,2.93,N/A,9.081013840803497,-1.4556684942836982,False
TXN102107,2026-03-07,JPMorgan,Standard Chartered,Tokenised Deposit,Permissioned Ledger,EU,22302.47,Settled,9.5,32.3,1.72,3.84,N/A,10.012497550724115,-0.7389939655609068,False
TXN102108,2026-03-20,Standard Chartered,BNY Mellon,Regulated Stablecoin,Public Blockchain,APAC,460092.46,Settled,50.4,27.6,2.79,128.37,N/A,13.039184921741297,1.5897099313648055,False
TXN102109,2026-06-11,BNY Mellon,UBS,Regulated Stablecoin,Public Blockchain,EU,705899.74,Pending,,24.5,2.79,196.95,Pending,13.46722991169014,1.9190435935389747,False
TXN102110,2026-06-13,Barclays,Standard Chartered,Tokenised Deposit,Public Blockchain,US,731185.65,Settled,53.8,35.6,1.16,84.82,N/A,13.502424041296761,1.9461216153884213,False
TXN102111,2026-01-06,HSBC,JPMorgan,Tokenised Bond,Public Blockchain,US,385270.97,Settled,68.7,37.1,3.67,141.39,N/A,12.861704779460291,1.4531584318890567,False
TXN102112,2026-02-08,UBS,HSBC,Tokenised Deposit,Permissioned Ledger,EU,60275.81,Settled,5.7,58.5,3.48,20.98,N/A,11.006702731632105,0.025937854386554087,False
TXN102113,2026-06-19,Standard Chartered,BNY Mellon,Regulated Stablecoin,Permissioned Ledger,US,59565.49,Settled,9.7,37.5,1.27,7.56,N/A,10.994848446610433,0.016817282506691403,False
TXN102114,2026-04-25,Deutsche Bank,JPMorgan,Tokenised Real Estate Fund,Permissioned Ledger,EU,500602.68,Settled,10.8,39.5,2.8,140.17,N/A,13.123570009131377,1.6546349988591915,False
TXN102115,2026-07-05,Citi,Standard Chartered,Tokenised Equity,Hybrid Network,US,103410.78,Settled,44.0,35.9,2.77,28.64,N/A,11.546474161066367,0.4412327550786921,False
TXN102116,2026-05-05,HSBC,Standard Chartered,Regulated Stablecoin,Permissioned Ledger,US,59759.45,Settled,10.0,45.9,1.03,6.16,N/A,10.99809934989883,0.019318495955001184,False
TXN102117,2026-01-12,JPMorgan,UBS,Tokenised Equity,Permissioned Ledger,MEA,47147.04,Settled,9.7,37.8,4.3,20.27,N/A,10.761047717738396,-0.16306672984355325,False
TXN102118,2026-05-11,Citi,Deutsche Bank,Tokenised Equity,Permissioned Ledger,MEA,23470.4,Settled,6.3,27.5,3.72,8.73,N/A,10.063537937683853,-0.6997239870517644,False
TXN102119,2026-01-18,HSBC,Deutsche Bank,Tokenised Deposit,Permissioned Ledger,APAC,247625.31,Settled,8.7,27.7,1.37,33.92,N/A,12.419676074244304,1.1130658348648848,False
TXN102120,2026-02-09,Barclays,Deutsche Bank,Tokenised Deposit,Hybrid Network,MEA,10289.05,Settled,32.5,33.8,2.95,3.04,N/A,9.238932687902782,-1.3341672655279404,False
TXN102121,2026-01-21,Deutsche Bank,HSBC,Tokenised Deposit,Permissioned Ledger,US,10229.26,Settled,9.7,7.2,2.72,2.78,N/A,9.233105274067476,-1.338650821192533,False
TXN102122,2026-05-23,UBS,Standard Chartered,Tokenised Bond,Permissioned Ledger,MEA,17018.34,Settled,7.1,24.4,4.23,7.2,N/A,9.74210562346714,-0.9470308909236212,False
TXN102123,2026-04-09,HSBC,BNY Mellon,Regulated Stablecoin,Hybrid Network,APAC,28703.7,Settled,20.7,45.6,2.63,7.55,N/A,10.264816151406208,-0.5448624823090484,False
TXN102124,2026-01-26,HSBC,UBS,Tokenised Deposit,Hybrid Network,MEA,488638.24,Settled,37.3,22.3,3.72,181.77,N/A,13.099379745673932,1.6360232448602707,False
TXN102125,2026-01-08,JPMorgan,Deutsche Bank,Tokenised Bond,Permissioned Ledger,UK,407808.32,Failed,,47.0,2.62,106.85,Failed,12.918554991201699,1.4968984332155815,False
TXN102126,2026-04-10,Standard Chartered,Citi,Tokenised Real Estate Fund,Public Blockchain,US,109066.08,Settled,53.5,64.4,0.86,9.38,N/A,11.59971838476649,0.48219834419323304,False
TXN102127,2026-03-28,Standard Chartered,UBS,Tokenised Deposit,Permissioned Ledger,EU,152417.65,Settled,12.0,27.7,2.26,34.45,N/A,11.934386290075517,0.7396885834336283,False
TXN102128,2026-02-11,Standard Chartered,UBS,Tokenised Equity,Hybrid Network,APAC,45086.71,Settled,33.6,23.1,3.8,17.13,N/A,10.71636498281115,-0.19744519256380683,False
TXN102129,2026-06-21,Standard Chartered,Barclays,Tokenised Deposit,Permissioned Ledger,MEA,118255.86,Settled,9.6,43.6,1.63,19.28,N/A,11.680614317356499,0.544438889837854,False
TXN102130,2026-01-14,Barclays,BNY Mellon,Tokenised Deposit,Permissioned Ledger,MEA,15227.36,Settled,6.9,42.4,2.13,3.24,N/A,9.63091475788489,-1.0325800640768794,False
TXN102131,2026-03-19,UBS,Citi,Tokenised Deposit,Permissioned Ledger,MEA,16282.07,Settled,6.7,50.6,3.83,6.24,N/A,9.697881196717088,-0.9810567357790617,False
TXN102132,2026-01-02,Citi,Barclays,Tokenised Bond,Hybrid Network,APAC,10415.9,Settled,32.2,36.4,2.02,2.1,N/A,9.251184766245562,-1.324740635326394,False
TXN102133,2026-04-29,Citi,Standard Chartered,Regulated Stablecoin,Public Blockchain,UK,262579.61,Settled,77.9,39.6,2.85,74.84,N/A,12.478313399586934,1.1581808240567792,False
TXN102134,2026-02-06,UBS,Barclays,Tokenised Deposit,Public Blockchain,MEA,287694.22,Settled,52.9,27.7,1.56,44.88,N/A,12.569656934872594,1.2284596538479118,False
TXN102135,2026-03-10,Barclays,Citi,Tokenised Deposit,Hybrid Network,MEA,187783.14,Settled,12.6,43.6,1.38,25.91,N/A,12.143048390645871,0.9002311790752745,False
TXN102136,2026-06-15,UBS,JPMorgan,Tokenised Equity,Hybrid Network,UK,72351.27,Settled,26.6,47.3,1.97,14.25,N/A,11.189302106826593,0.16642804199674707,False
TXN102137,2026-02-10,Citi,HSBC,Tokenised Deposit,Public Blockchain,US,484645.45,Settled,50.3,45.7,3.12,151.21,N/A,13.091174935020307,1.6297105431502776,False
TXN102138,2026-03-03,HSBC,Barclays,Tokenised Deposit,Public Blockchain,MEA,57967.7,Settled,64.6,37.6,1.82,10.55,N/A,10.967658488689882,-0.0041024073077064694,False
TXN102139,2026-03-01,Standard Chartered,BNY Mellon,Tokenised Bond,Permissioned Ledger,US,78839.29,Settled,5.8,40.7,4.44,35.0,N/A,11.275179439595762,0.232501228607342,False
TXN102140,2026-05-05,BNY Mellon,JPMorgan,Regulated Stablecoin,Public Blockchain,EU,20735.08,Settled,40.5,40.0,2.88,5.97,N/A,9.939630457169251,-0.7950572003514347,False
TXN102141,2026-04-21,JPMorgan,Standard Chartered,Regulated Stablecoin,Permissioned Ledger,US,31716.42,Settled,11.5,29.5,1.9,6.03,N/A,10.364621335744685,-0.46807334183555066,False
TXN102142,2026-01-14,Barclays,HSBC,Tokenised Equity,Permissioned Ledger,UK,24012.2,Pending,,38.3,2.04,4.9,Pending,10.086358958135518,-0.682165715336455,False
TXN102143,2026-03-25,BNY Mellon,UBS,Tokenised Deposit,Hybrid Network,US,229188.61,Pending,,42.3,1.56,35.75,Pending,12.342304931207082,1.0535372281030226,False
TXN102144,2026-05-10,Citi,UBS,Tokenised Equity,Permissioned Ledger,APAC,14909.04,Settled,4.4,34.3,2.0,2.98,N/A,9.609790090518432,-1.0488331781872398,False
TXN102145,2026-03-11,HSBC,Deutsche Bank,Tokenised Deposit,Permissioned Ledger,EU,60129.67,Settled,13.1,11.8,2.83,17.02,N/A,11.004275306496067,0.024070217038899614,False
TXN102146,2026-05-25,Deutsche Bank,HSBC,Tokenised Equity,Permissioned Ledger,EU,22061.47,Pending,,42.0,3.89,8.58,Pending,10.001633253901357,-0.7473528501258534,False
TXN102147,2026-05-03,UBS,JPMorgan,Tokenised Deposit,Public Blockchain,US,15023.07,Settled,73.4,30.9,0.65,0.98,N/A,9.617408860649117,-1.0429713703695578,False
TXN102148,2026-03-30,Standard Chartered,Barclays,Tokenised Bond,Permissioned Ledger,APAC,53802.27,Settled,12.7,27.0,4.31,23.19,N/A,10.89308952497195,-0.061475044489359136,False
TXN102149,2026-01-28,UBS,JPMorgan,Tokenised Equity,Permissioned Ledger,APAC,143329.47,Settled,13.1,43.5,2.17,31.1,N/A,11.872908222057912,0.6923879543898208,False
TXN102150,2026-03-07,HSBC,JPMorgan,Tokenised Deposit,Public Blockchain,MEA,281917.37,Settled,48.5,31.7,2.36,66.53,N/A,12.549372839931172,1.2128532680057473,False
TXN102151,2026-06-12,Barclays,BNY Mellon,Tokenised Bond,Permissioned Ledger,EU,17677.12,Settled,10.3,37.0,2.64,4.67,N/A,9.780082995696056,-0.9178114692049013,False
TXN102152,2026-01-05,HSBC,Barclays,Tokenised Bond,Permissioned Ledger,EU,47587.36,Settled,10.4,50.5,2.94,13.99,N/A,10.770343472500139,-0.15591466632162398,False
TXN102153,2026-07-12,Citi,Deutsche Bank,Regulated Stablecoin,Permissioned Ledger,APAC,51919.45,Settled,8.3,64.8,1.79,9.29,N/A,10.85746801852069,-0.08888188593646132,False
TXN102154,2026-06-17,Barclays,UBS,Tokenised Deposit,Public Blockchain,EU,26592.42,Settled,65.4,36.4,4.19,11.14,N/A,10.188419095748124,-0.6036416356924528,False
TXN102155,2026-07-03,BNY Mellon,Standard Chartered,Tokenised Equity,Hybrid Network,EU,12910.75,Settled,39.4,53.5,1.09,1.41,N/A,9.465893028488335,-1.1595461815566739,False
TXN102156,2026-06-13,Barclays,BNY Mellon,Tokenised Bond,Permissioned Ledger,UK,227389.28,Settled,7.7,39.3,3.43,77.99,N/A,12.334423115321695,1.047473035433866,False
TXN102157,2026-02-14,Barclays,Citi,Tokenised Deposit,Public Blockchain,MEA,148987.34,Settled,42.0,32.8,1.3,19.37,N/A,11.911623326831954,0.7221749803709346,False
TXN102158,2026-05-31,JPMorgan,Citi,Tokenised Deposit,Permissioned Ledger,UK,11502.38,Settled,9.4,47.5,0.85,0.98,N/A,9.350396184210842,-1.2484083329394347,False
TXN102159,2026-02-16,Barclays,Deutsche Bank,Tokenised Equity,Permissioned Ledger,APAC,34059.28,Settled,9.1,39.3,4.21,14.34,N/A,10.435887174969736,-0.4132420965902634,False
TXN102160,2026-01-31,JPMorgan,UBS,Tokenised Equity,Hybrid Network,MEA,34349.08,Settled,28.3,29.0,4.1,14.08,N/A,10.444359626614304,-0.40672347449861673,False
TXN102161,2026-05-19,Deutsche Bank,UBS,Regulated Stablecoin,Hybrid Network,UK,805934.93,Settled,1.0,29.8,3.35,269.99,N/A,13.599759527014028,2.0210105937049296,False
TXN102162,2026-01-10,JPMorgan,BNY Mellon,Regulated Stablecoin,Permissioned Ledger,APAC,116116.79,Settled,4.9,18.5,1.75,20.32,N/A,11.66236038592163,0.5303944921000371,False
TXN102163,2026-07-14,BNY Mellon,UBS,Tokenised Real Estate Fund,Hybrid Network,US,564557.44,Settled,37.3,37.2,1.1,62.1,N/A,13.243799182457064,1.7471381582963654,False
TXN102164,2026-04-28,HSBC,JPMorgan,Regulated Stablecoin,Hybrid Network,APAC,112782.06,Settled,9.9,19.7,2.19,24.7,N/A,11.63322142946339,0.5079752617208361,False
TXN102165,2026-01-14,Barclays,HSBC,Regulated Stablecoin,Permissioned Ledger,APAC,37025.73,Settled,9.9,40.0,1.66,6.15,N/A,10.519395363230098,-0.3489917067781974,False
TXN102166,2026-03-21,Standard Chartered,Citi,Tokenised Bond,Permissioned Ledger,EU,197729.31,Settled,11.4,56.6,4.31,85.22,N/A,12.194659310508113,0.9399401200640267,False
TXN102167,2026-04-03,JPMorgan,Citi,Tokenised Deposit,Permissioned Ledger,APAC,16352.62,Settled,6.0,39.6,1.03,1.68,N/A,9.702204558546375,-0.977730383134884,False
TXN102168,2026-01-10,BNY Mellon,Deutsche Bank,Tokenised Deposit,Permissioned Ledger,APAC,122672.14,Settled,7.2,14.8,2.85,34.96,N/A,11.717278698829709,0.5726481092083839,False
TXN102169,2026-03-17,HSBC,UBS,Tokenised Deposit,Public Blockchain,UK,31297.36,Settled,96.7,68.0,3.24,10.14,N/A,10.351320978989383,-0.4783065072768049,False
TXN102170,2026-04-04,JPMorgan,BNY Mellon,Tokenised Deposit,Permissioned Ledger,UK,20019.96,Settled,12.9,55.2,1.13,2.26,N/A,9.904535003767501,-0.8220593016862561,False
TXN102171,2026-04-15,JPMorgan,HSBC,Tokenised Equity,Permissioned Ledger,US,65718.53,Settled,11.4,37.3,2.46,16.17,N/A,11.093151420573593,0.09245063689256677,False
TXN102172,2026-01-01,JPMorgan,Standard Chartered,Regulated Stablecoin,Permissioned Ledger,MEA,48011.55,Settled,10.3,42.0,1.15,5.52,N/A,10.779217714049087,-0.1490869109759005,False
TXN102173,2026-05-13,JPMorgan,UBS,Regulated Stablecoin,Hybrid Network,EU,37232.44,Settled,27.5,32.8,3.08,11.47,N/A,10.524962561201551,-0.3447083586745167,False
TXN102174,2026-01-20,UBS,BNY Mellon,Tokenised Bond,Public Blockchain,EU,42287.07,Settled,70.6,14.4,1.53,6.47,N/A,10.65226029215863,-0.24676671957819837,False
TXN102175,2026-01-08,UBS,Standard Chartered,Regulated Stablecoin,Hybrid Network,APAC,157591.5,Settled,41.0,46.3,2.06,32.46,N/A,11.967767866441044,0.7653720444056148,False
TXN102176,2026-06-20,BNY Mellon,Standard Chartered,Tokenised Deposit,Hybrid Network,US,186713.78,Pending,,23.8,2.06,38.46,Pending,12.137337490831397,0.8958372681678362,False
TXN102177,2026-01-01,UBS,HSBC,Tokenised Real Estate Fund,Permissioned Ledger,MEA,86036.68,Settled,12.4,30.4,0.83,7.14,N/A,11.362540618815428,0.2997160722799782,False
TXN102178,2026-02-26,Standard Chartered,HSBC,Tokenised Deposit,Permissioned Ledger,US,313655.91,Settled,7.0,44.7,2.34,73.4,N/A,12.656055024208404,1.2949335055082576,False
TXN102179,2026-03-05,HSBC,Barclays,Tokenised Deposit,Permissioned Ledger,EU,144179.61,Settled,9.6,27.1,2.65,38.21,N/A,11.878822028772202,0.6969379798972796,False
TXN102180,2026-04-28,Deutsche Bank,JPMorgan,Tokenised Deposit,Permissioned Ledger,US,65378.02,Settled,9.1,60.4,0.8,5.23,N/A,11.087956690872499,0.08845386226223977,False
TXN102181,2026-01-28,Deutsche Bank,HSBC,Tokenised Equity,Public Blockchain,APAC,84614.19,Settled,56.6,38.0,1.97,16.67,N/A,11.345869080304418,0.2868891523046621,False
TXN102182,2026-05-01,UBS,Barclays,Tokenised Deposit,Permissioned Ledger,UK,857535.47,Settled,6.9,37.4,2.83,242.68,N/A,13.661818987730076,2.0687585406499758,False
TXN102183,2026-04-17,Barclays,Citi,Tokenised Equity,Public Blockchain,EU,93412.87,Settled,68.0,34.2,3.88,36.24,N/A,11.444795114262405,0.3630018830053388,False
TXN102184,2026-06-14,JPMorgan,Barclays,Tokenised Real Estate Fund,Public Blockchain,UK,168563.15,Settled,62.5,26.6,1.9,32.03,N/A,12.035071668488238,0.8171549366877948,False
TXN102185,2026-06-24,Deutsche Bank,JPMorgan,Tokenised Equity,Permissioned Ledger,MEA,32057.13,Settled,7.8,30.3,2.81,9.01,N/A,10.375306096327645,-0.4598525907115605,False
TXN102186,2026-06-14,JPMorgan,Standard Chartered,Tokenised Deposit,Public Blockchain,EU,31789.75,Settled,66.1,51.4,2.37,7.53,N/A,10.366930645951184,-0.4662965809686768,False
TXN102187,2026-02-18,JPMorgan,Citi,Tokenised Equity,Permissioned Ledger,US,35627.59,Settled,12.3,5.8,2.68,9.55,N/A,10.480903684423627,-0.3786068309876456,False
TXN102188,2026-04-30,JPMorgan,HSBC,Tokenised Deposit,Public Blockchain,EU,22204.13,Settled,89.0,13.8,1.79,3.97,N/A,10.008078622246332,-0.7423938462572044,False
TXN102189,2026-02-13,UBS,Deutsche Bank,Tokenised Deposit,Public Blockchain,MEA,77695.52,Settled,62.5,40.7,4.43,34.42,N/A,11.260565747707954,0.22125759585772845,False
TXN102190,2026-02-25,BNY Mellon,HSBC,Tokenised Deposit,Permissioned Ledger,EU,190920.79,Settled,8.3,30.0,1.82,34.75,N/A,12.159619146730606,0.9129805580296517,False
TXN102191,2026-06-05,Deutsche Bank,Barclays,Tokenised Bond,Permissioned Ledger,APAC,14713.33,Settled,5.8,33.4,2.38,3.5,N/A,9.596577127860668,-1.058999103457787,False
TXN102192,2026-04-21,JPMorgan,Standard Chartered,Tokenised Equity,Permissioned Ledger,MEA,110564.22,Pending,,38.9,0.96,10.61,Pending,11.613360852069286,0.4926947261704132,False
TXN102193,2026-05-14,HSBC,Standard Chartered,Tokenised Equity,Hybrid Network,UK,20178.86,Settled,27.3,24.2,1.69,3.41,N/A,9.912440356321593,-0.8159770001325616,False
TXN102194,2026-04-18,Barclays,Standard Chartered,Tokenised Real Estate Fund,Permissioned Ledger,EU,21733.11,Settled,9.2,54.2,1.38,3.0,N/A,9.986638194804431,-0.7588899031059589,False
TXN102195,2026-07-08,BNY Mellon,HSBC,Tokenised Equity,Permissioned Ledger,APAC,60749.76,Settled,4.4,40.0,3.22,19.56,N/A,11.014534871412607,0.031963826742593356,False
TXN102196,2026-05-28,Citi,UBS,Tokenised Bond,Permissioned Ledger,US,17160.47,Settled,7.0,46.7,1.0,1.72,N/A,9.750422033708638,-0.9406323255735098,False
TXN102197,2026-04-24,JPMorgan,Barclays,Tokenised Bond,Permissioned Ledger,EU,128744.14,Settled,7.4,51.9,2.73,35.15,N/A,11.765590070240709,0.6098184096325111,False
TXN102198,2026-03-19,Barclays,Deutsche Bank,Tokenised Deposit,Permissioned Ledger,EU,5017.12,Settled,7.4,18.5,4.2,2.11,N/A,8.520810640550359,-1.886683401205293,False
TXN102199,2026-05-10,HSBC,Citi,Tokenised Deposit,Hybrid Network,US,48540.01,Settled,33.3,35.2,3.66,17.77,N/A,10.790164286645494,-0.14066472422898685,False
TXN102200,2026-02-06,HSBC,Deutsche Bank,Tokenised Deposit,Hybrid Network,UK,7344.74,Settled,36.1,50.6,3.9,2.86,N/A,8.90187583234187,-1.5934955399134239,False
TXN102201,2026-01-20,Citi,UBS,Tokenised Deposit,Permissioned Ledger,EU,14126.5,Settled,6.3,43.5,2.63,3.72,N/A,9.555878531503998,-1.090312208617813,False
TXN102202,2026-01-26,BNY Mellon,Citi,Tokenised Deposit,Permissioned Ledger,UK,14747.61,Settled,10.2,34.6,4.21,6.21,N/A,9.598904120039219,-1.0572087382531752,False
TXN102203,2026-01-29,JPMorgan,HSBC,Tokenised Deposit,Public Blockchain,APAC,153359.36,Settled,102.6,37.8,2.75,42.17,N/A,11.940545725134612,0.7444275930063793,False
TXN102204,2026-01-01,Citi,JPMorgan,Tokenised Deposit,Public Blockchain,EU,22285.15,Settled,87.0,48.7,2.2,4.9,N/A,10.011720688267289,-0.7395916759977063,False
TXN102205,2026-04-29,JPMorgan,UBS,Tokenised Deposit,Permissioned Ledger,UK,13953.05,Settled,8.7,33.9,2.1,2.93,N/A,9.543525067694711,-1.0998168438136011,False
TXN102206,2026-02-04,Standard Chartered,UBS,Tokenised Equity,Public Blockchain,APAC,20895.96,Settled,43.9,36.2,3.82,7.98,N/A,9.94735897282791,-0.789110955389332,False
TXN102207,2026-07-17,BNY Mellon,Standard Chartered,Tokenised Deposit,Public Blockchain,UK,8169.08,Pending,,50.0,2.23,1.82,Pending,9.008233979727773,-1.5116646132511455,False
TXN102208,2026-02-28,Standard Chartered,Citi,Tokenised Deposit,Public Blockchain,US,80449.47,Settled,92.7,27.5,4.33,34.83,N/A,11.295396994541438,0.24805641922238142,False
TXN102209,2026-03-10,Deutsche Bank,Standard Chartered,Tokenised Bond,Permissioned Ledger,APAC,5078.47,Settled,5.6,8.3,1.71,0.87,N/A,8.53296220442104,-1.8773341058633408,False
TXN102210,2026-06-10,Standard Chartered,Citi,Regulated Stablecoin,Hybrid Network,UK,367903.96,Settled,33.6,23.9,0.8,29.43,N/A,12.815579922926421,1.417670414796804,False
TXN102211,2026-06-28,HSBC,Barclays,Regulated Stablecoin,Hybrid Network,MEA,35187.11,Settled,1.0,40.6,2.87,10.1,N/A,10.468463520433383,-0.3881781724614559,False
TXN102212,2026-01-12,HSBC,Citi,Tokenised Bond,Hybrid Network,UK,83028.39,Settled,18.5,45.8,1.08,8.97,N/A,11.326949920486948,0.2723329343036282,False
TXN102213,2026-01-20,Barclays,Standard Chartered,Tokenised Bond,Permissioned Ledger,APAC,11883.52,Settled,7.8,40.5,4.1,4.87,N/A,9.382991991936226,-1.2233294347352792,False
TXN102214,2026-06-30,HSBC,Barclays,Tokenised Real Estate Fund,Hybrid Network,APAC,14653.12,Settled,22.6,41.7,3.34,4.89,N/A,9.592476803576785,-1.0621538531785446,False
TXN102215,2026-02-12,Standard Chartered,BNY Mellon,Tokenised Bond,Permissioned Ledger,APAC,536335.4,Settled,11.6,25.2,3.0,160.9,N/A,13.192516855127229,1.7076820332138887,False
TXN102216,2026-05-06,Deutsche Bank,Standard Chartered,Tokenised Deposit,Public Blockchain,EU,12983.64,Settled,57.0,29.5,2.32,3.01,N/A,9.471522399415257,-1.1552149981842867,False
TXN102217,2026-02-19,Deutsche Bank,JPMorgan,Tokenised Bond,Public Blockchain,APAC,202290.2,Settled,81.1,16.4,4.12,83.34,N/A,12.217463522456853,0.9574854594802692,False
TXN102218,2026-01-29,Standard Chartered,Deutsche Bank,Tokenised Deposit,Public Blockchain,UK,4899.53,Settled,56.4,32.5,3.84,1.88,N/A,8.4970986415148,-1.9049271831983594,False
TXN102219,2026-07-04,Citi,BNY Mellon,Tokenised Deposit,Permissioned Ledger,MEA,21272.76,Settled,5.6,28.7,2.53,5.38,N/A,9.965229667371647,-0.7753614163972085,False
TXN102220,2026-02-08,Barclays,Standard Chartered,Tokenised Deposit,Public Blockchain,UK,96396.55,Settled,70.4,52.8,4.33,41.74,N/A,11.476236065337913,0.3871922457080385,False
TXN102221,2026-07-03,HSBC,UBS,Tokenised Deposit,Public Blockchain,EU,26477.18,Settled,25.7,58.7,4.4,11.65,N/A,10.184076276571028,-0.6069829586312493,False
TXN102222,2026-06-20,Deutsche Bank,Barclays,Tokenised Deposit,Permissioned Ledger,UK,21419.91,Settled,3.6,53.7,3.05,6.53,N/A,9.972122826759465,-0.7700578864448738,False
TXN102223,2026-06-27,Standard Chartered,UBS,Tokenised Bond,Permissioned Ledger,UK,634365.58,Settled,9.2,25.4,3.6,228.37,N/A,13.3603822682178,1.836836053337111,False
TXN102224,2026-05-31,Barclays,Deutsche Bank,Regulated Stablecoin,Permissioned Ledger,UK,177774.83,Settled,7.6,28.0,4.2,74.67,N/A,12.08827865356377,0.8580918747658819,False
TXN102225,2026-06-21,BNY Mellon,Citi,Tokenised Deposit,Permissioned Ledger,UK,217453.36,Settled,14.1,31.0,3.18,69.15,N/A,12.289744268411116,1.013097564115913,False
TXN102226,2026-02-07,Citi,Barclays,Tokenised Deposit,Permissioned Ledger,APAC,154329.85,Settled,10.4,20.3,3.46,53.4,N/A,11.946853953558062,0.7492810827500022,False
TXN102227,2026-03-25,UBS,Citi,Tokenised Bond,Public Blockchain,EU,110154.32,Settled,65.5,61.0,1.15,12.67,N/A,11.60964664883995,0.489837054242697,False
TXN102228,2026-05-31,Citi,BNY Mellon,Tokenised Bond,Hybrid Network,UK,11752.1,Settled,28.2,45.7,1.05,1.23,N/A,9.37187231456258,-1.2318848066182575,False
TXN102229,2026-05-08,JPMorgan,UBS,Tokenised Deposit,Public Blockchain,UK,8768.98,Settled,70.1,41.4,3.89,3.41,N/A,9.079089804861917,-1.4571488288692538,False
TXN102230,2026-05-06,UBS,Deutsche Bank,Tokenised Deposit,Public Blockchain,APAC,101773.44,Settled,58.0,25.7,1.82,18.52,N/A,11.530514271022463,0.42895337052922183,False
TXN102231,2026-02-14,Citi,Deutsche Bank,Tokenised Bond,Hybrid Network,EU,12175.63,Settled,27.3,22.9,2.91,3.54,N/A,9.407273819893033,-1.2046472318989507,False
TXN102232,2026-02-21,Standard Chartered,JPMorgan,Regulated Stablecoin,Permissioned Ledger,APAC,3950.49,Settled,7.9,30.7,0.64,0.25,N/A,8.281848001957277,-2.0705389368116496,False
TXN102233,2026-03-21,Barclays,Deutsche Bank,Tokenised Bond,Hybrid Network,US,70495.84,Settled,26.6,32.6,1.05,7.4,N/A,11.163323165100758,0.14644009629271904,False
TXN102234,2026-06-27,HSBC,BNY Mellon,Regulated Stablecoin,Permissioned Ledger,APAC,82272.38,Settled,11.1,37.3,1.0,8.23,N/A,11.31780288355388,0.2652952928361509,False
TXN102235,2026-05-04,Deutsche Bank,Standard Chartered,Tokenised Deposit,Hybrid Network,APAC,136687.38,Settled,35.2,36.2,3.31,45.24,N/A,11.82545901544138,0.6558809951934312,False
TXN102236,2026-04-29,Deutsche Bank,Standard Chartered,Regulated Stablecoin,Public Blockchain,UK,19483.48,Settled,50.1,32.3,1.7,3.31,N/A,9.877373530221421,-0.8429570758993041,False
TXN102237,2026-01-08,HSBC,Barclays,Tokenised Real Estate Fund,Permissioned Ledger,MEA,60275.81,Settled,12.0,39.2,1.26,7.59,N/A,11.006702731632105,0.025937854386554087,False
TXN102238,2026-03-26,Deutsche Bank,HSBC,Tokenised Equity,Public Blockchain,APAC,64844.46,Settled,53.8,38.9,1.35,8.75,N/A,11.079762179583836,0.0821490847837197,False
TXN102239,2026-05-09,UBS,HSBC,Tokenised Deposit,Public Blockchain,UK,236091.62,Settled,58.5,31.3,2.83,66.81,N/A,12.371979464643514,1.076368526212827,False
TXN102240,2026-01-08,BNY Mellon,Barclays,Regulated Stablecoin,Hybrid Network,EU,12401.97,Settled,19.4,35.4,2.78,3.45,N/A,9.425691239042752,-1.190477048299562,False
TXN102241,2026-06-06,UBS,BNY Mellon,Tokenised Bond,Permissioned Ledger,APAC,123873.58,Settled,10.5,55.9,1.08,13.38,N/A,11.727024881111909,0.5801467272942946,False
TXN102242,2026-04-06,Standard Chartered,UBS,Tokenised Deposit,Public Blockchain,EU,82598.32,Settled,51.6,43.8,1.31,10.82,N/A,11.321756727029662,0.2683373416443815,False
TXN102243,2026-04-12,UBS,Barclays,Regulated Stablecoin,Permissioned Ledger,APAC,182677.15,Settled,6.9,49.5,0.55,10.05,N/A,12.115481140249628,0.8790212040907471,False
TXN102244,2026-01-05,Deutsche Bank,UBS,Tokenised Bond,Permissioned Ledger,MEA,32752.49,Pending,,41.4,0.52,1.7,Pending,10.39676480027126,-0.4433424720997137,False
TXN102245,2026-03-27,Deutsche Bank,Barclays,Tokenised Deposit,Public Blockchain,EU,30257.66,Settled,33.0,25.9,2.54,7.69,N/A,10.31753770348014,-0.5042990316724947,False
TXN102246,2026-06-24,Deutsche Bank,UBS,Tokenised Real Estate Fund,Permissioned Ledger,MEA,394395.21,Settled,11.9,22.1,3.51,138.43,N/A,12.885111292130977,1.4711671756369613,False
TXN102247,2026-02-03,Citi,Barclays,Regulated Stablecoin,Permissioned Ledger,APAC,61132.47,Settled,9.5,22.3,2.86,17.48,N/A,11.020814785684601,0.03679553185280356,False
TXN102248,2026-07-12,Deutsche Bank,Citi,Regulated Stablecoin,Permissioned Ledger,MEA,139834.42,Settled,10.0,28.7,4.03,56.35,N/A,11.848221438636767,0.6733941827482974,False
TXN102249,2026-02-24,Barclays,Deutsche Bank,Tokenised Deposit,Permissioned Ledger,US,295851.81,Settled,4.9,29.2,3.73,110.35,N/A,12.59761734611618,1.2499721229737548,False
TXN102250,2026-04-29,Standard Chartered,UBS,Tokenised Deposit,Permissioned Ledger,UK,17395.46,Settled,4.5,27.8,3.51,6.11,N/A,9.76402201622835,-0.930168630976227,False
TXN102251,2026-06-20,Barclays,BNY Mellon,Tokenised Deposit,Permissioned Ledger,APAC,35931.22,Settled,8.6,51.6,4.0,14.37,N/A,10.48938966500652,-0.3720777998621156,False
TXN102252,2026-06-07,Barclays,Standard Chartered,Tokenised Real Estate Fund,Public Blockchain,US,137455.14,Settled,74.2,36.0,4.34,59.66,N/A,11.83106016338506,0.6601904640763437,False
TXN102253,2026-04-24,JPMorgan,Standard Chartered,Tokenised Deposit,Hybrid Network,MEA,9037.84,Settled,35.6,42.3,2.08,1.88,N/A,9.109286126568618,-1.4339160719269388,False
TXN102254,2026-05-25,BNY Mellon,Deutsche Bank,Tokenised Deposit,Public Blockchain,MEA,22910.04,Settled,45.1,36.2,3.14,7.19,N/A,10.039374169441226,-0.7183153558894728,False
TXN102255,2026-01-26,UBS,Citi,Regulated Stablecoin,Permissioned Ledger,US,943838.84,Settled,14.5,51.8,1.71,161.4,N/A,13.75771176971663,2.14253751671386,False
TXN102256,2026-05-16,Deutsche Bank,HSBC,Regulated Stablecoin,Hybrid Network,APAC,38801.44,Settled,32.3,45.9,2.91,11.29,N/A,10.566238410232025,-0.3129511209080415,False
TXN102257,2026-02-16,Citi,Standard Chartered,Regulated Stablecoin,Permissioned Ledger,MEA,20137.8,Settled,2.2,43.9,1.88,3.79,N/A,9.910403581577858,-0.8175440748586508,False
TXN102258,2026-04-23,Barclays,Standard Chartered,Tokenised Deposit,Permissioned Ledger,UK,28438.04,Settled,3.2,30.9,4.16,11.83,N/A,10.255518128073193,-0.5520162912477038,False
TXN102259,2026-03-17,UBS,Standard Chartered,Tokenised Bond,Public Blockchain,APAC,149897.05,Settled,65.0,31.7,2.82,42.27,N/A,11.917710675333627,0.7268585272458227,False
TXN102260,2026-03-13,Deutsche Bank,HSBC,Tokenised Equity,Public Blockchain,MEA,8492.12,Settled,62.1,40.0,3.83,3.25,N/A,9.04701170296313,-1.481829409233449,False
TXN102261,2026-03-30,Deutsche Bank,Citi,Tokenised Deposit,Public Blockchain,MEA,91540.06,Settled,80.7,33.7,4.42,40.46,N/A,11.424542893777907,0.3474200210610712,False
TXN102262,2026-02-15,Citi,Deutsche Bank,Tokenised Deposit,Hybrid Network,MEA,79343.36,Settled,26.2,44.8,1.8,14.28,N/A,11.281552645923703,0.23740471172023478,False
TXN102263,2026-07-15,Deutsche Bank,Barclays,Regulated Stablecoin,Public Blockchain,APAC,41658.15,Settled,40.3,31.9,1.34,5.58,N/A,10.63727631134229,-0.25829524903670753,False
TXN102264,2026-02-02,JPMorgan,Standard Chartered,Regulated Stablecoin,Permissioned Ledger,MEA,14148.89,Settled,9.1,27.4,1.34,1.9,N/A,9.557462129189577,-1.0890938039233329,False
TXN102265,2026-01-01,UBS,Barclays,Regulated Stablecoin,Permissioned Ledger,APAC,218287.56,Settled,1.3,32.8,1.8,39.29,N/A,12.293573136217528,1.0160434578567021,False
TXN102266,2026-05-27,Citi,HSBC,Tokenised Deposit,Public Blockchain,APAC,85653.14,Settled,36.0,37.7,4.35,37.26,N/A,11.358072838836296,0.2962786057125228,False
TXN102267,2026-01-31,BNY Mellon,Deutsche Bank,Tokenised Deposit,Permissioned Ledger,EU,76318.14,Settled,10.7,32.5,3.42,26.1,N/A,11.242679037714865,0.20749573473426253,False
TXN102268,2026-05-22,Citi,Deutsche Bank,Tokenised Deposit,Hybrid Network,APAC,93771.11,Settled,15.7,50.5,3.38,31.69,N/A,11.448622756026776,0.3659468334412771,False
TXN102269,2026-02-22,JPMorgan,Barclays,Regulated Stablecoin,Public Blockchain,UK,169068.02,Settled,46.1,29.5,3.9,65.94,N/A,12.038062312898527,0.819455909480442,False
TXN102270,2026-02-17,HSBC,UBS,Tokenised Deposit,Public Blockchain,APAC,76660.0,Settled,48.9,36.7,2.53,19.39,N/A,11.24714838346204,0.21093440598845864,False
TXN102271,2026-03-10,HSBC,Standard Chartered,Tokenised Deposit,Permissioned Ledger,EU,116684.38,Settled,8.5,22.8,3.16,36.87,N/A,11.667236531934781,0.534146151531909,False
TXN102272,2026-04-15,Standard Chartered,Barclays,Tokenised Real Estate Fund,Hybrid Network,EU,31171.51,Settled,28.1,49.4,3.4,10.6,N/A,10.347291895666263,-0.48140644489356466,False
TXN102273,2026-03-31,BNY Mellon,Deutsche Bank,Tokenised Real Estate Fund,Public Blockchain,APAC,144370.7,Settled,28.6,29.1,1.29,18.62,N/A,11.88014650285411,0.6979570174052335,False
TXN102274,2026-07-09,UBS,JPMorgan,Tokenised Equity,Public Blockchain,EU,120689.11,Settled,53.3,49.0,1.96,23.66,N/A,11.700981465037495,0.5601091756520308,False
TXN102275,2026-07-13,JPMorgan,Standard Chartered,Tokenised Deposit,Hybrid Network,APAC,301990.4,Settled,17.4,39.3,4.39,132.57,N/A,12.618153819130342,1.265772686056395,False
TXN102276,2026-07-11,Standard Chartered,JPMorgan,Tokenised Deposit,Public Blockchain,EU,75732.47,Settled,45.2,30.6,1.14,8.63,N/A,11.23497548173686,0.20156869350828513,False
TXN102277,2026-07-17,Deutsche Bank,Standard Chartered,Tokenised Deposit,Hybrid Network,APAC,311924.98,Settled,25.7,9.2,2.84,88.59,N/A,12.650521195055164,1.2906758310495505,False
TXN102278,2026-03-04,UBS,Citi,Tokenised Real Estate Fund,Public Blockchain,EU,187038.13,Settled,71.5,59.5,2.74,51.25,N/A,12.139073125283614,0.8971726484754357,False
TXN102279,2026-03-14,Citi,Barclays,Tokenised Bond,Public Blockchain,EU,113182.25,Pending,,44.6,1.7,19.24,Pending,11.636763465604966,0.5107004699616754,False
TXN102280,2026-06-10,Standard Chartered,Barclays,Tokenised Real Estate Fund,Permissioned Ledger,US,42190.47,Settled,6.0,19.7,1.7,7.17,N/A,10.649973346891114,-0.24852627307801345,False
TXN102281,2026-06-18,JPMorgan,Standard Chartered,Regulated Stablecoin,Permissioned Ledger,EU,143254.8,Settled,8.2,38.9,2.38,34.09,N/A,11.872387122413539,0.6919870253793919,False
TXN102282,2026-03-30,Deutsche Bank,UBS,Tokenised Bond,Public Blockchain,UK,49194.17,Settled,83.2,32.1,3.67,18.05,N/A,10.80355072692963,-0.1303653269558696,False
TXN102283,2026-06-25,HSBC,UBS,Tokenised Deposit,Hybrid Network,APAC,105453.14,Settled,35.5,61.6,3.12,32.9,N/A,11.5660314454492,0.4562799399289335,False
TXN102284,2026-01-13,Barclays,BNY Mellon,Tokenised Equity,Hybrid Network,UK,668665.18,Settled,28.1,23.9,2.04,136.41,N/A,13.413040231019092,1.8773505790042695,False
TXN102285,2026-03-14,Barclays,BNY Mellon,Regulated Stablecoin,Hybrid Network,EU,359051.67,Settled,16.1,16.6,3.3,118.49,N/A,12.791224369801025,1.3989314885310793,False
TXN102286,2026-03-18,Standard Chartered,Deutsche Bank,Tokenised Real Estate Fund,Permissioned Ledger,UK,62726.54,Settled,5.8,41.4,3.16,19.82,N/A,11.04655586463556,0.05660046824569656,False
TXN102287,2026-06-08,Deutsche Bank,BNY Mellon,Tokenised Deposit,Permissioned Ledger,UK,27173.23,Settled,8.2,49.2,4.15,11.28,N/A,10.210024376721364,-0.5870187421361714,False
TXN102288,2026-03-09,HSBC,Citi,Tokenised Equity,Public Blockchain,MEA,43216.43,Settled,57.3,32.1,4.38,18.93,N/A,10.673999165081394,-0.23004104167212475,False
TXN102289,2026-04-08,HSBC,Citi,Regulated Stablecoin,Permissioned Ledger,MEA,110459.53,Settled,4.8,31.9,2.96,32.7,N/A,11.612413541560633,0.4919658746563043,False
TXN102290,2026-05-05,HSBC,Barclays,Regulated Stablecoin,Permissioned Ledger,EU,5594.59,Settled,11.6,40.0,1.32,0.74,N/A,8.629734066482229,-1.8028787741192784,False
TXN102291,2026-04-12,Standard Chartered,Citi,Tokenised Deposit,Public Blockchain,APAC,162921.24,Settled,75.1,11.3,1.62,26.39,N/A,12.001028310747134,0.7909623075463516,False
TXN102292,2026-05-12,Citi,BNY Mellon,Tokenised Real Estate Fund,Hybrid Network,APAC,27921.25,Settled,13.0,65.1,3.17,8.85,N/A,10.237179141021869,-0.5661261299515725,False
TXN102293,2026-04-12,Standard Chartered,UBS,Regulated Stablecoin,Permissioned Ledger,UK,30148.68,Settled,12.6,33.8,0.74,2.23,N/A,10.313929588500333,-0.5070750803303409,False
TXN102294,2026-01-19,UBS,HSBC,Regulated Stablecoin,Hybrid Network,APAC,67370.86,Settled,6.5,41.3,0.96,6.47,N/A,11.117982702301513,0.11155558412933214,False
TXN102295,2026-07-17,Standard Chartered,HSBC,Regulated Stablecoin,Permissioned Ledger,UK,15173.42,Settled,5.5,18.4,1.3,1.97,N/A,9.627366394439441,-1.0353101404839273,False
TXN102296,2026-03-23,BNY Mellon,UBS,Tokenised Real Estate Fund,Public Blockchain,US,20548.5,Settled,54.3,29.3,3.94,8.1,N/A,9.930591888728136,-0.8020113872136148,False
TXN102297,2026-05-21,HSBC,JPMorgan,Tokenised Equity,Permissioned Ledger,APAC,70545.88,Settled,9.1,41.6,2.07,14.6,N/A,11.16403273234841,0.14698603044850955,False
TXN102298,2026-01-23,Standard Chartered,BNY Mellon,Tokenised Equity,Permissioned Ledger,MEA,55495.15,Settled,2.5,49.5,2.68,14.87,N/A,10.92406892795899,-0.03763979240777187,False
TXN102299,2026-03-24,BNY Mellon,Standard Chartered,Tokenised Deposit,Permissioned Ledger,MEA,1660.36,Settled,6.0,44.8,2.24,0.37,N/A,7.4153918230347236,-2.737181914112016,False
TXN102300,2026-04-19,Citi,Deutsche Bank,Tokenised Real Estate Fund,Public Blockchain,US,63743.68,Settled,69.6,12.0,3.13,19.95,N/A,11.062641008558053,0.06897622191408218,False
TXN102301,2026-03-16,UBS,JPMorgan,Tokenised Deposit,Permissioned Ledger,MEA,32102.06,Settled,2.6,41.4,4.44,14.25,N/A,10.376706631677571,-0.45877503240197537,False
TXN102302,2026-05-09,UBS,BNY Mellon,Tokenised Deposit,Permissioned Ledger,US,82553.48,Settled,8.0,13.7,3.01,24.85,N/A,11.321213718015013,0.2679195557770377,False
TXN102303,2026-03-29,BNY Mellon,Citi,Tokenised Deposit,Permissioned Ledger,MEA,207077.4,Settled,9.3,34.5,2.07,42.87,N/A,12.240852744503469,0.9754808999897757,False
TXN102304,2026-02-23,Citi,Deutsche Bank,Tokenised Bond,Permissioned Ledger,APAC,49310.51,Pending,,30.7,0.55,2.71,Pending,10.805912801341076,-0.12854796982165279,False
TXN102305,2026-07-18,HSBC,Citi,Tokenised Bond,Hybrid Network,EU,613092.02,Settled,27.6,16.3,2.61,160.02,N/A,13.326271948920029,1.8105919046236603,False
TXN102306,2026-03-30,HSBC,BNY Mellon,Tokenised Bond,Permissioned Ledger,UK,901492.26,Settled,12.0,57.9,2.18,196.53,N/A,13.711807845169385,2.1072194825485315,False
TXN102307,2026-05-23,Citi,Deutsche Bank,Regulated Stablecoin,Permissioned Ledger,US,93650.29,Settled,4.2,34.6,0.57,5.34,N/A,11.44733348247037,0.36495487887611283,False
TXN102308,2026-03-06,JPMorgan,Standard Chartered,Regulated Stablecoin,Public Blockchain,MEA,9897.37,Settled,98.8,48.0,1.14,1.13,N/A,9.200125376102317,-1.3640252347005486,False
TXN102309,2026-03-17,Citi,BNY Mellon,Tokenised Deposit,Permissioned Ledger,APAC,53282.15,Settled,6.4,49.1,3.37,17.96,N/A,10.883375425088278,-0.06894897868912081,False
TXN102310,2026-07-18,Deutsche Bank,BNY Mellon,Tokenised Bond,Public Blockchain,MEA,18955.41,Settled,63.0,29.1,0.75,1.42,N/A,9.849897411889236,-0.8640969347579507,False
TXN102311,2026-05-23,Standard Chartered,Citi,Tokenised Deposit,Permissioned Ledger,UK,269274.48,Settled,13.2,26.3,4.0,107.71,N/A,12.503490223781675,1.1775516283149023,False
TXN102312,2026-05-29,BNY Mellon,Standard Chartered,Tokenised Deposit,Permissioned Ledger,US,78191.59,Settled,6.4,51.5,1.39,10.87,N/A,11.266930165010423,0.2261543167796984,False
TXN102313,2026-05-27,Standard Chartered,Deutsche Bank,Tokenised Deposit,Public Blockchain,MEA,69123.53,Settled,54.5,38.3,1.61,11.13,N/A,11.143664939524848,0.13131524826790275,False
TXN102314,2026-03-01,Barclays,BNY Mellon,Tokenised Deposit,Hybrid Network,APAC,66755.82,Settled,21.5,48.8,4.08,27.24,N/A,11.108811743327909,0.10449953727596994,False
TXN102315,2026-04-03,JPMorgan,Barclays,Tokenised Deposit,Public Blockchain,EU,19465.52,Settled,76.4,38.5,1.03,2.0,N/A,9.876451345873251,-0.8436665955893226,False
TXN102316,2026-06-10,Standard Chartered,JPMorgan,Tokenised Real Estate Fund,Permissioned Ledger,MEA,10558.91,Settled,7.6,55.6,2.37,2.5,N/A,9.264820034496662,-1.3142497922297403,False
TXN102317,2026-02-18,Barclays,Citi,Tokenised Deposit,Permissioned Ledger,MEA,174506.45,Settled,8.3,21.9,2.77,48.34,N/A,12.069722713123024,0.8438151142291761,False
TXN102318,2026-02-04,Barclays,JPMorgan,Tokenised Real Estate Fund,Public Blockchain,US,79887.08,Settled,58.2,20.5,2.55,20.37,N/A,11.288381934141851,0.2426590998143328,False
TXN102319,2026-06-21,BNY Mellon,Standard Chartered,Tokenised Deposit,Public Blockchain,UK,40293.43,Settled,49.4,40.6,4.01,16.16,N/A,10.60396852498292,-0.2839219366939034,False
TXN102320,2026-04-12,HSBC,Deutsche Bank,Tokenised Real Estate Fund,Permissioned Ledger,MEA,108709.75,Settled,6.9,58.0,3.11,33.81,N/A,11.596445964263568,0.47968057560883726,False
TXN102321,2026-01-11,BNY Mellon,JPMorgan,Tokenised Deposit,Permissioned Ledger,US,30939.3,Settled,8.4,44.7,1.47,4.55,N/A,10.339814820266216,-0.48715923416028195,False
TXN102322,2026-04-09,Barclays,Citi,Tokenised Bond,Permissioned Ledger,UK,87995.41,Settled,8.5,31.6,1.1,9.68,N/A,11.385051297173641,0.31703556979966896,False
TXN102323,2026-07-19,BNY Mellon,JPMorgan,Tokenised Equity,Permissioned Ledger,UK,473584.64,Settled,7.5,37.3,1.22,57.78,N/A,13.068088041146298,1.6119477110034457,False
TXN102324,2026-04-20,Barclays,HSBC,Tokenised Real Estate Fund,Permissioned Ledger,UK,23565.34,Settled,10.0,25.4,3.49,8.22,N/A,10.067574701734346,-0.6966181399578857,False
TXN102325,2026-03-15,Deutsche Bank,Barclays,Tokenised Equity,Permissioned Ledger,MEA,58156.91,Settled,10.8,21.7,1.98,11.52,N/A,10.970917176210955,-0.0015952047463011843,False
TXN102326,2026-07-13,UBS,Citi,Tokenised Deposit,Permissioned Ledger,UK,51032.95,Settled,6.0,47.4,1.62,8.27,N/A,10.840246376510146,-0.10213205020695698,False
TXN102327,2026-06-23,Standard Chartered,JPMorgan,Regulated Stablecoin,Public Blockchain,MEA,550397.58,Failed,,26.9,1.46,80.36,Failed,13.218397985656082,1.727594723931969,False
TXN102328,2026-01-09,BNY Mellon,Citi,Regulated Stablecoin,Hybrid Network,US,363154.34,Settled,39.3,27.9,1.01,36.68,N/A,12.802585955593695,1.4076729824045466,False
TXN102329,2026-01-03,Barclays,UBS,Tokenised Deposit,Permissioned Ledger,UK,94868.43,Settled,7.0,20.4,2.86,27.13,N/A,11.460256804147097,0.3748979571860819,False
TXN102330,2026-03-26,Standard Chartered,UBS,Regulated Stablecoin,Permissioned Ledger,APAC,4915.4,Settled,7.8,43.3,4.05,1.99,N/A,8.500331834340825,-1.902439596007963,False
TXN102331,2026-01-26,Citi,BNY Mellon,Tokenised Equity,Permissioned Ledger,APAC,69265.13,Settled,13.7,30.8,3.47,24.04,N/A,11.145711321114684,0.1328897144081718,False
TXN102332,2026-03-13,Barclays,Deutsche Bank,Tokenised Equity,Permissioned Ledger,MEA,122979.63,Settled,9.4,35.1,2.5,30.74,N/A,11.719782142278532,0.5745742343083307,False
TXN102333,2026-02-17,BNY Mellon,JPMorgan,Tokenised Real Estate Fund,Permissioned Ledger,APAC,144214.79,Failed,,56.6,0.65,9.37,Failed,11.879065998531704,0.697125687863132,False
TXN102334,2026-07-13,Deutsche Bank,Standard Chartered,Tokenised Bond,Public Blockchain,EU,124013.61,Settled,60.5,47.5,2.8,34.72,N/A,11.728154660227284,0.5810159683840197,False
TXN102335,2026-07-17,UBS,Citi,Regulated Stablecoin,Permissioned Ledger,UK,21363.95,Settled,4.1,29.0,3.86,8.25,N/A,9.969507007799235,-0.7720704721729771,False
TXN102336,2026-06-05,Citi,Standard Chartered,Tokenised Bond,Hybrid Network,US,69713.78,Failed,,21.1,2.04,14.22,Failed,11.15216762591877,0.13785713268235003,False
TXN102337,2026-04-27,UBS,Standard Chartered,Regulated Stablecoin,Public Blockchain,US,66439.94,Settled,92.9,29.9,1.07,7.11,N/A,11.104068711730699,0.10085029478418527,False
TXN102338,2026-06-03,UBS,HSBC,Tokenised Deposit,Permissioned Ledger,EU,155724.5,Settled,5.7,26.0,1.26,19.62,N/A,11.95585012090544,0.7562026466220566,False
TXN102339,2026-06-02,Deutsche Bank,JPMorgan,Regulated Stablecoin,Permissioned Ledger,EU,11932.39,Settled,13.6,17.2,2.34,2.79,N/A,9.387095632312759,-1.2201721336450109,False
TXN102340,2026-01-12,JPMorgan,Deutsche Bank,Tokenised Bond,Permissioned Ledger,APAC,53665.92,Settled,10.4,31.2,3.07,16.48,N/A,10.890552075784242,-0.06342733327486397,False
TXN102341,2026-05-13,HSBC,Citi,Tokenised Real Estate Fund,Permissioned Ledger,EU,79011.99,Settled,6.9,45.7,2.16,17.07,N/A,11.277367548311712,0.23418473822334113,False
TXN102342,2026-02-17,JPMorgan,UBS,Tokenised Bond,Hybrid Network,UK,55917.31,Pending,,32.5,1.15,6.43,Pending,10.931647154705654,-0.03180917827638446,False
TXN102343,2026-02-06,Barclays,UBS,Tokenised Deposit,Hybrid Network,UK,22136.9,Settled,19.4,17.4,4.01,8.88,N/A,10.005046350815483,-0.7447268464755852,False
TXN102344,2026-02-13,BNY Mellon,Deutsche Bank,Tokenised Equity,Hybrid Network,EU,99575.4,Settled,18.5,33.5,0.75,7.47,N/A,11.508680467704961,0.4121546540984959,False
TXN102345,2026-01-15,BNY Mellon,JPMorgan,Tokenised Bond,Public Blockchain,MEA,23794.38,Settled,63.6,36.5,1.26,3.0,N/A,10.077246723169239,-0.6891765805083495,False
TXN102346,2026-02-12,HSBC,BNY Mellon,Tokenised Bond,Hybrid Network,EU,71518.89,Settled,24.5,41.1,0.56,4.01,N/A,11.177730871814893,0.15752524604827253,False
TXN102347,2026-06-25,BNY Mellon,Barclays,Tokenised Real Estate Fund,Public Blockchain,UK,99965.1,Settled,52.3,31.0,2.25,22.49,N/A,11.51258640749674,0.41515984627703734,False
TXN102348,2026-03-28,Citi,UBS,Tokenised Bond,Permissioned Ledger,EU,5567.19,Settled,4.3,20.0,1.34,0.75,N/A,8.624825324995278,-1.8066555121924348,False
TXN102349,2026-03-11,HSBC,Barclays,Tokenised Deposit,Public Blockchain,US,15438.84,Settled,39.8,33.3,1.99,3.07,N/A,9.644706460830774,-1.0219688616438614,False
TXN102350,2026-02-15,HSBC,Deutsche Bank,Regulated Stablecoin,Public Blockchain,EU,43581.49,Settled,90.2,53.0,4.34,18.91,N/A,10.68241074316745,-0.22356925510577358,False
TXN102351,2026-04-18,Barclays,Standard Chartered,Tokenised Deposit,Hybrid Network,US,180993.79,Settled,13.8,41.1,0.97,17.56,N/A,12.106223525303294,0.8718984849727432,False
TXN102352,2026-05-03,BNY Mellon,UBS,Tokenised Bond,Permissioned Ledger,US,13897.12,Settled,7.1,13.1,2.46,3.42,N/A,9.539508858172873,-1.1029068764525622,False
TXN102353,2026-06-20,Citi,Barclays,Tokenised Deposit,Permissioned Ledger,US,94914.9,Settled,4.2,35.3,4.22,40.05,N/A,11.460746515347942,0.37527473623260577,False
TXN102354,2026-01-21,Citi,BNY Mellon,Tokenised Deposit,Public Blockchain,EU,297434.96,Settled,43.7,32.3,2.13,63.35,N/A,12.602954220291751,1.2540782621835924,False
TXN102355,2026-05-31,UBS,JPMorgan,Tokenised Bond,Hybrid Network,EU,193320.61,Settled,9.7,17.7,1.42,27.45,N/A,12.172110454084905,0.9225912487115497,False
TXN102356,2026-04-17,JPMorgan,Standard Chartered,Tokenised Deposit,Permissioned Ledger,APAC,38433.75,Settled,7.5,41.6,0.76,2.92,N/A,10.55671727727398,-0.32027658822748045,False
TXN102357,2026-03-21,HSBC,UBS,Tokenised Bond,Permissioned Ledger,MEA,216386.2,Settled,5.9,49.0,2.22,48.04,N/A,12.284824674482314,1.0093124762792913,False
TXN102358,2026-02-16,Standard Chartered,Barclays,Tokenised Bond,Hybrid Network,UK,180661.17,Settled,16.3,37.8,1.9,34.33,N/A,12.104384102145037,0.8704832506417229,False
TXN102359,2026-04-27,Citi,JPMorgan,Tokenised Equity,Hybrid Network,APAC,30372.91,Settled,22.9,24.4,1.94,5.89,N/A,10.321339295225313,-0.5013741238685777,False
TXN102360,2026-05-04,UBS,Citi,Tokenised Deposit,Hybrid Network,MEA,29497.33,Settled,29.9,29.0,4.19,12.36,N/A,10.292088930556003,-0.5238790706444407,False
TXN102361,2026-05-23,Citi,HSBC,Regulated Stablecoin,Public Blockchain,MEA,174502.56,Settled,65.5,38.9,0.61,10.64,N/A,12.06970042156265,0.8437979633189078,False
TXN102362,2026-01-25,Citi,HSBC,Tokenised Real Estate Fund,Permissioned Ledger,MEA,20007.92,Failed,,28.3,1.65,3.3,Failed,9.90393345310769,-0.8225221289273889,False
TXN102363,2026-02-05,UBS,Standard Chartered,Tokenised Bond,Public Blockchain,APAC,62045.99,Settled,69.1,57.9,3.1,19.23,N/A,11.035647280189421,0.04820750921302042,False
TXN102364,2026-02-20,Deutsche Bank,BNY Mellon,Tokenised Equity,Permissioned Ledger,EU,1044390.95,Pending,,15.2,4.49,468.93,Pending,13.858945408002606,2.220425695795036,False
TXN102365,2026-01-15,Barclays,Deutsche Bank,Regulated Stablecoin,Permissioned Ledger,UK,133500.03,Settled,7.9,48.0,3.79,50.6,N/A,11.801864472148484,0.6377275825091591,False
TXN102366,2026-03-09,Citi,UBS,Tokenised Equity,Hybrid Network,EU,40970.02,Settled,34.9,39.0,3.45,14.13,N/A,10.62062026649657,-0.2711102483362768,False
TXN102367,2026-01-21,UBS,Citi,Tokenised Deposit,Public Blockchain,EU,123596.16,Settled,58.4,39.1,1.82,22.49,N/A,11.724782846395465,0.578421727536731,False
TXN102368,2026-05-21,UBS,Barclays,Tokenised Bond,Permissioned Ledger,US,33868.22,Settled,11.8,61.2,3.55,12.02,N/A,10.430261916317233,-0.41757011601861116,False
TXN102369,2026-01-19,Citi,UBS,Tokenised Deposit,Hybrid Network,UK,27659.74,Failed,,24.8,2.24,6.2,Failed,10.227769358295445,-0.5733659254831749,False
TXN102370,2026-02-03,JPMorgan,UBS,Regulated Stablecoin,Permissioned Ledger,UK,233268.88,Settled,13.7,60.1,2.51,58.55,N/A,12.359951345517125,1.067114208059414,False
TXN102371,2026-03-19,BNY Mellon,Deutsche Bank,Tokenised Deposit,Hybrid Network,US,261747.96,Settled,33.3,34.2,2.51,65.7,N/A,12.475141155467965,1.1557401302102386,False
TXN102372,2026-05-05,BNY Mellon,Barclays,Tokenised Deposit,Permissioned Ledger,APAC,9936.66,Settled,3.2,60.7,1.54,1.53,N/A,9.204086859461905,-1.3609773078398444,False
TXN102373,2026-07-15,Citi,BNY Mellon,Tokenised Deposit,Permissioned Ledger,EU,30099.62,Settled,8.8,32.8,3.98,11.98,N/A,10.312301048531475,-0.5083280631815241,False
TXN102374,2026-04-27,Deutsche Bank,UBS,Tokenised Deposit,Hybrid Network,MEA,49351.19,Settled,15.6,46.8,3.62,17.87,N/A,10.806737420776699,-0.12791351562872785,False
TXN102375,2026-02-21,Barclays,HSBC,Tokenised Real Estate Fund,Public Blockchain,UK,6046.04,Settled,59.4,26.4,2.44,1.48,N/A,8.707324175101673,-1.7431816973629606,False
TXN102376,2026-01-27,UBS,HSBC,Tokenised Deposit,Hybrid Network,EU,251230.5,Settled,24.7,39.5,0.75,18.84,N/A,12.43413010380367,1.124186624968113,False
TXN102377,2026-06-06,JPMorgan,Barclays,Tokenised Deposit,Hybrid Network,MEA,91775.0,Settled,22.9,45.2,1.29,11.84,N/A,11.427106104519238,0.3493921305359828,False
TXN102378,2026-06-05,HSBC,Standard Chartered,Regulated Stablecoin,Public Blockchain,UK,11695.95,Settled,59.1,4.5,4.06,4.75,N/A,9.367083403041246,-1.2355693486785153,False
TXN102379,2026-02-04,Barclays,Citi,Tokenised Deposit,Hybrid Network,US,48443.66,Settled,25.5,28.6,1.44,6.98,N/A,10.788177394526338,-0.14219341974770983,False
TXN102380,2026-05-16,JPMorgan,Deutsche Bank,Tokenised Deposit,Permissioned Ledger,US,63132.41,Settled,8.0,47.2,2.8,17.68,N/A,11.053005385426408,0.06156266696591161,False
TXN102381,2026-05-24,UBS,Standard Chartered,Tokenised Bond,Public Blockchain,US,60924.85,Settled,72.4,68.9,0.59,3.59,N/A,11.017412829975896,0.03417810013788937,False
TXN102382,2026-04-16,Standard Chartered,Deutsche Bank,Tokenised Real Estate Fund,Public Blockchain,MEA,245344.7,Settled,83.6,32.2,1.77,43.43,N/A,12.41042351538118,1.1059470058482455,False
TXN102383,2026-06-13,JPMorgan,Deutsche Bank,Tokenised Bond,Permissioned Ledger,APAC,927150.4,Settled,8.9,42.1,4.48,415.36,N/A,13.739872153758164,2.1288118892837042,False
TXN102384,2026-06-07,Standard Chartered,Citi,Tokenised Deposit,Hybrid Network,EU,7976.12,Settled,34.3,33.4,2.78,2.22,N/A,8.984332723047324,-1.530054008239925,False
TXN102385,2026-05-26,JPMorgan,Citi,Tokenised Deposit,Public Blockchain,EU,74483.19,Settled,47.7,16.2,2.04,15.19,N/A,11.218342167081811,0.18877118259687992,False
TXN102386,2026-01-02,HSBC,Barclays,Tokenised Equity,Public Blockchain,APAC,76315.55,Settled,38.3,30.5,3.09,23.58,N/A,11.242645100697903,0.20746962392268478,False
TXN102387,2026-06-26,Deutsche Bank,Citi,Tokenised Deposit,Permissioned Ledger,EU,23274.57,Settled,7.8,38.8,3.09,7.19,N/A,10.055159591641315,-0.7061702052062651,False
TXN102388,2026-03-18,Citi,Barclays,Regulated Stablecoin,Public Blockchain,MEA,876837.57,Settled,55.9,39.9,0.75,65.76,N/A,13.684078183715677,2.0858845500721785,False
TXN102389,2026-05-12,JPMorgan,Barclays,Tokenised Bond,Permissioned Ledger,EU,319510.62,Failed,,42.2,1.57,50.16,Failed,12.674548921465453,1.3091625306213994,False
TXN102390,2026-03-31,Barclays,JPMorgan,Tokenised Deposit,Hybrid Network,MEA,32343.82,Settled,40.5,44.5,4.4,14.23,N/A,10.384209163460282,-0.4530026572414261,False
TXN102391,2026-03-30,BNY Mellon,Deutsche Bank,Tokenised Real Estate Fund,Permissioned Ledger,EU,101287.61,Settled,10.4,27.6,3.47,35.15,N/A,11.525729245613041,0.42527181840576445,False
TXN102392,2026-04-04,JPMorgan,BNY Mellon,Tokenised Deposit,Hybrid Network,APAC,25259.74,Failed,,31.4,1.27,3.21,Failed,10.137006690803965,-0.6431978412293167,False
TXN102393,2026-01-07,UBS,HSBC,Regulated Stablecoin,Permissioned Ledger,EU,21247.94,Settled,10.1,27.4,2.33,4.95,N/A,9.964062290755455,-0.7762595846392727,False
TXN102394,2026-04-05,Standard Chartered,UBS,Tokenised Deposit,Permissioned Ledger,UK,78958.87,Settled,6.3,47.1,3.54,27.95,N/A,11.276695027702766,0.23366730739192726,False
TXN102395,2026-04-18,Deutsche Bank,Citi,Tokenised Deposit,Public Blockchain,US,323173.16,Settled,89.1,44.2,1.83,59.14,N/A,12.685946651937817,1.3179318338607304,False
TXN102396,2026-03-15,Standard Chartered,UBS,Regulated Stablecoin,Hybrid Network,US,619642.41,Settled,23.4,34.0,3.78,234.22,N/A,13.33689944640056,1.818768598072235,False
TXN102397,2026-02-08,Citi,Barclays,Regulated Stablecoin,Permissioned Ledger,APAC,99387.41,Settled,3.2,21.8,2.23,22.16,N/A,11.506790786248818,0.4107007515207115,False
TXN102398,2026-05-21,Standard Chartered,Citi,Regulated Stablecoin,Public Blockchain,US,63183.69,Settled,57.0,17.5,3.77,23.82,N/A,11.053817303953002,0.06218734920266018,False
TXN102399,2026-06-08,JPMorgan,BNY Mellon,Tokenised Bond,Hybrid Network,US,3174.16,Settled,48.9,32.6,1.66,0.53,N/A,8.06311330375786,-2.2388312913400497,False
TXN102400,2026-03-12,Barclays,Citi,Tokenised Equity,Public Blockchain,APAC,11810.07,Settled,78.3,22.2,3.29,3.89,N/A,9.376792506272805,-1.228099258854409,False
TXN102401,2026-07-10,JPMorgan,Standard Chartered,Tokenised Bond,Public Blockchain,US,11792.92,Settled,44.8,49.6,2.26,2.67,N/A,9.375339423427388,-1.2292172466971847,False
TXN102402,2026-02-25,Barclays,Citi,Tokenised Deposit,Permissioned Ledger,US,75394.26,Settled,8.0,17.8,2.53,19.07,N/A,11.230499687298492,0.19812506069365296,False
TXN102403,2026-06-19,JPMorgan,HSBC,Tokenised Deposit,Hybrid Network,US,55714.09,Pending,,27.7,2.34,13.04,Pending,10.928006304843755,-0.03461041283490318,False
TXN102404,2026-07-08,JPMorgan,HSBC,Tokenised Deposit,Hybrid Network,UK,50299.17,Settled,1.0,40.4,3.57,17.96,N/A,10.82576373580379,-0.11327485344908143,False
TXN102405,2026-02-11,BNY Mellon,Deutsche Bank,Regulated Stablecoin,Public Blockchain,APAC,7157.22,Settled,35.7,46.4,1.93,1.38,N/A,8.8760166256958,-1.613391362608806,False
TXN102406,2026-07-03,JPMorgan,HSBC,Tokenised Real Estate Fund,Permissioned Ledger,US,29057.75,Settled,6.1,41.9,2.49,7.24,N/A,10.27707492174627,-0.5354307033497224,False
TXN102407,2026-02-05,Deutsche Bank,UBS,Tokenised Equity,Permissioned Ledger,EU,15174.35,Settled,6.8,26.5,0.97,1.47,N/A,9.627427679912135,-1.0352629880358575,False
TXN102408,2026-03-25,Standard Chartered,Deutsche Bank,Tokenised Bond,Public Blockchain,MEA,3193.49,Settled,63.4,44.6,2.53,0.81,N/A,8.069182729657157,-2.2341615339415353,False
TXN102409,2026-07-15,Barclays,UBS,Tokenised Real Estate Fund,Hybrid Network,UK,455578.53,Settled,36.7,36.7,3.43,156.26,N/A,13.029325579782842,1.582124249321912,False
TXN102410,2026-04-28,HSBC,BNY Mellon,Tokenised Deposit,Permissioned Ledger,MEA,23337.25,Settled,5.6,28.3,2.79,6.51,N/A,10.057848924451964,-0.7041010586349155,False
TXN102411,2026-01-07,UBS,JPMorgan,Tokenised Equity,Public Blockchain,EU,78751.26,Settled,50.4,23.7,4.38,34.49,N/A,11.274062254688786,0.23164167737936472,False
TXN102412,2026-02-23,Standard Chartered,Deutsche Bank,Tokenised Equity,Permissioned Ledger,MEA,3346.33,Settled,7.5,47.3,3.61,1.21,N/A,8.115918292108478,-2.1982036456417497,False
TXN102413,2026-05-09,BNY Mellon,Citi,Tokenised Equity,Permissioned Ledger,MEA,12773.19,Settled,5.7,50.8,2.24,2.86,N/A,9.455182007973654,-1.1677871368173438,False
TXN102414,2026-06-21,HSBC,Deutsche Bank,Regulated Stablecoin,Hybrid Network,EU,96486.74,Settled,27.8,41.3,0.81,7.82,N/A,11.477171232623846,0.38791175434440534,False
TXN102415,2026-04-30,Citi,Barclays,Tokenised Real Estate Fund,Permissioned Ledger,UK,86042.79,Settled,12.6,23.2,1.95,16.78,N/A,11.36261163169093,0.29977070889738916,False
TXN102416,2026-06-22,HSBC,Barclays,Regulated Stablecoin,Public Blockchain,EU,26723.45,Settled,45.0,39.1,4.12,11.01,N/A,10.193334155700184,-0.5998600362535459,False
TXN102417,2026-04-16,Barclays,Deutsche Bank,Tokenised Real Estate Fund,Permissioned Ledger,UK,8634.38,Settled,6.8,33.1,2.05,1.77,N/A,9.063622996560968,-1.4690488411098044,False
TXN102418,2026-02-16,Standard Chartered,BNY Mellon,Regulated Stablecoin,Public Blockchain,APAC,24953.76,Settled,80.5,30.1,3.36,8.38,N/A,10.124819864546303,-0.6525742671096794,False
TXN102419,2026-05-03,JPMorgan,HSBC,Tokenised Bond,Public Blockchain,APAC,67776.45,Settled,61.0,30.7,1.18,8.0,N/A,11.123984822736007,0.11617355735625594,False
TXN102420,2026-05-21,UBS,Citi,Tokenised Deposit,Hybrid Network,MEA,34745.8,Pending,,29.6,2.17,7.54,Pending,10.455842760421797,-0.3978884627618604,False
TXN102421,2026-04-29,Citi,JPMorgan,Tokenised Deposit,Permissioned Ledger,MEA,46117.97,Pending,,37.4,2.35,10.84,Pending,10.738979641089378,-0.1800456939025186,False
TXN102422,2026-05-30,Standard Chartered,Citi,Tokenised Real Estate Fund,Permissioned Ledger,US,64373.78,Settled,10.0,9.1,2.3,14.81,N/A,11.072477220484469,0.07654410793474312,False
TXN102423,2026-04-28,HSBC,JPMorgan,Tokenised Bond,Hybrid Network,EU,445803.49,Settled,1.0,35.7,3.54,157.81,N/A,13.007635771664253,1.565436321400121,False
TXN102424,2026-01-21,HSBC,JPMorgan,Regulated Stablecoin,Permissioned Ledger,EU,6206.68,Settled,4.7,57.6,2.23,1.38,N/A,8.73354251414274,-1.7230095616873378,False
TXN102425,2026-05-17,BNY Mellon,JPMorgan,Tokenised Deposit,Public Blockchain,US,21234.92,Settled,75.1,40.9,1.46,3.1,N/A,9.963449366508671,-0.7767311626078711,False
TXN102426,2026-01-26,JPMorgan,Deutsche Bank,Tokenised Deposit,Public Blockchain,MEA,25056.34,Settled,78.2,59.8,4.16,10.42,N/A,10.128922077564857,-0.6494180642147915,False
TXN102427,2026-01-09,Barclays,Standard Chartered,Tokenised Bond,Public Blockchain,MEA,76268.14,Settled,56.7,29.7,1.09,8.31,N/A,11.242023679363758,0.20699150837751365,False
TXN102428,2026-01-15,Deutsche Bank,Citi,Tokenised Deposit,Hybrid Network,MEA,35609.0,Settled,46.2,36.3,4.13,14.71,N/A,10.480381776271823,-0.3790083820558465,False
TXN102429,2026-01-10,JPMorgan,HSBC,Tokenised Deposit,Public Blockchain,UK,13211.66,Settled,63.1,42.9,3.89,5.14,N/A,9.488930739849732,-1.1418211899578536,False
TXN102430,2026-05-02,JPMorgan,HSBC,Tokenised Deposit,Public Blockchain,APAC,28457.51,Settled,53.8,41.2,0.92,2.62,N/A,10.256202516092008,-0.5514897297462799,False
TXN102431,2026-05-01,JPMorgan,Deutsche Bank,Tokenised Bond,Permissioned Ledger,US,34349.79,Settled,11.4,41.4,4.05,13.91,N/A,10.44438029593043,-0.40670757172733324,False
TXN102432,2026-05-05,Deutsche Bank,HSBC,Tokenised Deposit,Hybrid Network,EU,575170.13,Settled,29.7,16.7,3.6,207.06,N/A,13.262422892891522,1.7614670604086977,False
TXN102433,2026-06-19,Citi,JPMorgan,Regulated Stablecoin,Permissioned Ledger,US,294973.26,Settled,6.5,24.5,1.71,50.44,N/A,12.594643377277796,1.247683980204337,False
TXN102434,2026-03-13,UBS,Barclays,Tokenised Deposit,Public Blockchain,US,49359.13,Settled,62.6,60.2,3.2,15.79,N/A,10.806898292287308,-0.12778974264931606,False
TXN102435,2026-06-01,BNY Mellon,Deutsche Bank,Regulated Stablecoin,Public Blockchain,MEA,12786.16,Settled,110.1,31.8,4.24,5.42,N/A,9.456196821441104,-1.1670063491816827,False
TXN102436,2026-02-18,JPMorgan,Deutsche Bank,Tokenised Deposit,Permissioned Ledger,MEA,119715.17,Failed,,38.4,3.33,39.87,Failed,11.69287897014184,0.5538751946935039,False
TXN102437,2026-06-03,Citi,UBS,Tokenised Equity,Permissioned Ledger,EU,36932.26,Settled,9.3,37.6,4.42,16.32,N/A,10.516867779065674,-0.35093640551050287,False
TXN102438,2026-04-01,Deutsche Bank,HSBC,Tokenised Deposit,Permissioned Ledger,EU,90979.16,Settled,5.7,44.3,1.91,17.38,N/A,11.418396739750719,0.34269122978541017,False
TXN102439,2026-02-06,BNY Mellon,Citi,Tokenised Real Estate Fund,Public Blockchain,MEA,27792.73,Settled,82.5,28.3,2.14,5.95,N/A,10.23256573467251,-0.5696756400353452,False
TXN102440,2026-03-09,HSBC,BNY Mellon,Regulated Stablecoin,Public Blockchain,APAC,27672.93,Settled,52.0,17.2,2.96,8.19,N/A,10.228246093776105,-0.5729991298298652,False
TXN102441,2026-02-19,Citi,Standard Chartered,Tokenised Deposit,Permissioned Ledger,APAC,147384.16,Settled,10.3,29.5,1.25,18.42,N/A,11.900804575242908,0.7138511378669052,False
TXN102442,2026-06-01,Citi,UBS,Tokenised Bond,Public Blockchain,MEA,387881.55,Settled,23.4,49.8,1.49,57.79,N/A,12.868457866595078,1.458354191608955,False
TXN102443,2026-01-19,HSBC,Barclays,Tokenised Equity,Permissioned Ledger,APAC,16117.22,Settled,5.6,27.2,3.9,6.29,N/A,9.687705588127452,-0.988885750299419,False
TXN102444,2026-04-10,Citi,JPMorgan,Tokenised Deposit,Permissioned Ledger,EU,936183.88,Settled,9.5,20.2,2.4,224.68,N/A,13.749568257322473,2.1362719772899568,False
TXN102445,2026-03-01,UBS,Citi,Tokenised Deposit,Permissioned Ledger,US,16924.75,Settled,8.5,35.2,2.86,4.84,N/A,9.73659140994491,-0.9512734733061484,False
TXN102446,2026-06-16,Standard Chartered,HSBC,Tokenised Equity,Permissioned Ledger,EU,12832.14,Settled,9.4,47.4,3.87,4.97,N/A,9.459786166559224,-1.1642447418733037,False
TXN102447,2026-03-30,Citi,JPMorgan,Tokenised Deposit,Public Blockchain,MEA,2892.84,Pending,,46.2,3.34,0.97,Pending,7.9703396188627815,-2.3102104643646886,False
TXN102448,2026-05-26,Citi,UBS,Tokenised Equity,Public Blockchain,MEA,40022.84,Settled,40.5,57.0,0.81,3.24,N/A,10.597230555558612,-0.2891060649940382,False
TXN102449,2026-05-27,Deutsche Bank,UBS,Tokenised Deposit,Hybrid Network,US,14692.56,Settled,22.0,26.5,0.83,1.22,N/A,9.595164581536977,-1.0600859028940501,False
TXN102450,2026-06-13,Citi,Standard Chartered,Tokenised Equity,Hybrid Network,UK,119721.53,Settled,12.4,37.7,4.31,51.6,N/A,11.692932094386178,0.5539160679716618,False
TXN102451,2026-07-02,BNY Mellon,UBS,Tokenised Bond,Hybrid Network,APAC,1795.93,Settled,31.8,34.7,4.47,0.8,N/A,7.4938349322129305,-2.6768285470019966,False
TXN102452,2026-03-10,JPMorgan,Deutsche Bank,Tokenised Bond,Permissioned Ledger,UK,169199.18,Settled,5.9,19.6,3.1,52.45,N/A,12.03883778998348,0.8200525540255644,False
TXN102453,2026-06-24,JPMorgan,Standard Chartered,Regulated Stablecoin,Permissioned Ledger,MEA,40306.93,Settled,4.1,27.8,1.85,7.46,N/A,10.60430350277082,-0.28366420803400344,False
TXN102454,2026-02-18,BNY Mellon,Standard Chartered,Tokenised Real Estate Fund,Hybrid Network,MEA,23074.87,Settled,16.1,32.7,0.8,1.85,N/A,10.046542761802236,-0.7127999104799438,False
TXN102455,2026-04-18,HSBC,BNY Mellon,Tokenised Equity,Public Blockchain,MEA,14541.82,Settled,73.7,45.6,0.52,0.76,N/A,9.58485268001248,-1.0680197798761124,False
TXN102456,2026-06-10,UBS,HSBC,Tokenised Deposit,Public Blockchain,APAC,562089.27,Settled,1.0,44.3,3.48,195.61,N/A,13.239417738753172,1.7437671180214047,False
TXN102457,2026-04-29,JPMorgan,Citi,Tokenised Deposit,Public Blockchain,EU,48670.77,Settled,74.7,32.9,2.77,13.48,N/A,10.792854469538321,-0.13859492361265668,False
TXN102458,2026-05-29,JPMorgan,Barclays,Tokenised Deposit,Permissioned Ledger,APAC,218530.9,Settled,7.2,36.4,3.99,87.19,N/A,12.294687278284828,1.0169006679533557,False
TXN102459,2026-05-30,Barclays,Standard Chartered,Tokenised Deposit,Hybrid Network,US,32101.91,Settled,15.0,55.2,2.1,6.74,N/A,10.37670195921487,-0.45877862734944325,False
TXN102460,2026-06-25,Standard Chartered,Deutsche Bank,Tokenised Equity,Permissioned Ledger,UK,393748.78,Settled,9.5,54.9,3.66,144.11,N/A,12.883470910391665,1.4699050818424846,False
TXN102461,2026-02-06,UBS,Barclays,Tokenised Real Estate Fund,Permissioned Ledger,UK,400225.57,Settled,9.9,38.6,0.52,20.81,N/A,12.89978609073203,1.4824578232988597,False
TXN102462,2026-05-23,BNY Mellon,Deutsche Bank,Tokenised Equity,Public Blockchain,APAC,47098.7,Settled,65.4,35.2,3.32,15.64,N/A,10.760021910557473,-0.1638559759356951,False
TXN102463,2026-06-12,Deutsche Bank,Citi,Tokenised Bond,Permissioned Ledger,US,32717.62,Settled,8.3,48.6,1.48,4.84,N/A,10.39569961378813,-0.444162016244897,False
TXN102464,2026-07-18,HSBC,Deutsche Bank,Tokenised Deposit,Hybrid Network,APAC,19556.06,Settled,38.5,32.5,3.96,7.74,N/A,9.881091625543151,-0.8400964094334629,False
TXN102465,2026-06-09,Standard Chartered,JPMorgan,Tokenised Equity,Hybrid Network,APAC,36356.24,Settled,52.3,17.2,2.68,9.74,N/A,10.50114863781953,-0.3630305602708342,False
TXN102466,2026-01-11,BNY Mellon,JPMorgan,Tokenised Deposit,Permissioned Ledger,UK,541858.52,Settled,7.7,26.8,0.69,37.39,N/A,13.202762058634837,1.7155645933888917,False
TXN102467,2026-05-18,Deutsche Bank,BNY Mellon,Regulated Stablecoin,Public Blockchain,APAC,10183.39,Pending,,38.5,3.86,3.93,Pending,9.228611434869272,-1.342108337470304,False
TXN102468,2026-03-19,JPMorgan,UBS,Tokenised Bond,Hybrid Network,EU,57271.21,Settled,17.5,40.0,2.91,16.67,N/A,10.955570793782528,-0.01340256248896146,False
TXN102469,2026-03-18,Citi,BNY Mellon,Tokenised Deposit,Permissioned Ledger,MEA,20480.46,Settled,7.8,33.9,3.67,7.52,N/A,9.927275365675,-0.8045630878722421,False
TXN102470,2026-07-04,Barclays,Citi,Tokenised Bond,Permissioned Ledger,APAC,3830.71,Settled,7.2,48.1,3.36,1.29,N/A,8.25106645773012,-2.0942219582831014,False
TXN102471,2026-06-02,UBS,Standard Chartered,Tokenised Equity,Hybrid Network,MEA,26845.01,Settled,29.2,22.9,3.59,9.64,N/A,10.197872485542483,-0.5963682893058772,False
TXN102472,2026-01-02,HSBC,Standard Chartered,Tokenised Deposit,Public Blockchain,MEA,51267.13,Settled,75.7,31.8,1.81,9.28,N/A,10.84482459054128,-0.09860961675137347,False
TXN102473,2026-03-05,HSBC,UBS,Tokenised Bond,Permissioned Ledger,MEA,628822.05,Settled,11.1,40.3,0.58,36.47,N/A,13.35160517654996,1.830083044167319,False
TXN102474,2026-02-04,HSBC,JPMorgan,Tokenised Deposit,Permissioned Ledger,MEA,77609.09,Settled,8.4,38.1,1.87,14.51,N/A,11.259452723491888,0.2204012458249684,False
TXN102475,2026-01-07,HSBC,Citi,Tokenised Deposit,Permissioned Ledger,UK,7848.28,Settled,7.5,40.0,3.4,2.67,N/A,8.968177086824719,-1.5424839980000666,False
TXN102476,2026-03-26,Deutsche Bank,HSBC,Regulated Stablecoin,Permissioned Ledger,EU,26741.06,Settled,9.2,30.9,1.49,3.98,N/A,10.19399288583375,-0.5993532156800879,False
TXN102477,2026-05-26,Barclays,JPMorgan,Tokenised Equity,Permissioned Ledger,MEA,40350.86,Settled,5.9,32.8,1.38,5.57,N/A,10.605392769289951,-0.282826136942757,False
TXN102478,2026-03-08,Deutsche Bank,JPMorgan,Tokenised Deposit,Hybrid Network,EU,73730.4,Settled,17.4,35.9,1.98,14.6,N/A,11.208184039003612,0.18095561741241778,False
TXN102479,2026-02-11,JPMorgan,HSBC,Tokenised Equity,Permissioned Ledger,EU,10126.32,Settled,2.5,56.0,0.73,0.74,N/A,9.22299200152961,-1.3464318749594726,False
TXN102480,2026-04-28,Citi,JPMorgan,Tokenised Real Estate Fund,Hybrid Network,MEA,146287.73,Pending,,35.2,4.13,60.42,Pending,11.89333755054816,0.7081060815153285,False
TXN102481,2026-05-05,Barclays,Citi,Tokenised Deposit,Hybrid Network,MEA,10674.73,Settled,25.4,65.9,1.69,1.8,N/A,9.275728219833683,-1.3058571402677466,False
TXN102482,2026-06-16,UBS,BNY Mellon,Tokenised Equity,Hybrid Network,MEA,52782.68,Settled,15.1,42.8,0.97,5.12,N/A,10.873957331006821,-0.07619516889664536,False
TXN102483,2026-06-18,Citi,UBS,Tokenised Deposit,Permissioned Ledger,MEA,22913.59,Settled,8.4,42.3,4.11,9.42,N/A,10.039529104572814,-0.7181961503024817,False
TXN102484,2026-01-24,Deutsche Bank,UBS,Tokenised Deposit,Public Blockchain,UK,129422.31,Settled,45.0,48.3,1.5,19.41,N/A,11.770843783929392,0.6138605659705991,False
TXN102485,2026-07-07,Barclays,Deutsche Bank,Tokenised Deposit,Hybrid Network,US,1218989.68,Settled,45.4,53.1,3.15,383.98,N/A,14.013533762823023,2.3393644761054246,False
TXN102486,2026-02-15,Citi,Barclays,Regulated Stablecoin,Public Blockchain,APAC,272154.18,Settled,64.8,35.7,3.06,83.28,N/A,12.514127697302374,1.1857359972319905,False
TXN102487,2026-01-19,BNY Mellon,Standard Chartered,Tokenised Deposit,Permissioned Ledger,EU,175983.78,Settled,3.9,42.4,3.25,57.19,N/A,12.078152793008186,0.8503011359002464,False
TXN102488,2026-03-09,BNY Mellon,Deutsche Bank,Tokenised Equity,Permissioned Ledger,EU,53743.91,Failed,,30.2,3.37,18.11,Failed,10.892004243831384,-0.06231004926900643,False
TXN102489,2026-04-12,HSBC,UBS,Tokenised Deposit,Permissioned Ledger,MEA,73840.08,Settled,11.3,51.7,2.72,20.08,N/A,11.209670495288623,0.18209928245581225,False
TXN102490,2026-02-11,Standard Chartered,HSBC,Tokenised Deposit,Public Blockchain,EU,22208.0,Settled,67.8,42.0,3.14,6.97,N/A,10.008252891111209,-0.7422597654834063,False
TXN102491,2026-02-01,JPMorgan,BNY Mellon,Regulated Stablecoin,Permissioned Ledger,UK,31934.23,Settled,9.5,42.6,2.29,7.31,N/A,10.371465068099079,-0.4628078405631686,False
TXN102492,2026-06-16,BNY Mellon,UBS,Tokenised Deposit,Public Blockchain,EU,68645.3,Settled,47.3,38.1,3.65,25.06,N/A,11.136722513166806,0.12597381278668868,False
TXN102493,2026-04-19,UBS,BNY Mellon,Tokenised Deposit,Permissioned Ledger,APAC,82497.04,Settled,9.4,35.4,3.07,25.33,N/A,11.320529814464798,0.2673933670210543,False
TXN102494,2026-02-05,Standard Chartered,HSBC,Tokenised Deposit,Permissioned Ledger,US,8355.19,Settled,9.2,32.9,4.47,3.73,N/A,9.030757860570175,-1.4943349578682168,False
TXN102495,2026-04-07,Citi,UBS,Tokenised Deposit,Public Blockchain,UK,64823.72,Settled,58.9,32.9,3.77,24.44,N/A,11.079442291076287,0.08190296566971887,False
TXN102496,2026-06-13,Deutsche Bank,BNY Mellon,Tokenised Deposit,Public Blockchain,EU,130592.63,Settled,57.8,52.3,3.12,40.74,N/A,11.779845719749789,0.6207865680498255,False
TXN102497,2026-05-11,Barclays,BNY Mellon,Tokenised Deposit,Public Blockchain,MEA,35027.48,Settled,56.4,21.0,2.54,8.9,N/A,10.46391672387128,-0.3916764336211934,False
TXN102498,2026-03-14,HSBC,UBS,Tokenised Bond,Hybrid Network,EU,247776.66,Settled,31.0,49.2,1.09,27.01,N/A,12.420287090763646,1.1135359450464986,False
TXN102499,2026-05-16,HSBC,JPMorgan,Tokenised Deposit,Hybrid Network,EU,10136.31,Settled,19.8,48.2,3.32,3.37,N/A,9.223977955954565,-1.3456732911911027,False
TXN102500,2026-04-07,JPMorgan,BNY Mellon,Regulated Stablecoin,Hybrid Network,US,50396.42,Settled,17.7,43.2,4.07,20.51,N/A,10.827695262272993,-0.11178875572424865,False
TXN102501,2026-05-03,BNY Mellon,JPMorgan,Tokenised Deposit,Public Blockchain,MEA,125851.57,Settled,76.5,51.0,4.49,56.51,N/A,11.742866421491227,0.5923350547601163,False
TXN102502,2026-03-11,HSBC,JPMorgan,Tokenised Equity,Permissioned Ledger,US,35968.84,Settled,5.5,38.2,4.38,15.75,N/A,10.49043608852854,-0.37127269175716343,False
TXN102503,2026-06-18,HSBC,Deutsche Bank,Tokenised Equity,Hybrid Network,US,29736.95,Settled,31.2,67.7,2.13,6.33,N/A,10.300179286905294,-0.5176544289657136,False
TXN102504,2026-07-15,JPMorgan,Citi,Tokenised Equity,Permissioned Ledger,EU,32879.22,Settled,3.1,28.1,3.11,10.23,N/A,10.400626540145298,-0.4403712869090332,False
TXN102505,2026-01-13,UBS,Deutsche Bank,Tokenised Equity,Permissioned Ledger,MEA,12555.6,Settled,6.1,45.0,0.67,0.84,N/A,9.438001702739216,-1.1810054969733728,False
TXN102506,2026-02-18,Citi,Deutsche Bank,Tokenised Deposit,Permissioned Ledger,UK,39313.83,Settled,9.5,61.2,4.01,15.76,N/A,10.579357080366922,-0.30285774338971805,False
TXN102507,2026-03-01,JPMorgan,UBS,Tokenised Bond,Permissioned Ledger,EU,23906.59,Settled,7.7,26.3,3.64,8.7,N/A,10.081951260725658,-0.6855569549580619,False
TXN102508,2026-05-10,Deutsche Bank,UBS,Tokenised Deposit,Public Blockchain,US,16244.93,Settled,40.6,12.0,3.45,5.6,N/A,9.695597694848693,-0.9828136399610022,False
TXN102509,2026-07-07,UBS,BNY Mellon,Regulated Stablecoin,Public Blockchain,APAC,20318.4,Settled,49.5,37.7,2.03,4.12,N/A,9.919331373697416,-0.8106751182234734,False
TXN102510,2026-01-05,HSBC,Citi,Tokenised Bond,Hybrid Network,US,418123.4,Settled,23.8,37.7,3.6,150.52,N/A,12.943534274886021,1.5161172517216188,False
TXN102511,2026-06-21,Standard Chartered,Barclays,Tokenised Deposit,Permissioned Ledger,EU,84377.86,Settled,2.0,47.2,0.68,5.74,N/A,11.343072175276564,0.28473724071311085,False
TXN102512,2026-01-27,UBS,Barclays,Tokenised Bond,Permissioned Ledger,MEA,29189.65,Settled,12.3,26.0,3.07,8.96,N/A,10.2816037315002,-0.5319462810656765,False
TXN102513,2026-06-09,HSBC,BNY Mellon,Regulated Stablecoin,Public Blockchain,MEA,404033.61,Settled,73.8,39.2,4.47,180.6,N/A,12.909255821590799,1.4897437423418431,False
TXN102514,2026-05-29,HSBC,JPMorgan,Regulated Stablecoin,Hybrid Network,EU,73311.85,Pending,,32.7,1.44,10.56,Pending,11.202491179467982,0.17657558652048688,False
TXN102515,2026-01-08,Barclays,BNY Mellon,Tokenised Real Estate Fund,Permissioned Ledger,EU,35181.54,Settled,4.6,53.0,4.33,15.23,N/A,10.468305215798948,-0.38829997051124526,False
TXN102516,2026-07-19,HSBC,Barclays,Tokenised Equity,Permissioned Ledger,US,36342.24,Settled,4.3,37.9,4.35,15.81,N/A,10.500763495928497,-0.3633268847049676,False
TXN102517,2026-02-19,HSBC,Deutsche Bank,Tokenised Deposit,Public Blockchain,APAC,24707.91,Settled,28.5,36.8,2.11,5.21,N/A,10.114919186314037,-0.6601917528805797,False
TXN102518,2026-03-08,HSBC,BNY Mellon,Tokenised Bond,Hybrid Network,MEA,121294.95,Settled,30.5,39.7,1.8,21.83,N/A,11.705988706081254,0.5639616983285064,False
TXN102519,2026-02-13,Standard Chartered,BNY Mellon,Tokenised Bond,Permissioned Ledger,MEA,357806.1,Settled,9.0,36.6,2.31,82.65,N/A,12.787749293347858,1.3962577984248277,False
TXN102520,2026-05-05,Barclays,Citi,Tokenised Real Estate Fund,Hybrid Network,UK,18102.35,Settled,25.4,60.4,0.85,1.54,N/A,9.803852283001124,-0.8995236101731119,False
TXN102521,2026-02-27,BNY Mellon,Barclays,Tokenised Bond,Hybrid Network,UK,14866.36,Settled,3.2,51.7,1.09,1.62,N/A,9.606923485023886,-1.0510387166415978,False
TXN102522,2026-01-03,UBS,Deutsche Bank,Tokenised Deposit,Permissioned Ledger,APAC,27646.71,Settled,4.6,14.1,1.6,4.42,N/A,10.227298182544143,-0.5737284435346598,False
TXN102523,2026-03-27,Deutsche Bank,Standard Chartered,Tokenised Equity,Permissioned Ledger,APAC,96053.4,Settled,4.7,46.8,0.58,5.57,N/A,11.472669976621713,0.3844485316496531,False
TXN102524,2026-03-11,Deutsche Bank,JPMorgan,Tokenised Deposit,Permissioned Ledger,US,558052.01,Settled,7.4,23.6,1.42,79.24,N/A,13.232209236851233,1.7382209665983062,False
TXN102525,2026-05-10,UBS,Standard Chartered,Tokenised Equity,Permissioned Ledger,EU,27877.62,Settled,6.1,33.6,1.9,5.3,N/A,10.23561536580148,-0.5673292834336615,False
TXN102526,2026-06-21,Standard Chartered,BNY Mellon,Regulated Stablecoin,Public Blockchain,EU,28657.99,Settled,57.8,43.4,4.33,12.41,N/A,10.26322246000753,-0.5460886530084532,False
TXN102527,2026-01-02,HSBC,Standard Chartered,Regulated Stablecoin,Permissioned Ledger,EU,75662.3,Failed,,39.1,1.27,9.61,Failed,11.2340485134135,0.20085549307417105,False
TXN102528,2026-04-12,HSBC,BNY Mellon,Tokenised Deposit,Permissioned Ledger,US,35638.54,Settled,8.9,41.3,1.15,4.1,N/A,10.48121097465521,-0.3783704048649383,False
TXN102529,2026-02-04,BNY Mellon,JPMorgan,Regulated Stablecoin,Permissioned Ledger,US,71335.33,Settled,9.2,67.1,3.82,27.25,N/A,11.175161013799306,0.1555480222250431,False
TXN102530,2026-04-08,Citi,UBS,Tokenised Deposit,Permissioned Ledger,UK,169241.68,Settled,7.6,27.9,2.82,47.73,N/A,12.039088940208506,0.8202457865719225,False
TXN102531,2026-01-30,JPMorgan,Deutsche Bank,Tokenised Real Estate Fund,Public Blockchain,EU,96670.41,Settled,90.2,35.6,3.28,31.71,N/A,11.479072981056222,0.38937494113662346,False
TXN102532,2026-04-26,Standard Chartered,UBS,Tokenised Real Estate Fund,Public Blockchain,APAC,243032.43,Settled,58.7,22.5,1.61,39.13,N/A,12.400954284876985,1.0986614717732164,False
TXN102533,2026-01-08,HSBC,Barclays,Tokenised Deposit,Permissioned Ledger,MEA,24600.67,Settled,8.0,56.9,1.85,4.55,N/A,10.110569605795154,-0.6635382779301454,False
TXN102534,2026-05-30,Barclays,JPMorgan,Regulated Stablecoin,Hybrid Network,US,62008.03,Pending,,22.8,4.16,25.8,Pending,11.035035298583292,0.04773665650299625,False
TXN102535,2026-02-13,Standard Chartered,Deutsche Bank,Tokenised Bond,Permissioned Ledger,EU,75932.72,Settled,7.1,18.5,4.47,33.94,N/A,11.237616133500271,0.2036003853542163,False
TXN102536,2026-07-05,HSBC,BNY Mellon,Tokenised Bond,Public Blockchain,APAC,13647.31,Failed,,28.8,2.54,3.47,Failed,9.521370983424264,-1.1168619813020073,False
TXN102537,2026-02-05,JPMorgan,Deutsche Bank,Tokenised Deposit,Permissioned Ledger,MEA,16148.69,Settled,10.1,13.7,2.09,3.38,N/A,9.689656133420137,-0.9873850196763292,False
TXN102538,2026-07-16,Deutsche Bank,BNY Mellon,Tokenised Deposit,Permissioned Ledger,US,15353.32,Settled,3.4,44.3,3.69,5.67,N/A,9.639152146645198,-1.026242297087692,False
TXN102539,2026-03-18,Barclays,Standard Chartered,Tokenised Real Estate Fund,Public Blockchain,APAC,160758.53,Pending,,56.7,2.41,38.74,Pending,11.987664924946024,0.7806806481687897,False
TXN102540,2026-01-31,JPMorgan,Barclays,Regulated Stablecoin,Hybrid Network,US,94514.7,Settled,5.0,23.2,1.38,13.04,N/A,11.456521237248655,0.37202384825863605,False
TXN102541,2026-02-16,Deutsche Bank,Citi,Tokenised Deposit,Public Blockchain,MEA,282811.15,Settled,58.4,33.7,0.74,20.93,N/A,12.552538175306555,1.2152886463320047,False
TXN102542,2026-02-24,HSBC,BNY Mellon,Tokenised Deposit,Permissioned Ledger,EU,389603.44,Settled,6.1,34.6,0.86,33.51,N/A,12.872887246989482,1.4617621139084915,False
TXN102543,2026-04-16,Barclays,Standard Chartered,Tokenised Deposit,Permissioned Ledger,EU,86075.27,Settled,3.2,51.8,3.19,27.46,N/A,11.362989042672377,0.30006108524469643,False
TXN102544,2026-07-09,Standard Chartered,BNY Mellon,Tokenised Deposit,Public Blockchain,EU,70508.7,Settled,41.3,30.5,3.55,25.03,N/A,11.163505567988391,0.14658043530470594,False
TXN102545,2026-06-07,Standard Chartered,HSBC,Tokenised Equity,Hybrid Network,UK,246694.72,Settled,13.0,34.0,2.63,64.88,N/A,12.415910953360061,1.1101689873875105,False
TXN102546,2026-05-01,Barclays,Citi,Tokenised Deposit,Permissioned Ledger,US,47769.0,Settled,1.2,34.3,2.64,12.61,N/A,10.774153106384007,-0.15298357097422335,False
TXN102547,2026-02-24,Standard Chartered,JPMorgan,Tokenised Deposit,Hybrid Network,MEA,21640.81,Settled,14.6,27.5,2.06,4.46,N/A,9.982382370867477,-0.7621642927510599,False
TXN102548,2026-05-24,Deutsche Bank,Standard Chartered,Tokenised Bond,Public Blockchain,APAC,48916.21,Settled,68.8,48.7,3.72,18.2,N/A,10.797884556285931,-0.13472482367329747,False
TXN102549,2026-01-12,Standard Chartered,HSBC,Tokenised Bond,Public Blockchain,MEA,13547.82,Settled,60.7,66.5,2.99,4.05,N/A,9.51405473764489,-1.1224910298190225,False
TXN102550,2026-05-25,JPMorgan,UBS,Tokenised Deposit,Permissioned Ledger,APAC,81334.99,Settled,11.2,25.2,1.56,12.69,N/A,11.306343879008201,0.2564788459193219,False
TXN102551,2026-05-24,HSBC,Deutsche Bank,Tokenised Deposit,Public Blockchain,UK,166586.72,Settled,72.5,26.3,1.28,21.32,N/A,12.023277296514408,0.8080804613256374,False
TXN102552,2026-05-20,Deutsche Bank,Standard Chartered,Regulated Stablecoin,Public Blockchain,EU,52729.75,Settled,37.4,46.3,1.21,6.38,N/A,10.872954055825602,-0.07696707908683074,False
TXN102553,2026-05-16,UBS,Standard Chartered,Tokenised Equity,Permissioned Ledger,UK,339040.13,Settled,6.8,48.9,2.32,78.66,N/A,12.733876706436638,1.3548087527523418,False
TXN102554,2026-01-03,JPMorgan,HSBC,Regulated Stablecoin,Permissioned Ledger,MEA,115930.66,Settled,13.0,51.1,3.23,37.45,N/A,11.660756158547526,0.5291602151233651,False
TXN102555,2026-05-24,Standard Chartered,HSBC,Regulated Stablecoin,Public Blockchain,APAC,18895.68,Settled,53.4,45.6,1.0,1.89,N/A,9.846741524241805,-0.8665250440939876,False
TXN102556,2026-01-30,UBS,Barclays,Regulated Stablecoin,Permissioned Ledger,EU,34536.11,Settled,9.5,43.0,3.52,12.16,N/A,10.449789677094083,-0.4025456463443613,False
TXN102557,2026-01-23,Barclays,BNY Mellon,Tokenised Real Estate Fund,Public Blockchain,US,39548.11,Settled,56.6,31.3,1.05,4.15,N/A,10.585298469782044,-0.2982864960198588,False
TXN102558,2026-04-02,JPMorgan,BNY Mellon,Tokenised Bond,Public Blockchain,US,59928.91,Settled,55.1,29.1,0.63,3.78,N/A,11.00093099169906,0.021497133682186052,False
TXN102559,2026-04-25,Barclays,UBS,Tokenised Deposit,Permissioned Ledger,US,29312.75,Settled,7.6,51.1,2.24,6.57,N/A,10.28581196820265,-0.5287085045770901,False
TXN102560,2026-04-14,UBS,Citi,Regulated Stablecoin,Public Blockchain,UK,55780.96,Settled,59.5,44.1,2.14,11.94,N/A,10.929205798606462,-0.03368753397192537,False
TXN102561,2026-04-28,Citi,UBS,Tokenised Deposit,Permissioned Ledger,UK,6053.18,Settled,8.8,45.5,3.13,1.89,N/A,8.70850422154799,-1.7422737810765265,False
TXN102562,2026-01-05,Citi,Barclays,Tokenised Bond,Permissioned Ledger,MEA,80894.41,Settled,8.9,12.8,2.53,20.47,N/A,11.300912364725004,0.2522998915289192,False
TXN102563,2026-04-14,HSBC,UBS,Tokenised Bond,Public Blockchain,MEA,43265.29,Settled,103.9,26.5,1.46,6.32,N/A,10.675129088845043,-0.22917168929142123,False
TXN102564,2026-04-18,BNY Mellon,HSBC,Tokenised Bond,Permissioned Ledger,UK,161623.06,Settled,1.0,45.8,2.59,41.86,N/A,11.993028300125305,0.7848071769937565,False
TXN102565,2026-03-06,Standard Chartered,BNY Mellon,Regulated Stablecoin,Hybrid Network,MEA,31224.99,Settled,19.4,47.1,4.45,13.9,N/A,10.349006039855466,-0.48008759898582,False
TXN102566,2026-05-01,Citi,BNY Mellon,Regulated Stablecoin,Hybrid Network,MEA,14202.09,Settled,23.9,35.6,0.66,0.94,N/A,9.561214825550483,-1.0862065157536656,False
TXN102567,2026-01-30,BNY Mellon,Citi,Regulated Stablecoin,Public Blockchain,APAC,41894.71,Settled,34.2,31.4,4.35,18.22,N/A,10.642938714033514,-0.2539386513453565,False
TXN102568,2026-05-29,Standard Chartered,Deutsche Bank,Tokenised Deposit,Hybrid Network,EU,153470.48,Settled,37.2,46.3,3.94,60.47,N/A,11.941270030701192,0.7449848666817549,False
TXN102569,2026-03-25,UBS,Deutsche Bank,Tokenised Deposit,Public Blockchain,UK,72677.86,Settled,87.5,41.1,0.55,4.0,N/A,11.193805837191716,0.16989316844237642,False
TXN102570,2026-07-17,Deutsche Bank,JPMorgan,Regulated Stablecoin,Permissioned Ledger,APAC,22691.55,Settled,10.5,30.3,2.07,4.7,N/A,10.029791955769513,-0.7256878181173751,False
TXN102571,2026-05-30,Citi,BNY Mellon,Tokenised Equity,Public Blockchain,US,12698.21,Settled,55.1,22.8,0.7,0.89,N/A,9.44929506578748,-1.1723164930175232,False
TXN102572,2026-07-19,Deutsche Bank,HSBC,Regulated Stablecoin,Permissioned Ledger,US,53483.75,Settled,9.6,8.9,2.04,10.91,N/A,10.887151845521585,-0.0660434374483304,False
TXN102573,2026-02-01,BNY Mellon,Deutsche Bank,Tokenised Deposit,Public Blockchain,EU,126963.87,Settled,50.2,25.5,2.53,32.12,N/A,11.751665713002742,0.5991051442742389,False
TXN102574,2026-06-10,Citi,Standard Chartered,Tokenised Deposit,Permissioned Ledger,US,37511.59,Settled,11.1,46.7,0.63,2.36,N/A,10.532431888946011,-0.3389615303788369,False
TXN102575,2026-01-16,Standard Chartered,Citi,Regulated Stablecoin,Hybrid Network,US,26759.15,Settled,43.2,35.2,2.57,6.88,N/A,10.194669119607621,-0.598832927975607,False
TXN102576,2026-02-07,HSBC,Standard Chartered,Tokenised Deposit,Permissioned Ledger,EU,133613.19,Settled,11.5,46.5,0.59,7.88,N/A,11.802711747019377,0.6383794675741672,False
TXN102577,2026-05-22,JPMorgan,Citi,Tokenised Deposit,Public Blockchain,MEA,75443.04,Settled,78.0,38.5,0.97,7.32,N/A,11.231146468365502,0.1986226877712383,False
TXN102578,2026-02-05,UBS,Deutsche Bank,Tokenised Bond,Permissioned Ledger,MEA,6582.08,Settled,7.1,54.4,3.55,2.34,N/A,8.792257999908086,-1.677834436624555,False
TXN102579,2026-05-31,HSBC,Barclays,Tokenised Bond,Hybrid Network,US,41852.93,Settled,45.7,51.2,1.88,7.87,N/A,10.641940978318688,-0.25470629952384544,False
TXN102580,2026-04-24,UBS,BNY Mellon,Tokenised Bond,Public Blockchain,UK,80620.16,Settled,87.0,26.0,2.36,19.03,N/A,11.297516425056852,0.2496870884972359,False
TXN102581,2026-03-07,Standard Chartered,Deutsche Bank,Tokenised Real Estate Fund,Permissioned Ledger,UK,175956.25,Settled,7.4,45.0,3.79,66.69,N/A,12.077996346788586,0.8501807676968002,False
TXN102582,2026-04-15,Citi,Standard Chartered,Tokenised Deposit,Permissioned Ledger,MEA,13781.66,Settled,9.0,23.9,0.57,0.79,N/A,9.531166559320816,-1.1093253602484539,False
TXN102583,2026-03-26,Barclays,JPMorgan,Tokenised Bond,Hybrid Network,EU,744851.47,Settled,17.5,36.7,2.2,163.87,N/A,13.520941450906154,1.960368730677329,False
TXN102584,2026-01-02,Standard Chartered,Citi,Tokenised Deposit,Permissioned Ledger,APAC,123239.2,Settled,12.0,45.6,2.31,28.47,N/A,11.721890575559012,0.576196442417327,False
TXN102585,2026-07-12,Barclays,Standard Chartered,Tokenised Deposit,Permissioned Ledger,MEA,75784.76,Settled,8.6,25.1,1.47,11.14,N/A,11.235665691185204,0.2020997339611062,False
TXN102586,2026-03-16,JPMorgan,Standard Chartered,Tokenised Deposit,Public Blockchain,UK,19129.65,Settled,63.4,33.7,4.49,8.59,N/A,9.859047039902013,-0.8570572997388859,False
TXN102587,2026-03-08,HSBC,UBS,Tokenised Real Estate Fund,Public Blockchain,MEA,115644.08,Pending,,33.8,1.26,14.57,Pending,11.658281124601594,0.5272559480193001,False
TXN102588,2026-06-29,Standard Chartered,Barclays,Regulated Stablecoin,Permissioned Ledger,UK,1052018.54,Settled,6.5,37.8,3.93,413.44,N/A,13.866222246251782,2.2260244245406677,False
TXN102589,2026-07-09,JPMorgan,HSBC,Tokenised Equity,Public Blockchain,US,144284.3,Settled,43.7,34.7,2.01,29.0,N/A,11.879547868470878,0.6974964339190051,False
TXN102590,2026-05-31,UBS,HSBC,Tokenised Real Estate Fund,Permissioned Ledger,APAC,191897.18,Settled,13.7,29.0,0.87,16.7,N/A,12.164720197844511,0.9169052572639098,False
TXN102591,2026-06-03,JPMorgan,BNY Mellon,Tokenised Real Estate Fund,Permissioned Ledger,UK,559470.78,Settled,8.1,58.8,1.08,60.42,N/A,13.23474836757111,1.7401745491383465,False
TXN102592,2026-07-15,Barclays,Citi,Tokenised Equity,Public Blockchain,APAC,1278406.34,Settled,48.3,37.7,0.79,100.99,N/A,14.061125595529605,2.375981170431673,False
TXN102593,2026-02-24,Standard Chartered,UBS,Tokenised Bond,Public Blockchain,UK,17529.76,Settled,44.8,32.7,1.7,2.98,N/A,9.77171233122537,-0.9242517772325496,False
TXN102594,2026-01-06,BNY Mellon,Citi,Tokenised Deposit,Hybrid Network,EU,10925.0,Settled,28.7,28.6,1.76,1.92,N/A,9.298900548955663,-1.2880285750700582,False
TXN102595,2026-06-12,Barclays,Standard Chartered,Tokenised Equity,Public Blockchain,UK,209197.6,Settled,51.4,20.6,1.17,24.48,N/A,12.2510393189899,0.9833183515647309,False
TXN102596,2026-05-30,HSBC,Citi,Tokenised Deposit,Permissioned Ledger,MEA,71254.83,Settled,7.8,37.2,2.59,18.46,N/A,11.174031919344854,0.15467930790678963,False
TXN102597,2026-06-20,Deutsche Bank,UBS,Regulated Stablecoin,Permissioned Ledger,US,19906.1,Settled,12.8,38.0,1.94,3.86,N/A,9.898831730999934,-0.8264473444178053,False
TXN102598,2026-05-23,Barclays,JPMorgan,Regulated Stablecoin,Public Blockchain,EU,8070.48,Settled,47.3,36.2,3.18,2.57,N/A,8.996092139740336,-1.5210064271316759,False
TXN102599,2026-03-27,BNY Mellon,JPMorgan,Tokenised Equity,Public Blockchain,UK,9425.25,Settled,44.7,13.8,2.94,2.77,N/A,9.151253629516857,-1.4016266823468841,False
TXN102600,2026-03-01,Barclays,Standard Chartered,Tokenised Real Estate Fund,Permissioned Ledger,EU,36015.36,Settled,6.7,35.0,2.42,8.72,N/A,10.491728558654088,-0.3702782777827154,False
TXN102601,2026-04-11,UBS,BNY Mellon,Tokenised Deposit,Permissioned Ledger,US,63207.16,Settled,11.8,35.4,2.66,16.81,N/A,11.054188685724514,0.062473086734341786,False
TXN102602,2026-01-12,HSBC,Citi,Tokenised Deposit,Hybrid Network,APAC,8158.97,Settled,7.6,44.1,1.88,1.53,N/A,9.006995771480806,-1.5126172786626872,False
TXN102603,2026-02-18,Barclays,HSBC,Tokenised Bond,Public Blockchain,EU,4865.46,Settled,67.7,39.3,0.74,0.36,N/A,8.490122052373199,-1.9102949031937801,False
TXN102604,2026-02-11,UBS,Citi,Regulated Stablecoin,Permissioned Ledger,MEA,70870.36,Settled,5.3,16.9,3.96,28.06,N/A,11.168621681686494,0.15051672354510082,False
TXN102605,2026-06-15,Barclays,JPMorgan,Tokenised Deposit,Permissioned Ledger,US,129038.33,Settled,5.5,18.1,1.9,24.52,N/A,11.767872520597143,0.6115745047913518,False
TXN102606,2026-03-23,JPMorgan,HSBC,Regulated Stablecoin,Permissioned Ledger,MEA,105775.71,Settled,12.7,25.6,0.51,5.39,N/A,11.569085641848517,0.45862980900532757,False
TXN102607,2026-06-22,Standard Chartered,HSBC,Tokenised Deposit,Hybrid Network,APAC,78364.93,Settled,15.0,28.7,3.6,28.21,N/A,11.269144545560659,0.2278580396900948,False
TXN102608,2026-02-04,Standard Chartered,UBS,Regulated Stablecoin,Public Blockchain,APAC,870376.72,Settled,42.9,50.4,1.65,143.61,N/A,13.676682557329725,2.0801944268866497,False
TXN102609,2026-06-07,UBS,BNY Mellon,Tokenised Equity,Permissioned Ledger,APAC,124307.04,Settled,9.9,45.3,2.9,36.05,N/A,11.730517957627432,0.5828342664738781,False
TXN102610,2026-06-07,Barclays,Citi,Tokenised Bond,Hybrid Network,APAC,22087.22,Settled,16.0,38.6,3.97,8.77,N/A,10.002799713719751,-0.7464553872591189,False
TXN102611,2026-05-14,JPMorgan,Barclays,Tokenised Equity,Public Blockchain,MEA,8584.3,Settled,75.3,42.3,1.35,1.16,N/A,9.057806717391962,-1.4735238298701794,False
TXN102612,2026-03-08,BNY Mellon,Citi,Regulated Stablecoin,Permissioned Ledger,MEA,133368.7,Settled,5.1,40.9,1.69,22.54,N/A,11.80088025023249,0.6369703317163742,False
TXN102613,2026-03-21,Citi,HSBC,Regulated Stablecoin,Hybrid Network,MEA,44451.53,Settled,10.4,41.1,0.56,2.49,N/A,10.702177157207554,-0.2083611679263011,False
TXN102614,2026-01-07,BNY Mellon,JPMorgan,Regulated Stablecoin,Permissioned Ledger,UK,6895.14,Settled,7.0,27.0,1.86,1.28,N/A,8.838717113761584,-1.6420892451937017,False
TXN102615,2026-06-29,UBS,Deutsche Bank,Tokenised Deposit,Public Blockchain,EU,108304.25,Settled,54.0,29.8,0.52,5.63,N/A,11.592708908268431,0.4768053209848423,False
TXN102616,2026-01-14,Standard Chartered,BNY Mellon,Tokenised Deposit,Permissioned Ledger,US,152104.18,Settled,6.3,18.0,3.53,53.69,N/A,11.932327534209222,0.7381045966451116,False
TXN102617,2026-03-14,Barclays,HSBC,Tokenised Deposit,Hybrid Network,US,29707.54,Settled,37.3,27.4,1.03,3.06,N/A,10.29918982554603,-0.5184157109353151,False
TXN102618,2026-05-23,HSBC,UBS,Tokenised Bond,Permissioned Ledger,EU,117207.86,Settled,4.1,21.6,2.63,30.83,N/A,11.671712750537344,0.5375901106943562,False
TXN102619,2026-05-29,JPMorgan,BNY Mellon,Tokenised Deposit,Permissioned Ledger,US,47088.18,Settled,8.5,33.7,1.58,7.44,N/A,10.759798529622405,-0.16402784305979057,False
TXN102620,2026-06-12,JPMorgan,BNY Mellon,Tokenised Bond,Public Blockchain,UK,114580.86,Settled,49.6,22.3,0.9,10.31,N/A,11.649044781030323,0.5201495948908849,False
TXN102621,2026-03-07,BNY Mellon,HSBC,Tokenised Deposit,Public Blockchain,APAC,46449.32,Settled,91.1,29.0,2.7,12.54,N/A,10.74613863334635,-0.17453763471989173,False
TXN102622,2026-04-01,JPMorgan,Standard Chartered,Tokenised Real Estate Fund,Public Blockchain,APAC,284326.84,Settled,79.6,18.4,2.62,74.49,N/A,12.55788321757218,1.2194010699910787,False
TXN102623,2026-05-10,BNY Mellon,Deutsche Bank,Tokenised Bond,Public Blockchain,EU,283693.1,Settled,46.3,25.4,2.77,78.58,N/A,12.555651823964546,1.2176842573993887,False
TXN102624,2026-06-12,BNY Mellon,Citi,Tokenised Bond,Public Blockchain,MEA,127417.24,Settled,102.0,53.3,2.0,25.48,N/A,11.755230182986795,0.6018476128958158,False
TXN102625,2026-01-20,Deutsche Bank,UBS,Tokenised Real Estate Fund,Hybrid Network,MEA,78986.34,Settled,25.2,60.2,2.83,22.35,N/A,11.277042865442692,0.23393493037414134,False
TXN102626,2026-01-10,Deutsche Bank,Standard Chartered,Tokenised Equity,Hybrid Network,EU,78445.34,Settled,18.5,29.6,0.78,6.12,N/A,11.270170103153157,0.2286470937513244,False
TXN102627,2026-01-25,UBS,Standard Chartered,Regulated Stablecoin,Permissioned Ledger,EU,254974.25,Pending,,56.2,2.9,73.94,Pending,12.448921760606522,1.135567182196663,False
TXN102628,2026-07-13,Citi,Standard Chartered,Tokenised Deposit,Hybrid Network,APAC,10758.0,Settled,35.4,35.1,1.36,1.46,N/A,9.283497892593909,-1.299879229431024,False
TXN102629,2026-01-25,Deutsche Bank,Citi,Tokenised Bond,Hybrid Network,APAC,7415.04,Settled,25.6,33.2,4.31,3.2,N/A,8.911400500974402,-1.5861673522803392,False
TXN102630,2026-02-23,Deutsche Bank,BNY Mellon,Tokenised Deposit,Public Blockchain,UK,56666.86,Settled,70.4,34.6,3.14,17.79,N/A,10.944962485966085,-0.021564491596173466,False
TXN102631,2026-02-02,Barclays,UBS,Tokenised Deposit,Permissioned Ledger,APAC,269318.28,Settled,4.9,30.7,2.39,64.37,N/A,12.503652869255971,1.1776767661647631,False
TXN102632,2026-06-13,JPMorgan,HSBC,Regulated Stablecoin,Public Blockchain,MEA,202479.26,Settled,46.9,56.2,4.24,85.85,N/A,12.21839767929562,0.9582041906883902,False
TXN102633,2026-04-05,JPMorgan,UBS,Tokenised Deposit,Permissioned Ledger,APAC,16402.74,Settled,6.9,54.0,1.21,1.98,N/A,9.705264636593608,-0.9753759887756503,False
TXN102634,2026-01-14,UBS,Citi,Tokenised Equity,Hybrid Network,APAC,94745.15,Settled,20.7,16.5,4.08,38.66,N/A,11.458956488873737,0.37389750723102505,False
TXN102635,2026-03-06,UBS,Standard Chartered,Tokenised Deposit,Public Blockchain,EU,6779.09,Settled,101.3,23.7,4.1,2.78,N/A,8.821745655182621,-1.655146920759336,False
TXN102636,2026-04-20,Citi,UBS,Tokenised Deposit,Hybrid Network,MEA,48517.93,Settled,18.9,30.1,2.74,13.29,N/A,10.789709310053073,-0.14101477880479985,False
TXN102637,2026-03-21,Citi,BNY Mellon,Tokenised Real Estate Fund,Public Blockchain,EU,3333.02,Settled,94.9,19.8,4.1,1.37,N/A,8.111934062092987,-2.2012690735588083,False
TXN102638,2026-02-23,Barclays,Citi,Tokenised Equity,Permissioned Ledger,APAC,14571.35,Settled,8.0,32.2,2.57,3.74,N/A,9.586881176505946,-1.0664590743554603,False
TXN102639,2026-05-05,BNY Mellon,JPMorgan,Tokenised Equity,Hybrid Network,MEA,2231547.13,Settled,10.9,32.0,1.67,372.67,N/A,14.618206131270579,2.8045935295751594,False
TXN102640,2026-06-29,BNY Mellon,Barclays,Tokenised Bond,Permissioned Ledger,US,12083.29,Settled,9.0,35.1,2.21,2.67,N/A,9.399661540894535,-1.2105040455025085,False
TXN102641,2026-05-11,Standard Chartered,Citi,Tokenised Deposit,Hybrid Network,UK,45501.17,Settled,36.0,33.0,2.76,12.56,N/A,10.725515296109492,-0.1904050302926771,False
TXN102642,2026-06-18,Citi,Barclays,Regulated Stablecoin,Hybrid Network,US,154170.06,Settled,23.5,26.6,1.71,26.36,N/A,11.945818044157765,0.7484840641082905,False
TXN102643,2026-05-14,HSBC,UBS,Tokenised Bond,Permissioned Ledger,MEA,44776.59,Settled,6.5,26.9,2.88,12.9,N/A,10.70946307003542,-0.20275545728787103,False
TXN102644,2026-01-25,Citi,HSBC,Tokenised Bond,Hybrid Network,US,39660.21,Settled,20.0,31.0,2.97,11.78,N/A,10.588128910937685,-0.29610878205697083,False
TXN102645,2026-05-21,UBS,BNY Mellon,Regulated Stablecoin,Permissioned Ledger,UK,35103.37,Settled,9.8,48.0,2.59,9.09,N/A,10.4660809031288,-0.39001133509833613,False
TXN102646,2026-04-27,BNY Mellon,JPMorgan,Regulated Stablecoin,Hybrid Network,MEA,113305.07,Settled,16.7,31.7,3.67,41.58,N/A,11.63784802016179,0.5115349157148409,False
TXN102647,2026-05-16,UBS,Deutsche Bank,Regulated Stablecoin,Hybrid Network,UK,473511.3,Settled,27.5,39.0,2.38,112.7,N/A,13.067933168039623,1.611828553137821,False
TXN102648,2026-05-29,UBS,JPMorgan,Tokenised Real Estate Fund,Public Blockchain,EU,42764.78,Settled,32.2,35.6,4.33,18.52,N/A,10.66349352906286,-0.23812397609419608,False
TXN102649,2026-07-15,UBS,Standard Chartered,Tokenised Equity,Permissioned Ledger,EU,71120.42,Settled,6.3,38.7,4.23,30.08,N/A,11.17214383624268,0.15322663508704187,False
TXN102650,2026-01-25,BNY Mellon,JPMorgan,Regulated Stablecoin,Hybrid Network,UK,280116.54,Settled,38.5,31.9,3.63,101.68,N/A,12.5429645797803,1.2079228148216004,False
TXN102651,2026-03-20,UBS,JPMorgan,Tokenised Real Estate Fund,Hybrid Network,UK,87514.14,Settled,36.6,39.6,2.68,23.45,N/A,11.379567085949418,0.3128160708941312,False
TXN102652,2026-03-09,UBS,Standard Chartered,Regulated Stablecoin,Public Blockchain,MEA,6999.76,Settled,68.3,34.0,2.03,1.42,N/A,8.85377399357257,-1.6305046279560111,False
TXN102653,2026-06-22,Citi,JPMorgan,Tokenised Equity,Public Blockchain,US,56801.66,Settled,56.0,13.8,2.12,12.04,N/A,10.947338434598622,-0.019736459770863333,False
TXN102654,2026-07-07,JPMorgan,Barclays,Tokenised Real Estate Fund,Permissioned Ledger,EU,39964.06,Settled,3.6,28.2,0.63,2.52,N/A,10.595760851372642,-0.29023684113496695,False
TXN102655,2026-01-12,JPMorgan,Citi,Tokenised Bond,Public Blockchain,EU,411582.24,Settled,118.6,58.1,4.39,180.68,N/A,12.927766562968184,1.5039857271577426,False
TXN102656,2026-02-01,Deutsche Bank,BNY Mellon,Regulated Stablecoin,Permissioned Ledger,EU,45632.27,Settled,12.5,13.6,1.45,6.62,N/A,10.728392334733106,-0.18819146469004108,False
TXN102657,2026-05-08,Barclays,Standard Chartered,Tokenised Real Estate Fund,Public Blockchain,EU,38313.94,Settled,71.1,26.3,3.33,12.76,N/A,10.553595177436947,-0.3226787015500232,False
TXN102658,2026-04-06,Barclays,Standard Chartered,Tokenised Deposit,Permissioned Ledger,UK,104738.76,Settled,2.4,50.3,2.13,22.31,N/A,11.559234076442655,0.4510501101665475,False
TXN102659,2026-04-02,Deutsche Bank,HSBC,Tokenised Bond,Hybrid Network,APAC,110239.93,Settled,13.0,36.6,0.68,7.5,N/A,11.610423522351233,0.4904347731846884,False
TXN102660,2026-05-21,Citi,UBS,Regulated Stablecoin,Public Blockchain,EU,97384.91,Settled,70.1,59.1,0.92,8.96,N/A,11.486436817975223,0.3950406058147171,False
TXN102661,2026-01-31,BNY Mellon,UBS,Tokenised Deposit,Permissioned Ledger,UK,204604.79,Settled,9.7,30.3,1.41,28.85,N/A,12.228840431219485,0.9662387426981539,False
TXN102662,2026-03-19,HSBC,Standard Chartered,Tokenised Equity,Permissioned Ledger,MEA,200765.98,Settled,7.4,36.3,4.24,85.12,N/A,12.209900211046529,0.9516663210639463,False
TXN102663,2026-01-20,BNY Mellon,UBS,Tokenised Equity,Hybrid Network,MEA,259162.76,Settled,8.4,39.6,1.92,49.76,N/A,12.46521541887044,1.1481033647762364,False
TXN102664,2026-05-26,UBS,Standard Chartered,Tokenised Equity,Permissioned Ledger,EU,215378.41,Settled,8.5,18.7,0.82,17.66,N/A,12.280156449534706,1.0057207892979012,False
TXN102665,2026-03-01,HSBC,Barclays,Regulated Stablecoin,Public Blockchain,APAC,103177.69,Settled,62.0,24.7,1.71,17.64,N/A,11.544217618459077,0.4394965930906739,False
TXN102666,2026-07-10,Standard Chartered,UBS,Regulated Stablecoin,Permissioned Ledger,EU,688916.81,Settled,6.9,48.9,1.87,128.83,N/A,13.442877254055935,1.9003068950360789,False
TXN102667,2026-05-14,Barclays,BNY Mellon,Tokenised Deposit,Permissioned Ledger,EU,31556.25,Settled,11.6,44.5,2.79,8.8,N/A,10.35955863554858,-0.4719685342457508,False
TXN102668,2026-06-09,Citi,UBS,Tokenised Equity,Permissioned Ledger,UK,202506.61,Settled,6.8,41.4,4.11,83.23,N/A,12.218532745069524,0.9583081089843607,False
TXN102669,2026-04-03,HSBC,UBS,Tokenised Bond,Public Blockchain,EU,43862.45,Pending,,55.1,3.78,16.58,Pending,10.688836678249118,-0.218625203001363,False
TXN102670,2026-02-12,JPMorgan,Citi,Tokenised Deposit,Hybrid Network,US,25394.6,Settled,22.6,41.4,3.7,9.4,N/A,10.142331209654408,-0.639101208086755,False
TXN102671,2026-05-10,Deutsche Bank,HSBC,Tokenised Bond,Permissioned Ledger,UK,165770.46,Settled,8.4,35.6,0.92,15.25,N/A,12.018365371763851,0.8043012740803476,False
TXN102672,2026-03-01,Barclays,Deutsche Bank,Regulated Stablecoin,Permissioned Ledger,US,47094.79,Settled,7.4,43.2,2.25,10.6,N/A,10.759938891720749,-0.1639198498231832,False
TXN102673,2026-05-31,UBS,Deutsche Bank,Regulated Stablecoin,Permissioned Ledger,US,30356.45,Settled,8.9,23.2,1.03,3.13,N/A,10.320797235887172,-0.5017911790640304,False
TXN102674,2026-01-31,JPMorgan,HSBC,Tokenised Bond,Public Blockchain,EU,177945.96,Settled,91.3,3.4,2.57,45.73,N/A,12.089240807342007,0.8588321465475925,False
TXN102675,2026-01-05,Citi,BNY Mellon,Regulated Stablecoin,Public Blockchain,US,14519.12,Settled,71.7,37.3,2.7,3.92,N/A,9.583290552807446,-1.0692216653911775,False
TXN102676,2026-06-11,BNY Mellon,JPMorgan,Tokenised Bond,Permissioned Ledger,APAC,94494.74,Settled,9.7,40.1,2.33,22.02,N/A,11.45631003310065,0.37186134983636204,False
TXN102677,2026-01-10,BNY Mellon,JPMorgan,Tokenised Deposit,Hybrid Network,MEA,57832.98,Settled,17.2,39.3,3.3,19.08,N/A,10.965331771194624,-0.005892561173657761,False
TXN102678,2026-03-30,BNY Mellon,UBS,Tokenised Deposit,Public Blockchain,UK,166023.64,Settled,48.7,43.7,1.18,19.59,N/A,12.019891490058423,0.805475454689079,False
TXN102679,2026-05-10,Citi,HSBC,Tokenised Deposit,Permissioned Ledger,MEA,99391.78,Settled,4.2,38.4,4.42,43.93,N/A,11.506834754191667,0.4107345800293422,False
TXN102680,2026-05-06,HSBC,UBS,Tokenised Deposit,Hybrid Network,APAC,168230.97,Settled,23.9,25.9,3.53,59.39,N/A,12.033099079803353,0.8156372460926218,False
TXN102681,2026-01-11,Standard Chartered,JPMorgan,Tokenised Equity,Permissioned Ledger,UK,551801.2,Settled,11.0,34.6,2.05,113.12,N/A,13.22094492770917,1.7295543164359921,False
TXN102682,2026-06-27,Standard Chartered,Citi,Regulated Stablecoin,Permissioned Ledger,US,14993.79,Settled,5.5,37.3,2.46,3.69,N/A,9.61545808641682,-1.044472277136564,False
TXN102683,2026-06-08,Citi,HSBC,Regulated Stablecoin,Permissioned Ledger,EU,2516870.57,Settled,9.6,45.4,2.07,520.99,N/A,14.738527247785834,2.8971674292103113,False
TXN102684,2026-02-25,Standard Chartered,HSBC,Tokenised Equity,Hybrid Network,MEA,2103284.25,Settled,20.5,34.0,1.62,340.73,N/A,14.559011085049153,2.759049435350388,False
TXN102685,2026-03-24,Deutsche Bank,JPMorgan,Tokenised Deposit,Permissioned Ledger,US,17191.91,Pending,,37.1,2.51,4.32,Pending,9.75225236851761,-0.9392240837302506,False
TXN102686,2026-05-17,HSBC,BNY Mellon,Tokenised Deposit,Permissioned Ledger,UK,871007.33,Settled,8.6,47.3,2.61,227.33,N/A,13.67740681950877,2.0807516671800768,False
TXN102687,2026-04-09,UBS,Standard Chartered,Tokenised Equity,Hybrid Network,EU,78617.15,Settled,39.2,24.2,4.22,33.18,N/A,11.272357867790829,0.23033033863683428,False
TXN102688,2026-05-29,JPMorgan,Citi,Tokenised Bond,Permissioned Ledger,APAC,40378.21,Settled,6.4,58.5,3.02,12.19,N/A,10.606070327534784,-0.28230483020316904,False
TXN102689,2026-03-14,BNY Mellon,Standard Chartered,Tokenised Real Estate Fund,Public Blockchain,MEA,94936.86,Settled,27.2,32.1,2.59,24.59,N/A,11.46097785129934,0.37545272386908163,False
TXN102690,2026-06-05,UBS,BNY Mellon,Regulated Stablecoin,Permissioned Ledger,EU,6766.28,Settled,4.9,42.8,2.88,1.95,N/A,8.819854512648265,-1.6566019474765212,False
TXN102691,2026-07-09,Standard Chartered,Deutsche Bank,Tokenised Bond,Permissioned Ledger,MEA,1008697.25,Pending,,33.5,2.57,259.24,Pending,13.824171196135106,2.193670754579831,False
TXN102692,2026-04-25,Standard Chartered,JPMorgan,Tokenised Bond,Permissioned Ledger,UK,19153.14,Settled,10.8,15.6,2.05,3.93,N/A,9.860274159233093,-0.8561131660316378,False
TXN102693,2026-01-07,HSBC,Standard Chartered,Tokenised Real Estate Fund,Hybrid Network,EU,111440.11,Settled,34.3,31.1,3.85,42.9,N/A,11.621251568920952,0.4987657671566635,False
TXN102694,2026-03-21,HSBC,UBS,Tokenised Deposit,Public Blockchain,APAC,9243.72,Failed,,40.5,4.4,4.07,Failed,9.131807856721148,-1.4165880712639303,False
TXN102695,2026-05-24,Barclays,JPMorgan,Regulated Stablecoin,Public Blockchain,UK,69140.62,Settled,80.4,38.8,1.25,8.64,N/A,11.143912143921398,0.13150544493211527,False
TXN102696,2026-04-07,Standard Chartered,UBS,Regulated Stablecoin,Permissioned Ledger,EU,13012.48,Settled,6.3,18.8,2.49,3.24,N/A,9.47374102228721,-1.153508011272721,False
TXN102697,2026-01-04,HSBC,Standard Chartered,Tokenised Real Estate Fund,Public Blockchain,UK,45270.88,Settled,82.6,42.4,4.29,19.42,N/A,10.720441368173857,-0.1943088612167356,False
TXN102698,2026-01-04,Citi,Standard Chartered,Regulated Stablecoin,Public Blockchain,MEA,169163.76,Settled,63.2,10.4,3.01,50.92,N/A,12.038628430230492,0.8198914746629214,False
TXN102699,2026-04-13,Deutsche Bank,HSBC,Tokenised Deposit,Public Blockchain,UK,37972.88,Settled,50.6,23.2,4.01,15.23,N/A,10.544653833941487,-0.32955808448233803,False
TXN102700,2026-02-09,BNY Mellon,Deutsche Bank,Tokenised Bond,Public Blockchain,MEA,225969.73,Settled,61.2,34.0,1.63,36.83,N/A,12.328160756592519,1.042654837387968,False
TXN102701,2026-01-17,Barclays,UBS,Tokenised Deposit,Permissioned Ledger,APAC,160003.3,Settled,13.0,49.9,1.48,23.68,N/A,11.982955968854837,0.777057623040722,False
TXN102702,2026-04-11,JPMorgan,Citi,Tokenised Real Estate Fund,Permissioned Ledger,EU,86430.08,Settled,5.3,48.5,0.51,4.41,N/A,11.367102612329843,0.3032260258273764,False
TXN102703,2026-04-13,HSBC,Barclays,Tokenised Deposit,Permissioned Ledger,EU,87359.42,Settled,12.0,21.8,2.61,22.8,N/A,11.377797598659482,0.3114546445416469,False
TXN102704,2026-05-04,UBS,Standard Chartered,Tokenised Real Estate Fund,Permissioned Ledger,APAC,73702.13,Settled,8.9,39.2,3.17,23.36,N/A,11.207800546746453,0.18066056219058083,False
TXN102705,2026-02-21,BNY Mellon,UBS,Tokenised Bond,Public Blockchain,MEA,49611.14,Pending,,41.3,3.03,15.03,Pending,10.811990840829166,-0.12387158521149527,False
TXN102706,2026-02-21,JPMorgan,UBS,Tokenised Real Estate Fund,Public Blockchain,US,35602.27,Settled,44.7,50.8,1.27,4.52,N/A,10.480192766554392,-0.3791538042985774,False
TXN102707,2026-06-13,Citi,HSBC,Regulated Stablecoin,Permissioned Ledger,MEA,31179.24,Settled,11.5,47.0,1.93,6.02,N/A,10.347539839823966,-0.481215679064298,False
TXN102708,2026-05-04,Citi,HSBC,Regulated Stablecoin,Hybrid Network,UK,128113.47,Settled,14.8,31.7,1.89,24.21,N/A,11.760679440131554,0.6060402184717549,False
TXN102709,2026-06-15,BNY Mellon,HSBC,Tokenised Equity,Public Blockchain,UK,55027.56,Settled,40.8,47.8,0.59,3.25,N/A,10.915607602166453,-0.044149854376813624,False
TXN102710,2026-06-27,Barclays,UBS,Tokenised Deposit,Permissioned Ledger,UK,138676.81,Settled,5.4,28.9,1.99,27.6,N/A,11.839908607923476,0.6669983714524591,False
TXN102711,2026-03-04,JPMorgan,HSBC,Tokenised Bond,Public Blockchain,EU,68509.75,Settled,44.3,49.5,2.46,16.85,N/A,11.134745946243985,0.12445306137384618,False
TXN102712,2026-04-26,UBS,BNY Mellon,Tokenised Real Estate Fund,Hybrid Network,UK,16227.2,Settled,13.0,21.2,3.26,5.29,N/A,9.694505748628012,-0.983653772788622,False
TXN102713,2026-07-10,HSBC,Standard Chartered,Tokenised Deposit,Permissioned Ledger,MEA,35197.53,Settled,9.8,41.8,3.72,13.09,N/A,10.468759599350522,-0.38795037221530576,False
TXN102714,2026-03-03,BNY Mellon,HSBC,Regulated Stablecoin,Permissioned Ledger,APAC,132888.45,Settled,10.0,27.9,4.49,59.67,N/A,11.797272858555607,0.6341948395607795,False
TXN102715,2026-01-07,Citi,Deutsche Bank,Tokenised Equity,Public Blockchain,MEA,86945.46,Settled,45.3,27.3,3.61,31.39,N/A,11.373047805900152,0.3078002000773264,False
TXN102716,2026-06-04,Deutsche Bank,Standard Chartered,Tokenised Real Estate Fund,Permissioned Ledger,MEA,33509.72,Settled,4.9,16.5,2.02,6.77,N/A,10.419620666624079,-0.42575739028614845,False
TXN102717,2026-04-02,Deutsche Bank,Barclays,Tokenised Deposit,Permissioned Ledger,APAC,88421.97,Settled,8.2,30.3,1.18,10.43,N/A,11.389887056501705,0.32075615610788477,False
TXN102718,2026-01-14,Standard Chartered,BNY Mellon,Tokenised Deposit,Public Blockchain,US,358772.25,Settled,34.0,42.5,1.91,68.53,N/A,12.790445852318365,1.3983325047334614,False
TXN102719,2026-07-18,BNY Mellon,UBS,Regulated Stablecoin,Permissioned Ledger,MEA,57213.84,Settled,5.4,24.3,0.87,4.98,N/A,10.954568584278448,-0.014173652757495464,False
TXN102720,2026-03-27,HSBC,Standard Chartered,Regulated Stablecoin,Public Blockchain,EU,116115.81,Settled,86.8,28.1,3.77,43.78,N/A,11.662351946180092,0.5303879986447837,False
TXN102721,2026-05-13,HSBC,Citi,Tokenised Deposit,Permissioned Ledger,EU,21071.85,Settled,11.5,38.5,0.58,1.22,N/A,9.955740761058653,-0.7826620888486236,False
TXN102722,2026-07-02,Citi,UBS,Tokenised Deposit,Permissioned Ledger,US,51080.55,Settled,11.2,45.7,1.04,5.31,N/A,10.841178654243645,-0.10141476476419696,False
TXN102723,2026-05-10,Standard Chartered,Deutsche Bank,Regulated Stablecoin,Hybrid Network,US,125369.14,Settled,19.5,42.0,4.25,53.28,N/A,11.739025760804031,0.589380087691272,False
TXN102724,2026-03-03,JPMorgan,Barclays,Tokenised Equity,Hybrid Network,UK,13684.12,Settled,1.0,57.0,0.69,0.94,N/A,9.524064390161216,-1.1147897002912868,False
TXN102725,2026-05-29,HSBC,Deutsche Bank,Tokenised Deposit,Permissioned Ledger,MEA,123309.25,Settled,14.4,42.7,4.33,53.39,N/A,11.722458816273113,0.5766336413094192,False
TXN102726,2026-03-20,UBS,HSBC,Tokenised Equity,Permissioned Ledger,US,137995.95,Settled,8.5,51.6,2.02,27.88,N/A,11.834986862445826,0.6632116282350287,False
TXN102727,2026-05-29,Citi,Deutsche Bank,Tokenised Equity,Permissioned Ledger,US,39061.85,Settled,6.0,27.5,1.72,6.72,N/A,10.572927166438618,-0.30780485678012653,False
TXN102728,2026-05-18,BNY Mellon,Citi,Regulated Stablecoin,Hybrid Network,MEA,45753.2,Settled,17.8,41.8,3.53,16.15,N/A,10.731038869768692,-0.18615524631158056,False
TXN102729,2026-02-27,BNY Mellon,Deutsche Bank,Tokenised Deposit,Public Blockchain,UK,15233.77,Settled,84.7,30.4,3.45,5.26,N/A,9.631335594489311,-1.0322562764765908,False
TXN102730,2026-04-30,Standard Chartered,HSBC,Regulated Stablecoin,Hybrid Network,APAC,13939.46,Settled,21.0,30.4,3.49,4.86,N/A,9.542550682335355,-1.1005665264551479,False
TXN102731,2026-06-16,Deutsche Bank,Standard Chartered,Tokenised Equity,Public Blockchain,UK,201321.0,Settled,68.0,45.1,1.24,24.96,N/A,12.212660895273695,0.9537903647228797,False
TXN102732,2026-05-13,Citi,Deutsche Bank,Tokenised Deposit,Hybrid Network,US,40908.66,Settled,13.4,15.3,2.75,11.25,N/A,10.619121499962484,-0.27226338476586925,False
TXN102733,2026-03-06,Deutsche Bank,UBS,Tokenised Real Estate Fund,Permissioned Ledger,US,13694.32,Settled,9.6,35.1,1.96,2.68,N/A,9.524809447616235,-1.1142164603142908,False
TXN102734,2026-01-13,HSBC,JPMorgan,Tokenised Bond,Public Blockchain,MEA,62502.03,Pending,,29.9,3.28,20.5,Pending,11.042970314549375,0.05384178079806874,False
TXN102735,2026-06-30,Barclays,JPMorgan,Regulated Stablecoin,Permissioned Ledger,UK,74442.61,Settled,7.4,33.9,1.85,13.77,N/A,11.217797205012884,0.18835189406852385,False
TXN102736,2026-03-23,UBS,Citi,Tokenised Equity,Permissioned Ledger,MEA,154308.56,Settled,7.6,46.7,4.11,63.42,N/A,11.946715993658165,0.7491749377415728,False
TXN102737,2026-06-22,BNY Mellon,Citi,Tokenised Real Estate Fund,Hybrid Network,UK,72543.92,Settled,23.4,30.3,2.98,21.62,N/A,11.191961235185376,0.16847394955588882,False
TXN102738,2026-06-09,JPMorgan,Deutsche Bank,Tokenised Bond,Permissioned Ledger,APAC,162940.46,Settled,9.3,46.6,0.5,8.15,N/A,12.001146274177993,0.7910530674655175,False
TXN102739,2026-06-13,HSBC,UBS,Tokenised Bond,Permissioned Ledger,US,45652.9,Pending,,29.4,3.33,15.2,Pending,10.728844315013603,-0.1878437154475507,False
TXN102740,2026-07-07,JPMorgan,Barclays,Tokenised Deposit,Hybrid Network,APAC,50506.49,Settled,29.5,30.8,0.58,2.93,N/A,10.82987692109728,-0.11011020859231478,False
TXN102741,2026-05-19,JPMorgan,UBS,Regulated Stablecoin,Hybrid Network,UK,33517.88,Settled,17.5,42.7,2.19,7.34,N/A,10.419864141149969,-0.42557006334823233,False
TXN102742,2026-07-10,Barclays,Deutsche Bank,Tokenised Bond,Public Blockchain,APAC,973072.16,Settled,49.2,14.3,2.93,285.11,N/A,13.788214548475112,2.166006058738426,False
TXN102743,2026-05-29,Standard Chartered,BNY Mellon,Tokenised Bond,Permissioned Ledger,UK,134365.27,Settled,6.7,45.7,0.51,6.85,N/A,11.808324708311728,0.6426980255329298,False
TXN102744,2026-02-21,JPMorgan,Barclays,Tokenised Deposit,Permissioned Ledger,APAC,84565.85,Settled,5.3,44.5,3.86,32.64,N/A,11.345297624831774,0.2864494800085382,False
TXN102745,2026-07-02,BNY Mellon,Deutsche Bank,Tokenised Deposit,Permissioned Ledger,UK,14778.16,Settled,7.4,47.9,0.8,1.18,N/A,9.600973359328242,-1.0556166856209273,False
TXN102746,2026-04-27,HSBC,Barclays,Tokenised Bond,Public Blockchain,APAC,34378.51,Settled,42.7,26.4,3.7,12.72,N/A,10.445216026362905,-0.4060645688412335,False
TXN102747,2026-01-26,Standard Chartered,HSBC,Tokenised Deposit,Public Blockchain,US,30703.01,Settled,54.4,51.8,1.86,5.71,N/A,10.332148543937892,-0.49305759278550004,False
TXN102748,2026-07-15,UBS,JPMorgan,Regulated Stablecoin,Public Blockchain,US,68241.54,Settled,70.3,51.0,2.6,17.74,N/A,11.130823403043781,0.12143509469395582,False
TXN102749,2026-02-03,BNY Mellon,UBS,Tokenised Deposit,Permissioned Ledger,EU,33087.0,Settled,11.5,49.8,1.82,6.02,N/A,10.4069259578681,-0.4355245760330028,False
TXN102750,2026-02-21,HSBC,JPMorgan,Tokenised Equity,Permissioned Ledger,MEA,7554.63,Settled,12.3,38.2,3.23,2.44,N/A,8.930048259714662,-1.5718199476348507,False
TXN102751,2026-04-22,HSBC,Barclays,Regulated Stablecoin,Public Blockchain,US,18834.52,Settled,88.4,48.2,3.12,5.88,N/A,9.84349972792131,-0.8690192507295539,False
TXN102752,2026-03-23,Barclays,Citi,Regulated Stablecoin,Permissioned Ledger,EU,43343.15,Settled,10.9,24.6,1.82,7.89,N/A,10.676927025005488,-0.22778837465399146,False
TXN102753,2026-06-29,Citi,Standard Chartered,Tokenised Bond,Permissioned Ledger,US,14604.46,Settled,10.1,53.3,3.62,5.29,N/A,9.589150710388843,-1.0647129170060372,False
TXN102754,2026-06-06,Citi,Standard Chartered,Tokenised Deposit,Permissioned Ledger,US,5567.67,Settled,8.1,11.3,3.44,1.92,N/A,8.624911525234896,-1.8065891905644276,False
TXN102755,2026-06-15,Deutsche Bank,UBS,Regulated Stablecoin,Public Blockchain,APAC,19409.72,Settled,54.8,29.9,4.44,8.62,N/A,9.873580769756378,-0.8458751890019741,False
TXN102756,2026-02-11,BNY Mellon,Deutsche Bank,Tokenised Equity,Hybrid Network,EU,93900.5,Failed,,45.0,0.96,9.01,Failed,11.450001639509658,0.36700773301443496,False
TXN102757,2026-01-21,Deutsche Bank,JPMorgan,Tokenised Deposit,Permissioned Ledger,MEA,84535.47,Settled,8.5,31.1,0.73,6.17,N/A,11.344938317866934,0.28617303271595385,False
TXN102758,2026-02-11,HSBC,BNY Mellon,Tokenised Deposit,Permissioned Ledger,MEA,435004.45,Settled,12.7,46.6,3.59,156.17,N/A,12.98311383872797,1.5465693841221948,False
TXN102759,2026-05-21,Deutsche Bank,Citi,Tokenised Real Estate Fund,Public Blockchain,UK,17761.42,Settled,58.5,41.8,2.89,5.13,N/A,9.7848402685247,-0.9141512696478257,False
TXN102760,2026-04-23,Standard Chartered,BNY Mellon,Tokenised Deposit,Public Blockchain,EU,74945.45,Settled,84.9,7.9,1.27,9.52,N/A,11.22452913749905,0.19353137760702652,False
TXN102761,2026-04-15,BNY Mellon,HSBC,Tokenised Deposit,Public Blockchain,UK,30785.47,Settled,41.6,43.4,2.54,7.82,N/A,10.334830586733144,-0.4909940550812655,False
TXN102762,2026-07-11,Deutsche Bank,BNY Mellon,Tokenised Bond,Permissioned Ledger,US,45560.08,Failed,,60.1,2.5,11.39,Failed,10.72680912228455,-0.18940957298689373,False
TXN102763,2026-01-17,UBS,Standard Chartered,Tokenised Real Estate Fund,Hybrid Network,APAC,20541.97,Settled,1.0,22.7,3.64,7.48,N/A,9.930274068939987,-0.8022559146749807,False
TXN102764,2026-04-30,JPMorgan,UBS,Tokenised Deposit,Hybrid Network,APAC,60455.83,Settled,27.0,27.7,3.76,22.73,N/A,11.0096848355993,0.028232256245148114,False
TXN102765,2026-05-17,BNY Mellon,HSBC,Tokenised Deposit,Hybrid Network,MEA,40218.03,Settled,1.0,40.6,3.68,14.8,N/A,10.602095545681266,-0.2853629887960755,False
TXN102766,2026-06-18,Standard Chartered,HSBC,Tokenised Equity,Permissioned Ledger,US,21712.68,Settled,10.4,45.5,2.18,4.73,N/A,9.985697755647193,-0.7596134678689582,False
TXN102767,2026-05-09,HSBC,Deutsche Bank,Tokenised Real Estate Fund,Permissioned Ledger,MEA,33218.54,Settled,5.1,21.5,2.2,7.31,N/A,10.410893535991342,-0.43247195992027765,False
TXN102768,2026-05-10,Barclays,Deutsche Bank,Regulated Stablecoin,Permissioned Ledger,EU,105182.87,Settled,8.1,22.7,2.5,26.3,N/A,11.563465240533763,0.454305526765515,False
TXN102769,2026-03-01,HSBC,Deutsche Bank,Tokenised Real Estate Fund,Public Blockchain,US,385082.23,Settled,76.4,53.1,3.24,124.77,N/A,12.861214771724182,1.452781424691178,False
TXN102770,2026-02-17,BNY Mellon,UBS,Regulated Stablecoin,Permissioned Ledger,EU,42547.05,Settled,4.7,21.5,0.87,3.7,N/A,10.658389304514232,-0.2420511169383392,False
TXN102771,2026-01-29,Barclays,Citi,Tokenised Deposit,Permissioned Ledger,APAC,10598.68,Settled,9.1,42.1,3.66,3.88,N/A,9.268579090965225,-1.3113576106549494,False
TXN102772,2026-04-07,Deutsche Bank,Standard Chartered,Regulated Stablecoin,Permissioned Ledger,APAC,66634.48,Settled,5.0,44.4,2.38,15.86,N/A,11.106992447409509,0.10309978864801175,False
TXN102773,2026-01-10,Deutsche Bank,HSBC,Tokenised Bond,Public Blockchain,US,12597.08,Settled,81.0,20.1,1.1,1.39,N/A,9.441299700376032,-1.1784680495903208,False
TXN102774,2026-02-27,Barclays,Standard Chartered,Regulated Stablecoin,Hybrid Network,MEA,61237.93,Settled,24.6,25.1,0.95,5.82,N/A,11.022538377378613,0.03812164657908397,False
TXN102775,2026-07-07,Standard Chartered,Deutsche Bank,Regulated Stablecoin,Permissioned Ledger,UK,148133.79,Settled,8.4,47.3,4.24,62.81,N/A,11.905877881514503,0.7177544904886822,False
TXN102776,2026-01-21,BNY Mellon,Deutsche Bank,Tokenised Deposit,Public Blockchain,EU,14495.04,Settled,89.3,42.0,2.91,4.22,N/A,9.581630787660853,-1.0704986725911494,False
TXN102777,2026-01-28,UBS,Standard Chartered,Tokenised Bond,Permissioned Ledger,MEA,31759.42,Settled,7.2,49.3,3.38,10.73,N/A,10.365976139454993,-0.4670309690057781,False
TXN102778,2026-02-03,Barclays,BNY Mellon,Regulated Stablecoin,Permissioned Ledger,MEA,178066.23,Settled,9.7,35.6,2.8,49.86,N/A,12.089916454594018,0.8593519829878447,False
TXN102779,2026-01-08,Citi,JPMorgan,Tokenised Bond,Public Blockchain,UK,886760.12,Settled,52.1,40.6,2.07,183.56,N/A,13.695330912732036,2.0945422905981315,False
TXN102780,2026-07-06,Standard Chartered,BNY Mellon,Tokenised Equity,Permissioned Ledger,UK,387109.19,Settled,4.5,20.9,3.43,132.78,N/A,12.86646466016657,1.4568206379218818,False
TXN102781,2026-07-19,Standard Chartered,UBS,Tokenised Deposit,Permissioned Ledger,APAC,10979.31,Settled,11.7,19.1,1.46,1.6,N/A,9.303858947816158,-1.2842136310954955,False
TXN102782,2026-06-26,UBS,JPMorgan,Tokenised Deposit,Permissioned Ledger,APAC,86876.56,Failed,,40.1,4.02,34.92,Failed,11.37225505005883,0.30719026142470174,False
TXN102783,2026-03-20,Standard Chartered,Deutsche Bank,Tokenised Deposit,Permissioned Ledger,EU,149680.74,Settled,10.4,36.2,3.95,59.12,N/A,11.916266585679976,0.7257474586775361,False
TXN102784,2026-05-25,Standard Chartered,JPMorgan,Tokenised Deposit,Public Blockchain,UK,138819.75,Settled,102.8,44.5,1.71,23.74,N/A,11.84093881155871,0.6677910001338906,False
TXN102785,2026-07-07,BNY Mellon,Barclays,Tokenised Deposit,Permissioned Ledger,APAC,21504.98,Settled,7.3,36.3,2.07,4.45,N/A,9.976086314977008,-0.7670084170659103,False
TXN102786,2026-03-28,Standard Chartered,Citi,Tokenised Real Estate Fund,Hybrid Network,EU,192187.67,Settled,20.4,44.2,0.82,15.76,N/A,12.166232824769322,0.918069057743646,False
TXN102787,2026-03-29,UBS,BNY Mellon,Tokenised Bond,Public Blockchain,EU,64182.63,Settled,49.5,44.4,1.42,9.11,N/A,11.06950347274032,0.07425613527308535,False
TXN102788,2026-06-22,BNY Mellon,HSBC,Tokenised Equity,Permissioned Ledger,EU,39516.19,Settled,8.8,2.0,1.79,7.07,N/A,10.584491046094982,-0.2989077199706827,False
TXN102789,2026-03-10,BNY Mellon,UBS,Tokenised Real Estate Fund,Public Blockchain,MEA,5631.08,Settled,53.0,29.9,1.11,0.63,N/A,8.63623410228245,-1.7978777096409728,False
TXN102790,2026-06-09,UBS,Standard Chartered,Tokenised Deposit,Hybrid Network,APAC,1022996.05,Settled,41.4,41.1,0.85,86.95,N/A,13.838247161254142,2.2045006655708272,False
TXN102791,2026-06-21,JPMorgan,Deutsche Bank,Tokenised Real Estate Fund,Hybrid Network,US,34163.37,Settled,16.5,35.7,3.42,11.68,N/A,10.438938567120962,-0.41089438507514214,False
TXN102792,2026-07-12,HSBC,Deutsche Bank,Tokenised Bond,Public Blockchain,UK,80127.91,Settled,59.3,39.2,3.47,27.8,N/A,11.291391991784302,0.24497500895944874,False
TXN102793,2026-03-28,JPMorgan,Citi,Tokenised Deposit,Hybrid Network,EU,5706.99,Settled,8.8,44.7,2.21,1.26,N/A,8.649622226668072,-1.7875770166365124,False
TXN102794,2026-04-11,Deutsche Bank,BNY Mellon,Tokenised Deposit,Permissioned Ledger,MEA,59840.4,Settled,12.6,42.9,1.13,6.76,N/A,10.999453008096609,0.020359987438548006,False
TXN102795,2026-01-08,Deutsche Bank,HSBC,Tokenised Deposit,Public Blockchain,APAC,12230.39,Pending,,40.1,2.38,2.91,Pending,9.411760877169836,-1.2011949335657044,False
TXN102796,2026-03-18,Deutsche Bank,JPMorgan,Tokenised Deposit,Public Blockchain,EU,31847.79,Settled,78.7,23.1,3.84,12.23,N/A,10.368754669697802,-0.4648931947955594,False
TXN102797,2026-07-19,Citi,Barclays,Tokenised Bond,Permissioned Ledger,UK,31502.94,Settled,3.1,34.6,2.98,9.39,N/A,10.357867896357032,-0.4732693725753869,False
TXN102798,2026-03-28,HSBC,Barclays,Tokenised Bond,Permissioned Ledger,APAC,299165.11,Settled,6.9,32.5,4.22,126.25,N/A,12.608754249950497,1.258540748728434,False
TXN102799,2026-02-12,Barclays,JPMorgan,Tokenised Bond,Permissioned Ledger,APAC,72027.37,Settled,4.3,39.8,1.86,13.4,N/A,11.184815348167412,0.16297597341700135,False
TXN102800,2026-05-09,JPMorgan,HSBC,Tokenised Deposit,Permissioned Ledger,APAC,10683.46,Settled,10.0,37.3,0.69,0.74,N/A,9.276545628338576,-1.3052282340949608,False
TXN102801,2026-04-19,BNY Mellon,JPMorgan,Regulated Stablecoin,Public Blockchain,APAC,28575.49,Pending,,34.3,2.01,5.74,Pending,10.260339630785651,-0.5483066738412105,False
TXN102802,2026-06-28,Deutsche Bank,Citi,Tokenised Real Estate Fund,Permissioned Ledger,US,79578.2,Settled,10.9,30.5,3.62,28.81,N/A,11.28450803115331,0.2396785564413658,False
TXN102803,2026-06-01,Barclays,JPMorgan,Tokenised Real Estate Fund,Hybrid Network,UK,67493.03,Settled,16.6,63.0,3.35,22.61,N/A,11.119794428504736,0.11294950869187849,False
TXN102804,2026-06-01,JPMorgan,Deutsche Bank,Tokenised Deposit,Permissioned Ledger,US,104903.97,Settled,7.6,48.5,3.53,37.03,N/A,11.560810171717737,0.4522627425791829,False
TXN102805,2026-01-17,Barclays,UBS,Tokenised Deposit,Permissioned Ledger,MEA,172137.08,Settled,6.3,52.6,3.34,57.49,N/A,12.056052224429168,0.833297172865591,False
TXN102806,2026-05-13,UBS,HSBC,Regulated Stablecoin,Public Blockchain,EU,420622.88,Settled,41.1,31.8,4.42,185.92,N/A,12.949494316673276,1.5207028500456226,False
TXN102807,2026-05-28,Standard Chartered,HSBC,Tokenised Deposit,Hybrid Network,MEA,8958.65,Settled,25.2,46.3,3.23,2.89,N/A,9.100486442706016,-1.4406864633121808,False
TXN102808,2026-01-21,Deutsche Bank,HSBC,Regulated Stablecoin,Permissioned Ledger,MEA,149130.06,Settled,5.7,28.8,3.8,56.67,N/A,11.91258079562401,0.7229116475697327,False
TXN102809,2026-02-27,Deutsche Bank,Citi,Tokenised Equity,Public Blockchain,US,370731.79,Settled,68.2,36.1,0.75,27.8,N/A,12.82323683950267,1.4235615721195878,False
TXN102810,2026-06-08,Barclays,HSBC,Tokenised Deposit,Public Blockchain,APAC,71934.85,Settled,27.0,35.3,2.79,20.07,N/A,11.183530028624302,0.1619870610313036,False
TXN102811,2026-04-20,JPMorgan,Standard Chartered,Tokenised Deposit,Permissioned Ledger,EU,36210.58,Settled,2.4,29.8,4.35,15.75,N/A,10.497134236162887,-0.3661192019558541,False
TXN102812,2026-05-19,HSBC,Barclays,Tokenised Deposit,Permissioned Ledger,EU,127573.21,Settled,4.0,39.3,4.41,56.26,N/A,11.756453513477178,0.6027888315057925,False
TXN102813,2026-06-29,BNY Mellon,Standard Chartered,Tokenised Deposit,Permissioned Ledger,MEA,184569.42,Pending,,19.0,1.73,31.93,Pending,12.125786349858156,0.8869499323775909,False
TXN102814,2026-05-23,Standard Chartered,Barclays,Tokenised Equity,Public Blockchain,US,29151.44,Settled,66.3,33.3,1.71,4.98,N/A,10.280293893249844,-0.5329540579068373,False
TXN102815,2026-05-15,Deutsche Bank,JPMorgan,Tokenised Equity,Public Blockchain,MEA,75714.82,Settled,40.9,21.3,0.99,7.5,N/A,11.23474240041862,0.20138936300349455,False
TXN102816,2026-01-28,UBS,Standard Chartered,Tokenised Bond,Public Blockchain,US,59339.34,Settled,83.6,43.6,1.03,6.11,N/A,10.991044623521692,0.013890657928682321,False
TXN102817,2026-02-20,BNY Mellon,Standard Chartered,Tokenised Deposit,Permissioned Ledger,UK,3974.6,Settled,12.6,29.3,0.8,0.32,N/A,8.28793095909385,-2.065858768610462,False
TXN102818,2026-07-05,Standard Chartered,Deutsche Bank,Tokenised Deposit,Permissioned Ledger,APAC,252739.54,Settled,9.5,32.8,1.01,25.53,N/A,12.44011870789344,1.1287941988505477,False
TXN102819,2026-01-05,Barclays,Deutsche Bank,Tokenised Deposit,Public Blockchain,APAC,112935.0,Settled,63.1,29.1,3.68,41.56,N/A,11.634576565564036,0.5090178902885092,False
TXN102820,2026-01-05,UBS,Deutsche Bank,Tokenised Deposit,Permissioned Ledger,UK,60113.08,Settled,4.9,49.8,3.36,20.2,N/A,11.003999369291236,0.02385791363077407,False
TXN102821,2026-04-04,Deutsche Bank,JPMorgan,Tokenised Deposit,Permissioned Ledger,US,534826.85,Settled,6.8,43.9,0.88,47.06,N/A,13.1897001983963,1.7055149248536319,False
TXN102822,2026-04-06,Barclays,JPMorgan,Tokenised Deposit,Permissioned Ledger,APAC,11218.99,Settled,8.0,50.7,1.56,1.75,N/A,9.325452287810693,-1.267599924812373,False
TXN102823,2026-01-08,Deutsche Bank,Citi,Tokenised Bond,Hybrid Network,MEA,439994.97,Settled,17.3,34.1,4.2,184.8,N/A,12.99452084676159,1.5553458254271408,False
TXN102824,2026-03-05,JPMorgan,BNY Mellon,Tokenised Deposit,Permissioned Ledger,MEA,4741.0,Settled,5.5,43.1,2.13,1.01,N/A,8.464214266625351,-1.9302281021787326,False
TXN102825,2026-05-18,UBS,Deutsche Bank,Tokenised Equity,Public Blockchain,APAC,17456.0,Settled,74.8,52.2,2.9,5.06,N/A,9.76749599332478,-0.9274957867043839,False
TXN102826,2026-02-07,Standard Chartered,Citi,Regulated Stablecoin,Permissioned Ledger,US,8262.55,Settled,9.3,35.1,3.07,2.54,N/A,9.019609556267483,-1.5029123550326513,False
TXN102827,2026-04-21,BNY Mellon,HSBC,Tokenised Equity,Hybrid Network,UK,301292.03,Settled,17.2,30.5,2.33,70.2,N/A,12.615838591760875,1.2639913725817449,False
TXN102828,2026-04-22,HSBC,Citi,Tokenised Equity,Public Blockchain,APAC,23708.49,Settled,69.3,46.0,0.81,1.92,N/A,10.07363066891668,-0.6919587375656207,False
TXN102829,2026-03-22,Barclays,Citi,Tokenised Deposit,Hybrid Network,EU,4835.9,Settled,14.6,17.3,0.8,0.39,N/A,8.484029298637804,-1.9149826088030497,False
TXN102830,2026-05-16,JPMorgan,HSBC,Regulated Stablecoin,Permissioned Ledger,EU,219669.45,Settled,10.2,55.4,3.38,74.25,N/A,12.29988374773347,1.0208987811285661,False
TXN102831,2026-04-14,Deutsche Bank,Citi,Tokenised Deposit,Permissioned Ledger,UK,14963.38,Settled,6.5,38.0,3.77,5.64,N/A,9.613427989425212,-1.0460342140649583,False
TXN102832,2026-06-02,BNY Mellon,JPMorgan,Regulated Stablecoin,Hybrid Network,EU,29465.23,Settled,25.4,39.2,1.38,4.07,N/A,10.291000140843298,-0.5247167748854497,False
TXN102833,2026-03-14,Citi,Barclays,Tokenised Equity,Hybrid Network,US,1064158.14,Settled,14.9,28.8,2.41,256.46,N/A,13.87769550536877,2.234851838786358,False
TXN102834,2026-07-13,UBS,Barclays,Tokenised Deposit,Permissioned Ledger,UK,65507.55,Settled,8.6,28.3,4.41,28.89,N/A,11.089935947455622,0.08997668307362267,False
TXN102835,2026-06-27,UBS,Citi,Tokenised Deposit,Public Blockchain,APAC,12279.37,Settled,52.5,46.4,3.14,3.86,N/A,9.415757331540386,-1.1981201003484714,False
TXN102836,2026-07-14,Standard Chartered,HSBC,Tokenised Bond,Permissioned Ledger,US,106599.26,Settled,6.0,50.3,2.42,25.8,N/A,11.576841229735297,0.4645968830770795,False
TXN102837,2026-02-18,Barclays,JPMorgan,Tokenised Deposit,Hybrid Network,US,349062.15,Pending,,42.7,4.24,148.0,Pending,12.763008130374631,1.377222187683549,False
TXN102838,2026-02-05,BNY Mellon,Deutsche Bank,Tokenised Bond,Permissioned Ledger,EU,40249.63,Settled,10.2,18.1,3.69,14.85,N/A,10.602880934898128,-0.2847587179528351,False
TXN102839,2026-05-06,JPMorgan,UBS,Tokenised Equity,Permissioned Ledger,UK,107777.26,Settled,3.6,29.9,1.74,18.75,N/A,11.58783124736014,0.47305249600734867,False
TXN102840,2026-03-09,UBS,Barclays,Tokenised Bond,Permissioned Ledger,MEA,157295.86,Settled,5.1,41.8,3.35,52.69,N/A,11.965890126990804,0.7639273298913055,False
TXN102841,2026-03-19,Barclays,BNY Mellon,Tokenised Deposit,Public Blockchain,EU,44343.72,Settled,65.0,24.7,4.44,19.69,N/A,10.699748927662757,-0.2102294241782508,False
TXN102842,2026-04-15,Deutsche Bank,Citi,Tokenised Deposit,Hybrid Network,EU,431004.68,Settled,30.9,55.0,1.71,73.7,N/A,12.97387654765334,1.539462301993888,False
TXN102843,2026-06-18,HSBC,Deutsche Bank,Regulated Stablecoin,Permissioned Ledger,APAC,36707.96,Settled,2.5,25.4,2.91,10.68,N/A,10.510776145934303,-0.35562324893790914,False
TXN102844,2026-05-02,JPMorgan,Deutsche Bank,Tokenised Deposit,Permissioned Ledger,MEA,26883.27,Settled,11.9,25.2,1.46,3.92,N/A,10.199296636187766,-0.5952725616171712,False
TXN102845,2026-04-29,HSBC,UBS,Tokenised Deposit,Permissioned Ledger,APAC,43895.47,Settled,10.1,34.3,4.11,18.04,N/A,10.689589185807424,-0.21804623098718165,False
TXN102846,2026-07-09,JPMorgan,Citi,Tokenised Deposit,Permissioned Ledger,UK,70116.61,Settled,6.3,11.8,3.03,21.25,N/A,11.157929254027586,0.14229007344726552,False
TXN102847,2026-04-24,Citi,Standard Chartered,Tokenised Real Estate Fund,Permissioned Ledger,MEA,279542.35,Settled,3.7,21.7,2.22,62.06,N/A,12.540912657940762,1.2063440860669643,False
TXN102848,2026-01-10,Barclays,Deutsche Bank,Tokenised Bond,Public Blockchain,MEA,345038.87,Settled,24.4,47.1,0.94,32.43,N/A,12.751415254553743,1.3683027415064553,False
TXN102849,2026-05-29,Citi,Deutsche Bank,Regulated Stablecoin,Permissioned Ledger,APAC,43291.32,Settled,6.6,30.4,2.2,9.52,N/A,10.675730531053615,-0.22870894549161952,False
TXN102850,2026-06-13,HSBC,Citi,Tokenised Equity,Hybrid Network,EU,90858.72,Settled,19.7,27.0,3.59,32.62,N/A,11.417072057644548,0.3416720322256069,False
TXN102851,2026-05-20,JPMorgan,Deutsche Bank,Tokenised Deposit,Public Blockchain,US,45366.97,Settled,91.5,29.9,3.19,14.47,N/A,10.722561628434608,-0.19267755354386917,False
TXN102852,2026-04-01,Deutsche Bank,JPMorgan,Tokenised Deposit,Permissioned Ledger,US,119118.41,Settled,8.5,17.4,0.65,7.74,N/A,11.687881714357042,0.5500303545783911,False
TXN102853,2026-01-02,Citi,BNY Mellon,Tokenised Deposit,Permissioned Ledger,MEA,19434.06,Settled,13.1,49.9,2.81,5.46,N/A,9.874833930495347,-0.8449110192881624,False
TXN102854,2026-04-28,Citi,Standard Chartered,Tokenised Deposit,Hybrid Network,MEA,63684.03,Settled,35.0,50.5,2.11,13.44,N/A,11.061704806092289,0.06825591682039674,False
TXN102855,2026-01-13,Deutsche Bank,Citi,Tokenised Deposit,Permissioned Ledger,MEA,4096.14,Settled,7.5,25.7,1.44,0.59,N/A,8.31804444830793,-2.0426897421842907,False
TXN102856,2026-06-30,UBS,Barclays,Tokenised Bond,Public Blockchain,UK,33417.62,Settled,72.5,20.9,3.18,10.63,N/A,10.416868508657682,-0.4278748739227715,False
TXN102857,2026-06-09,Standard Chartered,HSBC,Regulated Stablecoin,Hybrid Network,US,127211.32,Settled,30.6,23.0,0.97,12.34,N/A,11.753612780543895,0.6006031991490427,False
TXN102858,2026-04-05,HSBC,Deutsche Bank,Tokenised Equity,Permissioned Ledger,MEA,88441.41,Settled,6.4,27.1,1.85,16.36,N/A,11.390106884713177,0.3209252898009155,False
TXN102859,2026-05-24,Barclays,UBS,Tokenised Deposit,Public Blockchain,EU,80142.51,Settled,11.4,41.1,2.31,18.51,N/A,11.291574181583899,0.24511518402356816,False
TXN102860,2026-02-01,Deutsche Bank,BNY Mellon,Tokenised Real Estate Fund,Permissioned Ledger,APAC,22668.89,Failed,,40.1,1.97,4.47,Failed,10.028792891262189,-0.7264564886559197,False
TXN102861,2026-02-01,BNY Mellon,Deutsche Bank,Tokenised Equity,Public Blockchain,UK,191578.84,Settled,79.1,26.0,1.09,20.88,N/A,12.163059919776288,0.9156278554270119,False
TXN102862,2026-05-04,Deutsche Bank,JPMorgan,Tokenised Real Estate Fund,Permissioned Ledger,MEA,121366.98,Settled,3.6,23.6,3.31,40.17,N/A,11.706582366639832,0.5644184550023048,False
TXN102863,2026-01-11,HSBC,BNY Mellon,Tokenised Bond,Permissioned Ledger,EU,3071.1,Settled,9.2,45.4,2.03,0.62,N/A,8.030116645821089,-2.26421859980761,False
TXN102864,2026-01-10,Citi,HSBC,Tokenised Deposit,Hybrid Network,EU,17833.66,Settled,29.6,21.2,1.83,3.26,N/A,9.788899033972367,-0.9110284948924294,False
TXN102865,2026-01-15,Deutsche Bank,HSBC,Regulated Stablecoin,Public Blockchain,APAC,444982.72,Pending,,52.6,2.95,131.27,Pending,13.005792976209493,1.5640184924568914,False
TXN102866,2026-01-17,HSBC,Barclays,Tokenised Bond,Hybrid Network,US,21851.12,Settled,20.4,40.0,1.81,3.96,N/A,9.992053220988723,-0.754723634498879,False
TXN102867,2026-06-17,HSBC,UBS,Tokenised Deposit,Public Blockchain,US,18156.62,Settled,76.3,38.0,4.13,7.5,N/A,9.806845586297808,-0.8972205916590704,False
TXN102868,2026-05-26,BNY Mellon,Standard Chartered,Tokenised Deposit,Permissioned Ledger,EU,60038.23,Settled,9.9,45.8,1.66,9.97,N/A,11.002753460881683,0.022899323788849568,False
TXN102869,2026-07-02,BNY Mellon,Deutsche Bank,Tokenised Deposit,Public Blockchain,MEA,60253.6,Settled,68.1,38.7,2.05,12.35,N/A,11.006334196986217,0.025654307405702882,False
TXN102870,2026-06-02,Citi,UBS,Tokenised Bond,Permissioned Ledger,MEA,202936.9,Settled,11.9,34.2,3.05,61.9,N/A,12.22065529989346,0.9599411820718786,False
TXN102871,2026-02-28,Barclays,Standard Chartered,Tokenised Equity,Public Blockchain,MEA,10500.51,Settled,53.4,20.3,3.0,3.15,N/A,9.259274335329826,-1.3185165993617398,False
TXN102872,2026-03-19,Standard Chartered,Citi,Tokenised Equity,Permissioned Ledger,US,62294.61,Settled,1.0,39.1,1.5,9.34,N/A,11.039646236803168,0.05128426763189241,False
TXN102873,2026-05-04,HSBC,Barclays,Tokenised Real Estate Fund,Permissioned Ledger,EU,97297.39,Settled,11.2,12.5,2.33,22.67,N/A,11.485537721274607,0.39434884953671945,False
TXN102874,2026-04-24,Citi,Standard Chartered,Tokenised Bond,Public Blockchain,US,35042.88,Settled,74.8,47.0,4.11,14.4,N/A,10.464356269513756,-0.3913382514685501,False
TXN102875,2026-01-22,UBS,HSBC,Tokenised Deposit,Hybrid Network,US,123631.48,Settled,21.0,54.6,1.96,24.23,N/A,11.725068572655799,0.578641562549182,False
TXN102876,2026-06-07,JPMorgan,Citi,Regulated Stablecoin,Permissioned Ledger,US,34706.32,Settled,4.6,47.6,1.83,6.35,N/A,10.454705894696561,-0.3987631562204548,False
TXN102877,2026-06-21,Standard Chartered,JPMorgan,Regulated Stablecoin,Public Blockchain,MEA,23272.87,Settled,78.0,18.3,3.4,7.91,N/A,10.055086551020386,-0.7062264019513338,False
TXN102878,2026-02-01,Deutsche Bank,Standard Chartered,Tokenised Deposit,Public Blockchain,US,16009.9,Settled,91.5,48.9,3.71,5.94,N/A,9.681025019276474,-0.9940257151553615,False
TXN102879,2026-06-28,HSBC,BNY Mellon,Tokenised Deposit,Public Blockchain,MEA,93100.05,Settled,66.1,33.1,3.32,30.91,N/A,11.441440741397049,0.3604210610684264,False
TXN102880,2026-06-23,BNY Mellon,HSBC,Tokenised Deposit,Permissioned Ledger,US,399801.57,Settled,11.5,38.5,2.5,99.95,N/A,12.898726129241883,1.4816422992125817,False
TXN102881,2026-04-23,Standard Chartered,Citi,Regulated Stablecoin,Hybrid Network,EU,3269.4,Pending,,41.4,1.23,0.4,Pending,8.09266758056933,-2.216092517510705,False
TXN102882,2026-04-30,Citi,Barclays,Tokenised Bond,Hybrid Network,EU,9388.87,Settled,23.7,40.0,1.18,1.11,N/A,9.14738672759103,-1.4046018391701263,False
TXN102883,2026-05-29,JPMorgan,BNY Mellon,Regulated Stablecoin,Public Blockchain,APAC,152727.22,Settled,104.5,52.1,3.15,48.11,N/A,11.93641528094279,0.74124966932069,False
TXN102884,2026-05-02,JPMorgan,Barclays,Tokenised Deposit,Permissioned Ledger,US,678979.8,Failed,,37.8,1.08,73.33,Failed,13.428348129263274,1.889128327388962,False
TXN102885,2026-02-01,HSBC,JPMorgan,Tokenised Bond,Permissioned Ledger,MEA,51432.08,Settled,3.0,42.2,3.14,16.15,N/A,10.848036824201149,-0.0961381553400628,False
TXN102886,2026-04-29,Barclays,JPMorgan,Regulated Stablecoin,Public Blockchain,APAC,5504.55,Failed,,36.7,0.84,0.46,Failed,8.61351195333967,-1.8153599105766431,False
TXN102887,2026-02-08,JPMorgan,UBS,Regulated Stablecoin,Permissioned Ledger,EU,11236.93,Settled,8.4,45.4,3.41,3.83,N/A,9.327049942786397,-1.2663707045752612,False
TXN102888,2026-01-12,UBS,Barclays,Tokenised Equity,Hybrid Network,MEA,132413.77,Settled,26.6,2.7,1.35,17.88,N/A,11.793694472154387,0.6314416637828578,False
TXN102889,2026-06-24,Barclays,BNY Mellon,Tokenised Equity,Permissioned Ledger,EU,615497.44,Settled,5.8,26.8,3.95,243.12,N/A,13.330187690078656,1.8136046378787578,False
TXN102890,2026-01-18,Standard Chartered,Citi,Regulated Stablecoin,Permissioned Ledger,APAC,145265.66,Settled,13.6,33.8,1.28,18.59,N/A,11.886326366931934,0.7027117448667828,False
TXN102891,2026-05-29,Deutsche Bank,BNY Mellon,Tokenised Deposit,Public Blockchain,MEA,53091.31,Settled,90.2,24.6,3.14,16.67,N/A,10.879787375650164,-0.07170958911387428,False
TXN102892,2026-05-21,BNY Mellon,Barclays,Tokenised Deposit,Permissioned Ledger,US,213715.2,Settled,13.9,50.3,3.11,66.47,N/A,12.272404245640383,0.9997563188371126,False
TXN102893,2026-05-29,Citi,JPMorgan,Tokenised Deposit,Hybrid Network,EU,18524.63,Settled,32.7,22.2,2.01,3.72,N/A,9.82691045768319,-0.881782874293913,False
TXN102894,2026-05-06,JPMorgan,Barclays,Regulated Stablecoin,Public Blockchain,APAC,981725.55,Pending,,45.5,1.16,113.88,Pending,13.79706808623698,2.172817884791247,False
TXN102895,2026-05-16,UBS,Citi,Tokenised Deposit,Hybrid Network,UK,29466.37,Pending,,34.4,3.59,10.58,Pending,10.29103882845105,-0.5246870090154105,False
TXN102896,2026-02-15,Deutsche Bank,Standard Chartered,Tokenised Equity,Permissioned Ledger,US,17301.47,Settled,2.4,43.3,3.38,5.85,N/A,9.758604544861026,-0.9343367808834088,False
TXN102897,2026-04-14,JPMorgan,UBS,Tokenised Deposit,Public Blockchain,APAC,1447853.18,Settled,54.5,38.9,1.93,279.44,N/A,14.185593142436879,2.47174529337984,False
TXN102898,2026-05-15,Barclays,HSBC,Tokenised Bond,Hybrid Network,APAC,14060.84,Settled,27.4,32.8,0.94,1.32,N/A,9.55122002451204,-1.0938964186984148,False
TXN102899,2026-05-31,Standard Chartered,Deutsche Bank,Tokenised Real Estate Fund,Permissioned Ledger,EU,7120.05,Settled,12.3,42.2,2.94,2.09,N/A,8.87081046544322,-1.6173969317945422,False
TXN102900,2026-03-27,Citi,Standard Chartered,Tokenised Bond,Permissioned Ledger,APAC,27031.31,Settled,8.7,46.2,1.62,4.38,N/A,10.204788096218278,-0.5910474855504058,False
TXN102901,2026-05-30,Barclays,Standard Chartered,Tokenised Bond,Hybrid Network,US,17408.08,Settled,21.1,24.9,4.22,7.35,N/A,9.764747188172418,-0.9296106907184187,False
TXN102902,2026-03-30,BNY Mellon,Deutsche Bank,Tokenised Deposit,Hybrid Network,UK,307543.54,Settled,30.9,22.6,2.24,68.89,N/A,12.636375201268065,1.2797920406807965,False
TXN102903,2026-01-22,Barclays,Citi,Tokenised Equity,Public Blockchain,US,37770.12,Settled,51.3,33.5,2.42,9.14,N/A,10.539300068430743,-0.33367721972157033,False
TXN102904,2026-04-02,JPMorgan,Standard Chartered,Tokenised Deposit,Permissioned Ledger,EU,118654.79,Settled,11.0,13.8,1.0,11.87,N/A,11.683982059661899,0.5470299980922197,False
TXN102905,2026-01-29,BNY Mellon,Barclays,Tokenised Bond,Public Blockchain,EU,39726.05,Settled,71.0,46.8,0.81,3.22,N/A,10.589787594856318,-0.2948326067433011,False
TXN102906,2026-01-13,UBS,BNY Mellon,Regulated Stablecoin,Hybrid Network,EU,248056.11,Settled,33.4,39.3,0.88,21.83,N/A,12.421414280894295,1.114403194196495,False
TXN102907,2026-01-02,JPMorgan,Barclays,Tokenised Bond,Permissioned Ledger,MEA,40465.92,Settled,6.9,30.0,2.98,12.06,N/A,10.60824012921637,-0.28063540584178687,False
TXN102908,2026-01-29,UBS,BNY Mellon,Tokenised Deposit,Public Blockchain,APAC,174467.68,Settled,107.4,32.9,4.14,72.23,N/A,12.069500520274707,0.8436441612074993,False
TXN102909,2026-06-29,Standard Chartered,JPMorgan,Tokenised Bond,Public Blockchain,US,6715.48,Settled,35.8,28.0,3.49,2.34,N/A,8.812319486757252,-1.6623993232887249,False
TXN102910,2026-01-27,UBS,BNY Mellon,Tokenised Deposit,Permissioned Ledger,APAC,289219.34,Settled,14.4,48.8,0.82,23.72,N/A,12.574944098743778,1.232527546431867,False
TXN102911,2026-02-19,UBS,BNY Mellon,Tokenised Deposit,Permissioned Ledger,UK,24211.9,Settled,10.4,60.1,3.64,8.81,N/A,10.094640827971151,-0.6757937250394893,False
TXN102912,2026-04-05,HSBC,BNY Mellon,Regulated Stablecoin,Permissioned Ledger,MEA,32398.4,Settled,9.5,24.8,2.53,8.2,N/A,10.385895183090433,-0.4517054500965379,False
TXN102913,2026-05-31,Standard Chartered,Citi,Tokenised Deposit,Permissioned Ledger,UK,15424.91,Settled,6.7,51.2,1.58,2.44,N/A,9.643803842171208,-1.0226633276829038,False
TXN102914,2026-03-29,JPMorgan,Standard Chartered,Tokenised Bond,Public Blockchain,MEA,120945.87,Pending,,18.7,3.51,42.45,Pending,11.703106637241145,0.5617442625261054,False
TXN102915,2026-02-13,Citi,Deutsche Bank,Tokenised Bond,Public Blockchain,APAC,111813.92,Settled,48.6,30.6,2.99,33.43,N/A,11.624600283393049,0.5013422355807022,False
TXN102916,2026-01-22,Deutsche Bank,Citi,Tokenised Deposit,Permissioned Ledger,MEA,125039.35,Settled,13.4,28.1,3.74,46.76,N/A,11.736391764195728,0.5873535162571095,False
TXN102917,2026-06-20,Standard Chartered,Barclays,Tokenised Bond,Public Blockchain,US,23566.08,Settled,61.3,41.4,1.02,2.4,N/A,10.067606101959496,-0.6965939809293143,False
TXN102918,2026-06-14,HSBC,Standard Chartered,Tokenised Bond,Permissioned Ledger,EU,5669.05,Settled,10.7,66.8,4.06,2.3,N/A,8.642953215025068,-1.7927080894887726,False
TXN102919,2026-07-08,HSBC,BNY Mellon,Tokenised Deposit,Hybrid Network,APAC,113572.14,Settled,16.6,44.5,2.59,29.42,N/A,11.640202313650006,0.5133462862822186,False
TXN102920,2026-04-07,Standard Chartered,BNY Mellon,Regulated Stablecoin,Public Blockchain,UK,22770.88,Settled,65.6,41.0,0.62,1.41,N/A,10.033281720427718,-0.7230028270486791,False
TXN102921,2026-07-03,Citi,Deutsche Bank,Regulated Stablecoin,Hybrid Network,EU,215536.81,Settled,26.9,45.5,1.44,31.04,N/A,12.280891625572156,1.006286426608094,False
TXN102922,2026-01-03,HSBC,BNY Mellon,Tokenised Deposit,Public Blockchain,MEA,34499.51,Settled,54.7,32.8,2.53,8.73,N/A,10.448729385518885,-0.4033614243948748,False
TXN102923,2026-07-10,Deutsche Bank,HSBC,Tokenised Deposit,Hybrid Network,EU,123663.46,Settled,19.3,24.7,2.45,30.3,N/A,11.725327209096495,0.5788405549172421,False
TXN102924,2026-04-28,Citi,BNY Mellon,Regulated Stablecoin,Hybrid Network,MEA,44224.96,Settled,35.7,25.0,1.84,8.14,N/A,10.697067225971585,-0.2122926994403157,False
TXN102925,2026-01-19,Citi,Standard Chartered,Tokenised Deposit,Hybrid Network,UK,228656.06,Settled,27.0,42.1,3.78,86.43,N/A,12.33997860549559,1.0517473756717,False
TXN102926,2026-01-23,Citi,UBS,Tokenised Deposit,Permissioned Ledger,US,57767.25,Settled,5.1,18.6,1.7,9.82,N/A,10.964194595777103,-0.006767492906490821,False
TXN102927,2026-06-06,Standard Chartered,Deutsche Bank,Tokenised Real Estate Fund,Permissioned Ledger,UK,40942.01,Settled,9.8,39.0,4.32,17.69,N/A,10.619936378740304,-0.27163642494054885,False
TXN102928,2026-01-30,Citi,BNY Mellon,Tokenised Bond,Permissioned Ledger,APAC,28582.59,Settled,8.4,27.5,3.49,9.98,N/A,10.260588055911597,-0.5481155379596442,False
TXN102929,2026-02-08,UBS,BNY Mellon,Tokenised Deposit,Permissioned Ledger,US,47911.21,Settled,4.8,48.2,0.78,3.74,N/A,10.777125656970258,-0.15069651939423703,False
TXN102930,2026-04-18,UBS,Deutsche Bank,Tokenised Bond,Permissioned Ledger,US,197303.25,Pending,,45.7,0.58,11.44,Pending,12.192502232579518,0.9382804852347431,False
TXN102931,2026-04-21,BNY Mellon,HSBC,Tokenised Real Estate Fund,Hybrid Network,UK,180278.41,Settled,40.4,19.1,0.62,11.18,N/A,12.102263204112298,0.8688514522732768,False
TXN102932,2026-01-25,Deutsche Bank,UBS,Tokenised Bond,Public Blockchain,US,64702.85,Settled,23.7,30.9,1.53,9.9,N/A,11.077575984128197,0.08046704721164054,False
TXN102933,2026-05-08,Standard Chartered,Barclays,Tokenised Real Estate Fund,Hybrid Network,UK,89752.75,Settled,26.2,41.8,3.41,30.61,N/A,11.404825088207456,0.3322493327665276,False
TXN102934,2026-04-21,Barclays,HSBC,Tokenised Equity,Hybrid Network,UK,18341.23,Settled,17.5,39.7,2.74,5.03,N/A,9.81696133056704,-0.8894376361660002,False
TXN102935,2026-05-16,Barclays,BNY Mellon,Tokenised Bond,Public Blockchain,US,171404.17,Settled,85.0,52.9,0.57,9.77,N/A,12.051785448051472,0.8300143565188497,False
TXN102936,2026-04-16,HSBC,Deutsche Bank,Tokenised Deposit,Hybrid Network,MEA,13688.23,Settled,21.9,49.9,1.43,1.96,N/A,9.524364671266037,-1.1145586669227054,False
TXN102937,2026-07-05,Barclays,HSBC,Tokenised Bond,Public Blockchain,EU,23537.39,Settled,67.9,52.6,3.83,9.01,N/A,10.066387984252676,-0.6975311888741946,False
TXN102938,2026-05-24,UBS,JPMorgan,Tokenised Deposit,Permissioned Ledger,UK,21052.25,Settled,5.7,44.3,2.47,5.2,N/A,9.954810221492242,-0.7833780369624911,False
TXN102939,2026-03-13,Citi,Barclays,Tokenised Equity,Public Blockchain,UK,7440.75,Settled,62.4,40.4,4.03,3.0,N/A,8.914861315222177,-1.5835046353765374,False
TXN102940,2026-05-09,BNY Mellon,Deutsche Bank,Regulated Stablecoin,Public Blockchain,APAC,5488.88,Settled,88.1,38.4,4.03,2.21,N/A,8.610661676341191,-1.817552886044553,False
TXN102941,2026-04-18,HSBC,Barclays,Tokenised Real Estate Fund,Permissioned Ledger,MEA,372386.44,Settled,4.7,25.1,3.75,139.64,N/A,12.827690096641195,1.426987864954388,False
TXN102942,2026-01-05,Barclays,UBS,Tokenised Real Estate Fund,Public Blockchain,APAC,30952.05,Settled,29.0,31.8,2.9,8.98,N/A,10.340226819299403,-0.48684224610155535,False
TXN102943,2026-01-03,Citi,JPMorgan,Tokenised Bond,Permissioned Ledger,APAC,41069.46,Settled,8.2,26.6,1.61,6.61,N/A,10.62304440727746,-0.269245137939606,False
TXN102944,2026-07-12,HSBC,Deutsche Bank,Tokenised Real Estate Fund,Permissioned Ledger,MEA,90677.63,Settled,8.6,19.5,1.38,12.51,N/A,11.415076996434996,0.34013705148799345,False
TXN102945,2026-05-12,Citi,BNY Mellon,Regulated Stablecoin,Permissioned Ledger,US,106924.05,Settled,6.1,34.4,3.32,35.5,N/A,11.57988340071249,0.4669374999103671,False
TXN102946,2026-04-14,UBS,JPMorgan,Tokenised Bond,Permissioned Ledger,MEA,64037.25,Settled,11.2,41.4,1.33,8.52,N/A,11.06723584006644,0.07251144069543286,False
TXN102947,2026-03-05,BNY Mellon,Standard Chartered,Tokenised Bond,Public Blockchain,US,28739.6,Settled,69.2,47.9,1.83,5.26,N/A,10.26606603624182,-0.5439008330434949,False
TXN102948,2026-04-16,BNY Mellon,Barclays,Tokenised Bond,Hybrid Network,EU,104828.26,Settled,18.2,42.2,1.71,17.93,N/A,11.56008821037372,0.451707272525903,False
TXN102949,2026-04-08,Standard Chartered,BNY Mellon,Tokenised Bond,Hybrid Network,UK,101442.55,Settled,17.4,38.2,4.22,42.81,N/A,11.527257765115488,0.42644784648053674,False
TXN102950,2026-01-10,UBS,Citi,Tokenised Bond,Public Blockchain,MEA,44603.4,Settled,38.5,29.7,1.45,6.47,N/A,10.70558778785062,-0.20573706180105844,False
TXN102951,2026-05-29,JPMorgan,Citi,Tokenised Deposit,Hybrid Network,UK,81402.73,Settled,15.4,4.5,1.64,13.35,N/A,11.307176374036608,0.2571193595169223,False
TXN102952,2026-05-08,Citi,Standard Chartered,Tokenised Deposit,Permissioned Ledger,UK,29183.78,Settled,6.8,42.6,3.08,8.99,N/A,10.281402619490583,-0.5321010146945927,False
TXN102953,2026-02-15,Deutsche Bank,JPMorgan,Tokenised Equity,Public Blockchain,EU,80193.34,Settled,56.5,31.0,2.12,17.0,N/A,11.29220821779809,0.24560300533505083,False
TXN102954,2026-06-04,Deutsche Bank,Standard Chartered,Tokenised Real Estate Fund,Permissioned Ledger,US,64661.78,Settled,12.1,38.1,4.01,25.93,N/A,11.076941044478309,0.07997853080549755,False
TXN102955,2026-03-07,JPMorgan,BNY Mellon,Tokenised Deposit,Public Blockchain,US,22156.36,Settled,45.2,35.3,2.5,5.54,N/A,10.005925000190246,-0.7440508221717099,False
TXN102956,2026-06-18,BNY Mellon,Barclays,Tokenised Deposit,Permissioned Ledger,MEA,104880.03,Settled,8.4,42.7,4.25,44.57,N/A,11.56058193913688,0.4520871426458902,False
TXN102957,2026-04-22,Standard Chartered,Barclays,Tokenised Real Estate Fund,Hybrid Network,MEA,56715.46,Settled,32.6,29.7,1.6,9.07,N/A,10.945819747410637,-0.02090492295828679,False
TXN102958,2026-01-13,Barclays,Standard Chartered,Regulated Stablecoin,Permissioned Ledger,UK,81221.97,Settled,9.8,48.1,2.45,19.9,N/A,11.304953367919664,0.2554090001791894,False
TXN102959,2026-05-17,Citi,HSBC,Tokenised Deposit,Hybrid Network,APAC,25771.37,Settled,10.3,30.3,4.32,11.13,N/A,10.157058266821627,-0.6277703531910855,False
TXN102960,2026-06-13,Standard Chartered,UBS,Regulated Stablecoin,Public Blockchain,MEA,106466.69,Settled,46.0,35.8,3.69,39.29,N/A,11.57559683782082,0.4636394600117522,False
TXN102961,2026-03-27,JPMorgan,Standard Chartered,Regulated Stablecoin,Permissioned Ledger,MEA,27800.08,Settled,12.4,45.3,1.85,5.14,N/A,10.232830147844991,-0.5694722031058987,False
TXN102962,2026-03-31,UBS,Citi,Tokenised Deposit,Permissioned Ledger,US,16380.24,Settled,2.4,42.2,2.25,3.69,N/A,9.703892056617505,-0.9764320384918516,False
TXN102963,2026-02-27,Barclays,Citi,Regulated Stablecoin,Public Blockchain,UK,50745.22,Settled,39.4,31.9,0.68,3.45,N/A,10.834592411371435,-0.10648215612726987,False
TXN102964,2026-02-23,Standard Chartered,Barclays,Tokenised Deposit,Hybrid Network,EU,19577.09,Settled,36.8,47.7,4.02,7.87,N/A,9.882166362807439,-0.8392695170099228,False
TXN102965,2026-01-12,BNY Mellon,Deutsche Bank,Regulated Stablecoin,Public Blockchain,UK,60870.64,Settled,52.4,48.7,3.83,23.31,N/A,11.016522663789718,0.03349321491105241,False
TXN102966,2026-01-14,Barclays,HSBC,Regulated Stablecoin,Public Blockchain,US,71820.96,Settled,53.4,24.0,1.46,10.49,N/A,11.18194555785604,0.1607679845954778,False
TXN102967,2026-05-01,HSBC,Deutsche Bank,Tokenised Bond,Hybrid Network,UK,870560.6,Settled,34.8,37.6,3.04,264.65,N/A,13.676893799615508,2.0803569546517595,False
TXN102968,2026-06-11,UBS,JPMorgan,Regulated Stablecoin,Hybrid Network,APAC,233433.34,Settled,22.6,25.0,0.65,15.17,N/A,12.360656117403728,1.0676564527109405,False
TXN102969,2026-06-30,Barclays,Citi,Tokenised Deposit,Permissioned Ledger,US,96315.14,Settled,10.5,13.8,0.67,6.45,N/A,11.475391184988803,0.38654220296485725,False
TXN102970,2026-05-01,Standard Chartered,UBS,Regulated Stablecoin,Public Blockchain,US,70344.45,Settled,83.7,22.3,3.45,24.27,N/A,11.161173383833997,0.14478607544425548,False
TXN102971,2026-01-20,JPMorgan,Deutsche Bank,Tokenised Equity,Public Blockchain,UK,126186.19,Settled,42.7,37.3,3.14,39.62,N/A,11.745521718390462,0.5943780144314565,False
TXN102972,2026-03-16,Standard Chartered,HSBC,Regulated Stablecoin,Public Blockchain,US,18420.87,Settled,67.5,31.0,1.84,3.39,N/A,9.821293824743345,-0.8861042571826337,False
TXN102973,2026-05-24,Standard Chartered,JPMorgan,Tokenised Equity,Public Blockchain,EU,74473.76,Settled,64.3,36.5,1.77,13.18,N/A,11.218215555018386,0.1886737685037297,False
TXN102974,2026-03-11,HSBC,Deutsche Bank,Tokenised Deposit,Public Blockchain,EU,39208.25,Settled,45.9,41.8,1.18,4.63,N/A,10.576667967329913,-0.30492672086936196,False
TXN102975,2026-02-25,JPMorgan,UBS,Tokenised Equity,Public Blockchain,US,232063.61,Pending,,35.0,3.58,83.08,Pending,12.354771103256232,1.0631285799250132,False
TXN102976,2026-04-11,Barclays,BNY Mellon,Regulated Stablecoin,Hybrid Network,UK,312311.01,Settled,36.6,48.4,4.41,137.73,N/A,12.651757999143966,1.291627416115423,False
TXN102977,2026-07-05,Standard Chartered,HSBC,Tokenised Deposit,Public Blockchain,EU,35470.26,Settled,34.1,31.7,3.51,12.45,N/A,10.476478070113906,-0.38201185569816715,False
TXN102978,2026-05-12,JPMorgan,UBS,Tokenised Equity,Permissioned Ledger,MEA,24887.06,Settled,7.6,47.1,1.68,4.18,N/A,10.122143449374953,-0.6546334749746863,False
TXN102979,2026-04-21,Standard Chartered,Deutsche Bank,Tokenised Deposit,Permissioned Ledger,MEA,10266.9,Settled,7.1,41.4,1.56,1.6,N/A,9.236777802948671,-1.3358252131039328,False
TXN102980,2026-05-05,HSBC,Standard Chartered,Tokenised Deposit,Hybrid Network,APAC,16063.29,Settled,19.6,31.0,0.67,1.08,N/A,9.684354075117351,-0.9914643718914454,False
TXN102981,2026-05-12,HSBC,UBS,Tokenised Bond,Public Blockchain,UK,18268.47,Settled,40.3,36.3,2.65,4.84,N/A,9.812986639646404,-0.8924957247960291,False
TXN102982,2026-01-20,UBS,Deutsche Bank,Tokenised Equity,Permissioned Ledger,US,29570.91,Settled,10.2,40.7,2.76,8.16,N/A,10.29458020325291,-0.5219623096029329,False
TXN102983,2026-05-18,Standard Chartered,Citi,Tokenised Deposit,Public Blockchain,UK,8124.08,Settled,74.3,16.6,3.57,2.9,N/A,9.002710853303311,-1.515914053134174,False
TXN102984,2026-01-24,UBS,BNY Mellon,Tokenised Real Estate Fund,Hybrid Network,APAC,5000.35,Settled,17.0,41.7,4.32,2.16,N/A,8.517463154972797,-1.8892589241298003,False
TXN102985,2026-06-03,UBS,JPMorgan,Tokenised Bond,Hybrid Network,US,10768.2,Settled,38.4,46.6,2.9,3.12,N/A,9.284445486982966,-1.2991501595020867,False
TXN102986,2026-02-06,JPMorgan,HSBC,Tokenised Deposit,Permissioned Ledger,UK,31580.0,Settled,8.1,23.6,2.73,8.62,N/A,10.360310952919434,-0.47138970855995077,False
TXN102987,2026-02-23,Standard Chartered,HSBC,Regulated Stablecoin,Public Blockchain,UK,10872.56,Settled,60.3,34.6,1.96,2.13,N/A,9.294089433396302,-1.29173020070174,False
TXN102988,2026-04-13,JPMorgan,Barclays,Tokenised Deposit,Permissioned Ledger,EU,633746.1,Settled,6.2,48.7,2.02,128.02,N/A,13.359405257940177,1.836084351108918,False
TXN102989,2026-05-29,Standard Chartered,UBS,Tokenised Deposit,Public Blockchain,EU,94967.71,Settled,72.5,34.3,1.5,14.25,N/A,11.461302747907933,0.3757026961674342,False
TXN102990,2026-02-07,Citi,HSBC,Tokenised Bond,Permissioned Ledger,APAC,1040641.81,Settled,8.1,27.4,1.13,117.59,N/A,13.855349166719206,2.217658782644001,False
TXN102991,2026-06-23,UBS,HSBC,Tokenised Real Estate Fund,Permissioned Ledger,EU,69545.96,Settled,10.8,42.7,3.46,24.06,N/A,11.149757486834831,0.1360027950554632,False
TXN102992,2026-01-04,Citi,BNY Mellon,Tokenised Real Estate Fund,Hybrid Network,UK,67729.62,Settled,34.1,51.7,3.7,25.06,N/A,11.123293646160851,0.1156417728054489,False
TXN102993,2026-07-07,Barclays,Standard Chartered,Tokenised Deposit,Permissioned Ledger,APAC,38772.81,Settled,10.3,23.7,4.15,16.09,N/A,10.565500297696298,-0.3135190175315169,False
TXN102994,2026-02-26,BNY Mellon,JPMorgan,Tokenised Deposit,Public Blockchain,EU,141565.32,Settled,79.9,47.5,3.67,51.95,N/A,11.860523578842875,0.6828593300617652,False
TXN102995,2026-06-22,Citi,BNY Mellon,Tokenised Equity,Permissioned Ledger,EU,62850.45,Settled,11.9,51.9,0.79,4.97,N/A,11.048529284555768,0.05811879838526287,False
TXN102996,2026-01-20,Deutsche Bank,BNY Mellon,Tokenised Deposit,Public Blockchain,MEA,47720.02,Settled,68.2,37.3,0.86,4.1,N/A,10.773127250669084,-0.15377285440795382,False
TXN102997,2026-01-17,HSBC,UBS,Regulated Stablecoin,Hybrid Network,APAC,390954.71,Settled,31.5,29.9,3.95,154.43,N/A,12.876349558894269,1.464425983095067,False
TXN102998,2026-04-29,Barclays,Standard Chartered,Tokenised Bond,Permissioned Ledger,APAC,303560.34,Settled,1.0,21.3,0.77,23.37,N/A,12.623338977791938,1.2697620968217955,False
TXN102999,2026-03-12,UBS,JPMorgan,Tokenised Deposit,Permissioned Ledger,UK,63534.56,Settled,4.4,23.1,4.45,28.27,N/A,11.059355028139297,0.06644802046200855,False
